ags,window_id,dimension,metric,value
10041100,car,30,mean_reachable_population_car,580728.0000
10041100,car,45,mean_reachable_population_car,991340.0000
10041100,car,60,mean_reachable_population_car,1244235.0000
10041100,car,gp,median_car_minutes,3.0000
10041100,car,gp_strict,median_car_minutes,3.0000
10041100,car,hospital,median_car_minutes,10.0000
10041100,car,pharmacy,median_car_minutes,3.0000
10041100,car,primary_school,median_car_minutes,4.0000
10041100,car,rail_station,median_car_minutes,7.0000
10041100,car,secondary_school,median_car_minutes,5.0000
10041100,car,supermarket,median_car_minutes,3.0000
10041100,su_am,30,mean_reachable_population_pt,31189.0000
10041100,su_am,45,mean_reachable_population_pt,81124.0000
10041100,su_am,60,mean_reachable_population_pt,159984.0000
10041100,su_am,gp,median_pt_car_ratio,2.7500
10041100,su_am,gp,median_pt_minutes,7.0000
10041100,su_am,gp,share_within_30,0.9754
10041100,su_am,gp,share_within_60,0.9998
10041100,su_am,gp_strict,median_pt_car_ratio,3.0000
10041100,su_am,gp_strict,median_pt_minutes,9.0000
10041100,su_am,gp_strict,share_within_30,0.8979
10041100,su_am,gp_strict,share_within_60,0.9996
10041100,su_am,hospital,median_pt_car_ratio,3.4440
10041100,su_am,hospital,median_pt_minutes,35.0000
10041100,su_am,hospital,share_within_30,0.3986
10041100,su_am,hospital,share_within_60,0.9627
10041100,su_am,pharmacy,median_pt_car_ratio,2.7500
10041100,su_am,pharmacy,median_pt_minutes,8.0000
10041100,su_am,pharmacy,share_within_30,0.9985
10041100,su_am,pharmacy,share_within_60,0.9998
10041100,su_am,primary_school,median_pt_car_ratio,2.6670
10041100,su_am,primary_school,median_pt_minutes,10.0000
10041100,su_am,primary_school,share_within_30,0.9649
10041100,su_am,primary_school,share_within_60,0.9998
10041100,su_am,rail_station,median_pt_car_ratio,3.2220
10041100,su_am,rail_station,median_pt_minutes,21.0000
10041100,su_am,rail_station,share_within_30,0.7787
10041100,su_am,rail_station,share_within_60,0.9977
10041100,su_am,secondary_school,median_pt_car_ratio,3.1430
10041100,su_am,secondary_school,median_pt_minutes,16.0000
10041100,su_am,secondary_school,share_within_30,0.8740
10041100,su_am,secondary_school,share_within_60,0.9998
10041100,su_am,supermarket,median_pt_car_ratio,2.4000
10041100,su_am,supermarket,median_pt_minutes,7.0000
10041100,su_am,supermarket,share_within_30,0.9625
10041100,su_am,supermarket,share_within_60,0.9997
10041100,wd_am,30,mean_reachable_population_pt,39457.0000
10041100,wd_am,45,mean_reachable_population_pt,105529.0000
10041100,wd_am,60,mean_reachable_population_pt,216538.0000
10041100,wd_am,gp,median_pt_car_ratio,2.6670
10041100,wd_am,gp,median_pt_minutes,7.0000
10041100,wd_am,gp,share_within_30,0.9824
10041100,wd_am,gp,share_within_60,0.9998
10041100,wd_am,gp_strict,median_pt_car_ratio,3.0000
10041100,wd_am,gp_strict,median_pt_minutes,9.0000
10041100,wd_am,gp_strict,share_within_30,0.9334
10041100,wd_am,gp_strict,share_within_60,0.9998
10041100,wd_am,hospital,median_pt_car_ratio,3.2500
10041100,wd_am,hospital,median_pt_minutes,33.0000
10041100,wd_am,hospital,share_within_30,0.4554
10041100,wd_am,hospital,share_within_60,0.9963
10041100,wd_am,pharmacy,median_pt_car_ratio,2.7500
10041100,wd_am,pharmacy,median_pt_minutes,8.0000
10041100,wd_am,pharmacy,share_within_30,0.9995
10041100,wd_am,pharmacy,share_within_60,0.9998
10041100,wd_am,primary_school,median_pt_car_ratio,2.6670
10041100,wd_am,primary_school,median_pt_minutes,10.0000
10041100,wd_am,primary_school,share_within_30,0.9811
10041100,wd_am,primary_school,share_within_60,0.9998
10041100,wd_am,rail_station,median_pt_car_ratio,3.0000
10041100,wd_am,rail_station,median_pt_minutes,20.0000
10041100,wd_am,rail_station,share_within_30,0.8215
10041100,wd_am,rail_station,share_within_60,0.9998
10041100,wd_am,secondary_school,median_pt_car_ratio,3.0000
10041100,wd_am,secondary_school,median_pt_minutes,16.0000
10041100,wd_am,secondary_school,share_within_30,0.9352
10041100,wd_am,secondary_school,share_within_60,0.9998
10041100,wd_am,supermarket,median_pt_car_ratio,2.4000
10041100,wd_am,supermarket,median_pt_minutes,7.0000
10041100,wd_am,supermarket,share_within_30,0.9805
10041100,wd_am,supermarket,share_within_60,0.9998
10041100,wd_pm,30,mean_reachable_population_pt,32550.0000
10041100,wd_pm,45,mean_reachable_population_pt,85637.0000
10041100,wd_pm,60,mean_reachable_population_pt,179695.0000
10041100,wd_pm,gp,median_pt_car_ratio,2.7500
10041100,wd_pm,gp,median_pt_minutes,7.0000
10041100,wd_pm,gp,share_within_30,0.9758
10041100,wd_pm,gp,share_within_60,0.9998
10041100,wd_pm,gp_strict,median_pt_car_ratio,3.0000
10041100,wd_pm,gp_strict,median_pt_minutes,9.0000
10041100,wd_pm,gp_strict,share_within_30,0.9058
10041100,wd_pm,gp_strict,share_within_60,0.9997
10041100,wd_pm,hospital,median_pt_car_ratio,3.5000
10041100,wd_pm,hospital,median_pt_minutes,34.0000
10041100,wd_pm,hospital,share_within_30,0.4048
10041100,wd_pm,hospital,share_within_60,0.9731
10041100,wd_pm,pharmacy,median_pt_car_ratio,2.7500
10041100,wd_pm,pharmacy,median_pt_minutes,8.0000
10041100,wd_pm,pharmacy,share_within_30,0.9987
10041100,wd_pm,pharmacy,share_within_60,0.9998
10041100,wd_pm,primary_school,median_pt_car_ratio,2.6670
10041100,wd_pm,primary_school,median_pt_minutes,10.0000
10041100,wd_pm,primary_school,share_within_30,0.9649
10041100,wd_pm,primary_school,share_within_60,0.9998
10041100,wd_pm,rail_station,median_pt_car_ratio,3.1670
10041100,wd_pm,rail_station,median_pt_minutes,21.0000
10041100,wd_pm,rail_station,share_within_30,0.7754
10041100,wd_pm,rail_station,share_within_60,0.9996
10041100,wd_pm,secondary_school,median_pt_car_ratio,3.0000
10041100,wd_pm,secondary_school,median_pt_minutes,16.0000
10041100,wd_pm,secondary_school,share_within_30,0.8656
10041100,wd_pm,secondary_school,share_within_60,0.9998
10041100,wd_pm,supermarket,median_pt_car_ratio,2.4000
10041100,wd_pm,supermarket,median_pt_minutes,7.0000
10041100,wd_pm,supermarket,share_within_30,0.9519
10041100,wd_pm,supermarket,share_within_60,0.9997
10041511,car,30,mean_reachable_population_car,800351.0000
10041511,car,45,mean_reachable_population_car,1195236.0000
10041511,car,60,mean_reachable_population_car,1333160.0000
10041511,car,gp,median_car_minutes,2.0000
10041511,car,gp_strict,median_car_minutes,3.0000
10041511,car,hospital,median_car_minutes,10.0000
10041511,car,pharmacy,median_car_minutes,2.0000
10041511,car,primary_school,median_car_minutes,3.0000
10041511,car,rail_station,median_car_minutes,3.0000
10041511,car,secondary_school,median_car_minutes,4.0000
10041511,car,supermarket,median_car_minutes,3.0000
10041511,su_am,30,mean_reachable_population_pt,10638.0000
10041511,su_am,45,mean_reachable_population_pt,13466.0000
10041511,su_am,60,mean_reachable_population_pt,40419.0000
10041511,su_am,gp,median_pt_car_ratio,3.6670
10041511,su_am,gp,median_pt_minutes,6.0000
10041511,su_am,gp,share_within_30,1.0000
10041511,su_am,gp,share_within_60,1.0000
10041511,su_am,gp_strict,median_pt_car_ratio,4.0000
10041511,su_am,gp_strict,median_pt_minutes,13.0000
10041511,su_am,gp_strict,share_within_30,0.9474
10041511,su_am,gp_strict,share_within_60,0.9937
10041511,su_am,hospital,median_pt_car_ratio,4.2500
10041511,su_am,hospital,median_pt_minutes,45.0000
10041511,su_am,hospital,share_within_30,0.0104
10041511,su_am,hospital,share_within_60,0.9632
10041511,su_am,pharmacy,median_pt_car_ratio,3.0000
10041511,su_am,pharmacy,median_pt_minutes,7.0000
10041511,su_am,pharmacy,share_within_30,1.0000
10041511,su_am,pharmacy,share_within_60,1.0000
10041511,su_am,primary_school,median_pt_car_ratio,3.0000
10041511,su_am,primary_school,median_pt_minutes,7.0000
10041511,su_am,primary_school,share_within_30,1.0000
10041511,su_am,primary_school,share_within_60,1.0000
10041511,su_am,rail_station,median_pt_car_ratio,3.7500
10041511,su_am,rail_station,median_pt_minutes,10.0000
10041511,su_am,rail_station,share_within_30,1.0000
10041511,su_am,rail_station,share_within_60,1.0000
10041511,su_am,secondary_school,median_pt_car_ratio,3.7500
10041511,su_am,secondary_school,median_pt_minutes,16.0000
10041511,su_am,secondary_school,share_within_30,0.9881
10041511,su_am,secondary_school,share_within_60,1.0000
10041511,su_am,supermarket,median_pt_car_ratio,4.5000
10041511,su_am,supermarket,median_pt_minutes,14.0000
10041511,su_am,supermarket,share_within_30,0.9912
10041511,su_am,supermarket,share_within_60,0.9967
10041511,wd_am,30,mean_reachable_population_pt,12982.0000
10041511,wd_am,45,mean_reachable_population_pt,50464.0000
10041511,wd_am,60,mean_reachable_population_pt,172708.0000
10041511,wd_am,gp,median_pt_car_ratio,3.6670
10041511,wd_am,gp,median_pt_minutes,6.0000
10041511,wd_am,gp,share_within_30,1.0000
10041511,wd_am,gp,share_within_60,1.0000
10041511,wd_am,gp_strict,median_pt_car_ratio,4.0000
10041511,wd_am,gp_strict,median_pt_minutes,13.0000
10041511,wd_am,gp_strict,share_within_30,0.9773
10041511,wd_am,gp_strict,share_within_60,1.0000
10041511,wd_am,hospital,median_pt_car_ratio,3.2000
10041511,wd_am,hospital,median_pt_minutes,32.0000
10041511,wd_am,hospital,share_within_30,0.3981
10041511,wd_am,hospital,share_within_60,1.0000
10041511,wd_am,pharmacy,median_pt_car_ratio,3.0000
10041511,wd_am,pharmacy,median_pt_minutes,7.0000
10041511,wd_am,pharmacy,share_within_30,1.0000
10041511,wd_am,pharmacy,share_within_60,1.0000
10041511,wd_am,primary_school,median_pt_car_ratio,3.0000
10041511,wd_am,primary_school,median_pt_minutes,7.0000
10041511,wd_am,primary_school,share_within_30,1.0000
10041511,wd_am,primary_school,share_within_60,1.0000
10041511,wd_am,rail_station,median_pt_car_ratio,3.7500
10041511,wd_am,rail_station,median_pt_minutes,10.0000
10041511,wd_am,rail_station,share_within_30,1.0000
10041511,wd_am,rail_station,share_within_60,1.0000
10041511,wd_am,secondary_school,median_pt_car_ratio,3.7500
10041511,wd_am,secondary_school,median_pt_minutes,16.0000
10041511,wd_am,secondary_school,share_within_30,0.9881
10041511,wd_am,secondary_school,share_within_60,1.0000
10041511,wd_am,supermarket,median_pt_car_ratio,4.5000
10041511,wd_am,supermarket,median_pt_minutes,14.0000
10041511,wd_am,supermarket,share_within_30,0.9912
10041511,wd_am,supermarket,share_within_60,1.0000
10041511,wd_pm,30,mean_reachable_population_pt,11411.0000
10041511,wd_pm,45,mean_reachable_population_pt,35865.0000
10041511,wd_pm,60,mean_reachable_population_pt,131828.0000
10041511,wd_pm,gp,median_pt_car_ratio,3.6670
10041511,wd_pm,gp,median_pt_minutes,6.0000
10041511,wd_pm,gp,share_within_30,1.0000
10041511,wd_pm,gp,share_within_60,1.0000
10041511,wd_pm,gp_strict,median_pt_car_ratio,4.0000
10041511,wd_pm,gp_strict,median_pt_minutes,13.0000
10041511,wd_pm,gp_strict,share_within_30,0.9629
10041511,wd_pm,gp_strict,share_within_60,1.0000
10041511,wd_pm,hospital,median_pt_car_ratio,3.1110
10041511,wd_pm,hospital,median_pt_minutes,32.0000
10041511,wd_pm,hospital,share_within_30,0.3838
10041511,wd_pm,hospital,share_within_60,0.9937
10041511,wd_pm,pharmacy,median_pt_car_ratio,3.0000
10041511,wd_pm,pharmacy,median_pt_minutes,7.0000
10041511,wd_pm,pharmacy,share_within_30,1.0000
10041511,wd_pm,pharmacy,share_within_60,1.0000
10041511,wd_pm,primary_school,median_pt_car_ratio,3.0000
10041511,wd_pm,primary_school,median_pt_minutes,7.0000
10041511,wd_pm,primary_school,share_within_30,1.0000
10041511,wd_pm,primary_school,share_within_60,1.0000
10041511,wd_pm,rail_station,median_pt_car_ratio,3.7500
10041511,wd_pm,rail_station,median_pt_minutes,10.0000
10041511,wd_pm,rail_station,share_within_30,1.0000
10041511,wd_pm,rail_station,share_within_60,1.0000
10041511,wd_pm,secondary_school,median_pt_car_ratio,3.7500
10041511,wd_pm,secondary_school,median_pt_minutes,16.0000
10041511,wd_pm,secondary_school,share_within_30,0.9881
10041511,wd_pm,secondary_school,share_within_60,1.0000
10041511,wd_pm,supermarket,median_pt_car_ratio,4.5000
10041511,wd_pm,supermarket,median_pt_minutes,14.0000
10041511,wd_pm,supermarket,share_within_30,0.9912
10041511,wd_pm,supermarket,share_within_60,1.0000
10041512,car,30,mean_reachable_population_car,269468.0000
10041512,car,45,mean_reachable_population_car,703799.0000
10041512,car,60,mean_reachable_population_car,1061018.0000
10041512,car,gp,median_car_minutes,6.0000
10041512,car,gp_strict,median_car_minutes,16.0000
10041512,car,hospital,median_car_minutes,22.0000
10041512,car,pharmacy,median_car_minutes,10.0000
10041512,car,primary_school,median_car_minutes,4.0000
10041512,car,rail_station,median_car_minutes,15.0000
10041512,car,secondary_school,median_car_minutes,11.0000
10041512,car,supermarket,median_car_minutes,4.0000
10041512,su_am,30,mean_reachable_population_pt,2459.0000
10041512,su_am,45,mean_reachable_population_pt,2500.0000
10041512,su_am,60,mean_reachable_population_pt,2504.0000
10041512,su_am,gp,median_pt_car_ratio,22.4000
10041512,su_am,gp,median_pt_minutes,112.0000
10041512,su_am,gp,share_within_30,0.2730
10041512,su_am,gp,share_within_60,0.2730
10041512,su_am,gp_strict,median_pt_car_ratio,
10041512,su_am,gp_strict,median_pt_minutes,
10041512,su_am,gp_strict,share_within_30,0.0000
10041512,su_am,gp_strict,share_within_60,0.0000
10041512,su_am,hospital,median_pt_car_ratio,
10041512,su_am,hospital,median_pt_minutes,
10041512,su_am,hospital,share_within_30,0.0000
10041512,su_am,hospital,share_within_60,0.0000
10041512,su_am,pharmacy,median_pt_car_ratio,
10041512,su_am,pharmacy,median_pt_minutes,
10041512,su_am,pharmacy,share_within_30,0.0015
10041512,su_am,pharmacy,share_within_60,0.0080
10041512,su_am,primary_school,median_pt_car_ratio,4.0000
10041512,su_am,primary_school,median_pt_minutes,16.0000
10041512,su_am,primary_school,share_within_30,0.6953
10041512,su_am,primary_school,share_within_60,0.6953
10041512,su_am,rail_station,median_pt_car_ratio,
10041512,su_am,rail_station,median_pt_minutes,
10041512,su_am,rail_station,share_within_30,0.0000
10041512,su_am,rail_station,share_within_60,0.0000
10041512,su_am,secondary_school,median_pt_car_ratio,
10041512,su_am,secondary_school,median_pt_minutes,
10041512,su_am,secondary_school,share_within_30,0.0000
10041512,su_am,secondary_school,share_within_60,0.0000
10041512,su_am,supermarket,median_pt_car_ratio,9.6670
10041512,su_am,supermarket,median_pt_minutes,29.0000
10041512,su_am,supermarket,share_within_30,0.5055
10041512,su_am,supermarket,share_within_60,0.5055
10041512,wd_am,30,mean_reachable_population_pt,2466.0000
10041512,wd_am,45,mean_reachable_population_pt,4178.0000
10041512,wd_am,60,mean_reachable_population_pt,12975.0000
10041512,wd_am,gp,median_pt_car_ratio,6.4440
10041512,wd_am,gp,median_pt_minutes,40.0000
10041512,wd_am,gp,share_within_30,0.2730
10041512,wd_am,gp,share_within_60,0.8918
10041512,wd_am,gp_strict,median_pt_car_ratio,3.9380
10041512,wd_am,gp_strict,median_pt_minutes,66.0000
10041512,wd_am,gp_strict,share_within_30,0.0000
10041512,wd_am,gp_strict,share_within_60,0.3016
10041512,wd_am,hospital,median_pt_car_ratio,3.6320
10041512,wd_am,hospital,median_pt_minutes,82.0000
10041512,wd_am,hospital,share_within_30,0.0000
10041512,wd_am,hospital,share_within_60,0.0000
10041512,wd_am,pharmacy,median_pt_car_ratio,5.2500
10041512,wd_am,pharmacy,median_pt_minutes,58.0000
10041512,wd_am,pharmacy,share_within_30,0.0015
10041512,wd_am,pharmacy,share_within_60,0.5362
10041512,wd_am,primary_school,median_pt_car_ratio,4.0000
10041512,wd_am,primary_school,median_pt_minutes,16.0000
10041512,wd_am,primary_school,share_within_30,0.6953
10041512,wd_am,primary_school,share_within_60,0.9542
10041512,wd_am,rail_station,median_pt_car_ratio,3.9330
10041512,wd_am,rail_station,median_pt_minutes,64.0000
10041512,wd_am,rail_station,share_within_30,0.0000
10041512,wd_am,rail_station,share_within_60,0.3479
10041512,wd_am,secondary_school,median_pt_car_ratio,4.6920
10041512,wd_am,secondary_school,median_pt_minutes,53.0000
10041512,wd_am,secondary_school,share_within_30,0.0000
10041512,wd_am,secondary_school,share_within_60,0.6791
10041512,wd_am,supermarket,median_pt_car_ratio,6.5000
10041512,wd_am,supermarket,median_pt_minutes,29.0000
10041512,wd_am,supermarket,share_within_30,0.5055
10041512,wd_am,supermarket,share_within_60,1.0000
10041512,wd_pm,30,mean_reachable_population_pt,2459.0000
10041512,wd_pm,45,mean_reachable_population_pt,2701.0000
10041512,wd_pm,60,mean_reachable_population_pt,8688.0000
10041512,wd_pm,gp,median_pt_car_ratio,8.0000
10041512,wd_pm,gp,median_pt_minutes,48.0000
10041512,wd_pm,gp,share_within_30,0.2730
10041512,wd_pm,gp,share_within_60,0.6657
10041512,wd_pm,gp_strict,median_pt_car_ratio,4.5000
10041512,wd_pm,gp_strict,median_pt_minutes,75.0000
10041512,wd_pm,gp_strict,share_within_30,0.0000
10041512,wd_pm,gp_strict,share_within_60,0.0879
10041512,wd_pm,hospital,median_pt_car_ratio,4.0000
10041512,wd_pm,hospital,median_pt_minutes,91.0000
10041512,wd_pm,hospital,share_within_30,0.0000
10041512,wd_pm,hospital,share_within_60,0.0000
10041512,wd_pm,pharmacy,median_pt_car_ratio,5.8890
10041512,wd_pm,pharmacy,median_pt_minutes,65.0000
10041512,wd_pm,pharmacy,share_within_30,0.0015
10041512,wd_pm,pharmacy,share_within_60,0.3689
10041512,wd_pm,primary_school,median_pt_car_ratio,4.0000
10041512,wd_pm,primary_school,median_pt_minutes,16.0000
10041512,wd_pm,primary_school,share_within_30,0.6953
10041512,wd_pm,primary_school,share_within_60,0.9451
10041512,wd_pm,rail_station,median_pt_car_ratio,4.6920
10041512,wd_pm,rail_station,median_pt_minutes,73.0000
10041512,wd_pm,rail_station,share_within_30,0.0000
10041512,wd_pm,rail_station,share_within_60,0.1379
10041512,wd_pm,secondary_school,median_pt_car_ratio,5.3640
10041512,wd_pm,secondary_school,median_pt_minutes,60.0000
10041512,wd_pm,secondary_school,share_within_30,0.0000
10041512,wd_pm,secondary_school,share_within_60,0.5339
10041512,wd_pm,supermarket,median_pt_car_ratio,6.3750
10041512,wd_pm,supermarket,median_pt_minutes,29.0000
10041512,wd_pm,supermarket,share_within_30,0.5055
10041512,wd_pm,supermarket,share_within_60,1.0000
10041513,car,30,mean_reachable_population_car,677705.0000
10041513,car,45,mean_reachable_population_car,1133761.0000
10041513,car,60,mean_reachable_population_car,1342926.0000
10041513,car,gp,median_car_minutes,3.0000
10041513,car,gp_strict,median_car_minutes,4.0000
10041513,car,hospital,median_car_minutes,17.0000
10041513,car,pharmacy,median_car_minutes,4.0000
10041513,car,primary_school,median_car_minutes,4.0000
10041513,car,rail_station,median_car_minutes,12.0000
10041513,car,secondary_school,median_car_minutes,11.0000
10041513,car,supermarket,median_car_minutes,4.0000
10041513,su_am,30,mean_reachable_population_pt,5479.0000
10041513,su_am,45,mean_reachable_population_pt,8777.0000
10041513,su_am,60,mean_reachable_population_pt,20798.0000
10041513,su_am,gp,median_pt_car_ratio,4.5000
10041513,su_am,gp,median_pt_minutes,13.0000
10041513,su_am,gp,share_within_30,0.8025
10041513,su_am,gp,share_within_60,0.9114
10041513,su_am,gp_strict,median_pt_car_ratio,5.0000
10041513,su_am,gp_strict,median_pt_minutes,15.0000
10041513,su_am,gp_strict,share_within_30,0.7974
10041513,su_am,gp_strict,share_within_60,0.9058
10041513,su_am,hospital,median_pt_car_ratio,5.0630
10041513,su_am,hospital,median_pt_minutes,87.0000
10041513,su_am,hospital,share_within_30,0.0000
10041513,su_am,hospital,share_within_60,0.0857
10041513,su_am,pharmacy,median_pt_car_ratio,6.0000
10041513,su_am,pharmacy,median_pt_minutes,16.0000
10041513,su_am,pharmacy,share_within_30,0.7387
10041513,su_am,pharmacy,share_within_60,0.8470
10041513,su_am,primary_school,median_pt_car_ratio,3.6670
10041513,su_am,primary_school,median_pt_minutes,13.0000
10041513,su_am,primary_school,share_within_30,0.8622
10041513,su_am,primary_school,share_within_60,0.8636
10041513,su_am,rail_station,median_pt_car_ratio,4.6670
10041513,su_am,rail_station,median_pt_minutes,65.0000
10041513,su_am,rail_station,share_within_30,0.0000
10041513,su_am,rail_station,share_within_60,0.4223
10041513,su_am,secondary_school,median_pt_car_ratio,5.3850
10041513,su_am,secondary_school,median_pt_minutes,64.0000
10041513,su_am,secondary_school,share_within_30,0.0009
10041513,su_am,secondary_school,share_within_60,0.4668
10041513,su_am,supermarket,median_pt_car_ratio,5.2000
10041513,su_am,supermarket,median_pt_minutes,15.0000
10041513,su_am,supermarket,share_within_30,0.7940
10041513,su_am,supermarket,share_within_60,0.8603
10041513,wd_am,30,mean_reachable_population_pt,5990.0000
10041513,wd_am,45,mean_reachable_population_pt,18603.0000
10041513,wd_am,60,mean_reachable_population_pt,50435.0000
10041513,wd_am,gp,median_pt_car_ratio,4.5000
10041513,wd_am,gp,median_pt_minutes,13.0000
10041513,wd_am,gp,share_within_30,0.8621
10041513,wd_am,gp,share_within_60,1.0000
10041513,wd_am,gp_strict,median_pt_car_ratio,4.8330
10041513,wd_am,gp_strict,median_pt_minutes,15.0000
10041513,wd_am,gp_strict,share_within_30,0.8489
10041513,wd_am,gp_strict,share_within_60,1.0000
10041513,wd_am,hospital,median_pt_car_ratio,4.0000
10041513,wd_am,hospital,median_pt_minutes,71.0000
10041513,wd_am,hospital,share_within_30,0.0000
10041513,wd_am,hospital,share_within_60,0.2261
10041513,wd_am,pharmacy,median_pt_car_ratio,5.0000
10041513,wd_am,pharmacy,median_pt_minutes,16.0000
10041513,wd_am,pharmacy,share_within_30,0.8313
10041513,wd_am,pharmacy,share_within_60,1.0000
10041513,wd_am,primary_school,median_pt_car_ratio,3.6670
10041513,wd_am,primary_school,median_pt_minutes,13.0000
10041513,wd_am,primary_school,share_within_30,0.8790
10041513,wd_am,primary_school,share_within_60,1.0000
10041513,wd_am,rail_station,median_pt_car_ratio,4.0000
10041513,wd_am,rail_station,median_pt_minutes,52.0000
10041513,wd_am,rail_station,share_within_30,0.0000
10041513,wd_am,rail_station,share_within_60,0.8297
10041513,wd_am,secondary_school,median_pt_car_ratio,4.4000
10041513,wd_am,secondary_school,median_pt_minutes,47.0000
10041513,wd_am,secondary_school,share_within_30,0.0303
10041513,wd_am,secondary_school,share_within_60,0.9246
10041513,wd_am,supermarket,median_pt_car_ratio,5.0000
10041513,wd_am,supermarket,median_pt_minutes,15.0000
10041513,wd_am,supermarket,share_within_30,0.8109
10041513,wd_am,supermarket,share_within_60,1.0000
10041513,wd_pm,30,mean_reachable_population_pt,5592.0000
10041513,wd_pm,45,mean_reachable_population_pt,12218.0000
10041513,wd_pm,60,mean_reachable_population_pt,27606.0000
10041513,wd_pm,gp,median_pt_car_ratio,4.5000
10041513,wd_pm,gp,median_pt_minutes,13.0000
10041513,wd_pm,gp,share_within_30,0.8025
10041513,wd_pm,gp,share_within_60,0.9271
10041513,wd_pm,gp_strict,median_pt_car_ratio,5.0000
10041513,wd_pm,gp_strict,median_pt_minutes,15.0000
10041513,wd_pm,gp_strict,share_within_30,0.7974
10041513,wd_pm,gp_strict,share_within_60,0.9257
10041513,wd_pm,hospital,median_pt_car_ratio,4.5000
10041513,wd_pm,hospital,median_pt_minutes,77.0000
10041513,wd_pm,hospital,share_within_30,0.0000
10041513,wd_pm,hospital,share_within_60,0.0303
10041513,wd_pm,pharmacy,median_pt_car_ratio,5.5000
10041513,wd_pm,pharmacy,median_pt_minutes,16.0000
10041513,wd_pm,pharmacy,share_within_30,0.7387
10041513,wd_pm,pharmacy,share_within_60,0.9247
10041513,wd_pm,primary_school,median_pt_car_ratio,3.6670
10041513,wd_pm,primary_school,median_pt_minutes,13.0000
10041513,wd_pm,primary_school,share_within_30,0.8622
10041513,wd_pm,primary_school,share_within_60,0.9286
10041513,wd_pm,rail_station,median_pt_car_ratio,4.0910
10041513,wd_pm,rail_station,median_pt_minutes,59.0000
10041513,wd_pm,rail_station,share_within_30,0.0000
10041513,wd_pm,rail_station,share_within_60,0.5229
10041513,wd_pm,secondary_school,median_pt_car_ratio,5.5000
10041513,wd_pm,secondary_school,median_pt_minutes,55.0000
10041513,wd_pm,secondary_school,share_within_30,0.0000
10041513,wd_pm,secondary_school,share_within_60,0.5574
10041513,wd_pm,supermarket,median_pt_car_ratio,5.2000
10041513,wd_pm,supermarket,median_pt_minutes,15.0000
10041513,wd_pm,supermarket,share_within_30,0.7940
10041513,wd_pm,supermarket,share_within_60,0.9457
10041514,car,30,mean_reachable_population_car,309872.0000
10041514,car,45,mean_reachable_population_car,814586.0000
10041514,car,60,mean_reachable_population_car,1159485.0000
10041514,car,gp,median_car_minutes,3.0000
10041514,car,gp_strict,median_car_minutes,3.0000
10041514,car,hospital,median_car_minutes,16.0000
10041514,car,pharmacy,median_car_minutes,2.0000
10041514,car,primary_school,median_car_minutes,7.0000
10041514,car,rail_station,median_car_minutes,18.0000
10041514,car,secondary_school,median_car_minutes,8.0000
10041514,car,supermarket,median_car_minutes,2.0000
10041514,su_am,30,mean_reachable_population_pt,3574.0000
10041514,su_am,45,mean_reachable_population_pt,11153.0000
10041514,su_am,60,mean_reachable_population_pt,45183.0000
10041514,su_am,gp,median_pt_car_ratio,4.6670
10041514,su_am,gp,median_pt_minutes,12.0000
10041514,su_am,gp,share_within_30,0.8112
10041514,su_am,gp,share_within_60,1.0000
10041514,su_am,gp_strict,median_pt_car_ratio,4.6670
10041514,su_am,gp_strict,median_pt_minutes,12.0000
10041514,su_am,gp_strict,share_within_30,0.8112
10041514,su_am,gp_strict,share_within_60,1.0000
10041514,su_am,hospital,median_pt_car_ratio,3.9520
10041514,su_am,hospital,median_pt_minutes,69.0000
10041514,su_am,hospital,share_within_30,0.0000
10041514,su_am,hospital,share_within_60,0.4465
10041514,su_am,pharmacy,median_pt_car_ratio,4.0000
10041514,su_am,pharmacy,median_pt_minutes,9.0000
10041514,su_am,pharmacy,share_within_30,0.8499
10041514,su_am,pharmacy,share_within_60,1.0000
10041514,su_am,primary_school,median_pt_car_ratio,4.8000
10041514,su_am,primary_school,median_pt_minutes,29.0000
10041514,su_am,primary_school,share_within_30,0.5420
10041514,su_am,primary_school,share_within_60,0.9995
10041514,su_am,rail_station,median_pt_car_ratio,3.2000
10041514,su_am,rail_station,median_pt_minutes,61.0000
10041514,su_am,rail_station,share_within_30,0.0000
10041514,su_am,rail_station,share_within_60,0.4924
10041514,su_am,secondary_school,median_pt_car_ratio,5.1250
10041514,su_am,secondary_school,median_pt_minutes,45.0000
10041514,su_am,secondary_school,share_within_30,0.2882
10041514,su_am,secondary_school,share_within_60,0.9274
10041514,su_am,supermarket,median_pt_car_ratio,3.5000
10041514,su_am,supermarket,median_pt_minutes,8.0000
10041514,su_am,supermarket,share_within_30,0.9986
10041514,su_am,supermarket,share_within_60,1.0000
10041514,wd_am,30,mean_reachable_population_pt,5916.0000
10041514,wd_am,45,mean_reachable_population_pt,24157.0000
10041514,wd_am,60,mean_reachable_population_pt,74963.0000
10041514,wd_am,gp,median_pt_car_ratio,4.5000
10041514,wd_am,gp,median_pt_minutes,12.0000
10041514,wd_am,gp,share_within_30,0.9041
10041514,wd_am,gp,share_within_60,1.0000
10041514,wd_am,gp_strict,median_pt_car_ratio,4.5000
10041514,wd_am,gp_strict,median_pt_minutes,12.0000
10041514,wd_am,gp_strict,share_within_30,0.9041
10041514,wd_am,gp_strict,share_within_60,1.0000
10041514,wd_am,hospital,median_pt_car_ratio,3.5380
10041514,wd_am,hospital,median_pt_minutes,58.0000
10041514,wd_am,hospital,share_within_30,0.0000
10041514,wd_am,hospital,share_within_60,0.5677
10041514,wd_am,pharmacy,median_pt_car_ratio,4.0000
10041514,wd_am,pharmacy,median_pt_minutes,9.0000
10041514,wd_am,pharmacy,share_within_30,0.9037
10041514,wd_am,pharmacy,share_within_60,1.0000
10041514,wd_am,primary_school,median_pt_car_ratio,3.9090
10041514,wd_am,primary_school,median_pt_minutes,25.0000
10041514,wd_am,primary_school,share_within_30,0.7388
10041514,wd_am,primary_school,share_within_60,1.0000
10041514,wd_am,rail_station,median_pt_car_ratio,2.7330
10041514,wd_am,rail_station,median_pt_minutes,50.0000
10041514,wd_am,rail_station,share_within_30,0.0000
10041514,wd_am,rail_station,share_within_60,0.8903
10041514,wd_am,secondary_school,median_pt_car_ratio,3.7000
10041514,wd_am,secondary_school,median_pt_minutes,33.0000
10041514,wd_am,secondary_school,share_within_30,0.4705
10041514,wd_am,secondary_school,share_within_60,1.0000
10041514,wd_am,supermarket,median_pt_car_ratio,3.5000
10041514,wd_am,supermarket,median_pt_minutes,8.0000
10041514,wd_am,supermarket,share_within_30,0.9986
10041514,wd_am,supermarket,share_within_60,1.0000
10041514,wd_pm,30,mean_reachable_population_pt,3735.0000
10041514,wd_pm,45,mean_reachable_population_pt,13686.0000
10041514,wd_pm,60,mean_reachable_population_pt,51974.0000
10041514,wd_pm,gp,median_pt_car_ratio,4.6670
10041514,wd_pm,gp,median_pt_minutes,12.0000
10041514,wd_pm,gp,share_within_30,0.8112
10041514,wd_pm,gp,share_within_60,1.0000
10041514,wd_pm,gp_strict,median_pt_car_ratio,4.6670
10041514,wd_pm,gp_strict,median_pt_minutes,12.0000
10041514,wd_pm,gp_strict,share_within_30,0.8112
10041514,wd_pm,gp_strict,share_within_60,1.0000
10041514,wd_pm,hospital,median_pt_car_ratio,3.8950
10041514,wd_pm,hospital,median_pt_minutes,61.0000
10041514,wd_pm,hospital,share_within_30,0.0000
10041514,wd_pm,hospital,share_within_60,0.4869
10041514,wd_pm,pharmacy,median_pt_car_ratio,4.0000
10041514,wd_pm,pharmacy,median_pt_minutes,9.0000
10041514,wd_pm,pharmacy,share_within_30,0.8499
10041514,wd_pm,pharmacy,share_within_60,1.0000
10041514,wd_pm,primary_school,median_pt_car_ratio,4.5000
10041514,wd_pm,primary_school,median_pt_minutes,29.0000
10041514,wd_pm,primary_school,share_within_30,0.6078
10041514,wd_pm,primary_school,share_within_60,0.9995
10041514,wd_pm,rail_station,median_pt_car_ratio,3.0000
10041514,wd_pm,rail_station,median_pt_minutes,53.0000
10041514,wd_pm,rail_station,share_within_30,0.0000
10041514,wd_pm,rail_station,share_within_60,0.6462
10041514,wd_pm,secondary_school,median_pt_car_ratio,4.8180
10041514,wd_pm,secondary_school,median_pt_minutes,41.0000
10041514,wd_pm,secondary_school,share_within_30,0.2882
10041514,wd_pm,secondary_school,share_within_60,0.9853
10041514,wd_pm,supermarket,median_pt_car_ratio,3.5000
10041514,wd_pm,supermarket,median_pt_minutes,8.0000
10041514,wd_pm,supermarket,share_within_30,0.9986
10041514,wd_pm,supermarket,share_within_60,1.0000
10041515,car,30,mean_reachable_population_car,547055.0000
10041515,car,45,mean_reachable_population_car,985896.0000
10041515,car,60,mean_reachable_population_car,1290578.0000
10041515,car,gp,median_car_minutes,3.0000
10041515,car,gp_strict,median_car_minutes,5.0000
10041515,car,hospital,median_car_minutes,10.0000
10041515,car,pharmacy,median_car_minutes,4.0000
10041515,car,primary_school,median_car_minutes,6.0000
10041515,car,rail_station,median_car_minutes,15.0000
10041515,car,secondary_school,median_car_minutes,6.0000
10041515,car,supermarket,median_car_minutes,5.0000
10041515,su_am,30,mean_reachable_population_pt,9060.0000
10041515,su_am,45,mean_reachable_population_pt,11056.0000
10041515,su_am,60,mean_reachable_population_pt,19117.0000
10041515,su_am,gp,median_pt_car_ratio,3.6670
10041515,su_am,gp,median_pt_minutes,13.0000
10041515,su_am,gp,share_within_30,0.9908
10041515,su_am,gp,share_within_60,0.9998
10041515,su_am,gp_strict,median_pt_car_ratio,5.5000
10041515,su_am,gp_strict,median_pt_minutes,27.0000
10041515,su_am,gp_strict,share_within_30,0.6316
10041515,su_am,gp_strict,share_within_60,0.9695
10041515,su_am,hospital,median_pt_car_ratio,6.1000
10041515,su_am,hospital,median_pt_minutes,61.0000
10041515,su_am,hospital,share_within_30,0.2567
10041515,su_am,hospital,share_within_60,0.4781
10041515,su_am,pharmacy,median_pt_car_ratio,3.8000
10041515,su_am,pharmacy,median_pt_minutes,13.0000
10041515,su_am,pharmacy,share_within_30,0.9320
10041515,su_am,pharmacy,share_within_60,0.9997
10041515,su_am,primary_school,median_pt_car_ratio,2.8570
10041515,su_am,primary_school,median_pt_minutes,16.0000
10041515,su_am,primary_school,share_within_30,0.9775
10041515,su_am,primary_school,share_within_60,0.9997
10041515,su_am,rail_station,median_pt_car_ratio,5.0000
10041515,su_am,rail_station,median_pt_minutes,73.0000
10041515,su_am,rail_station,share_within_30,0.0000
10041515,su_am,rail_station,share_within_60,0.0483
10041515,su_am,secondary_school,median_pt_car_ratio,3.5710
10041515,su_am,secondary_school,median_pt_minutes,24.0000
10041515,su_am,secondary_school,share_within_30,0.6549
10041515,su_am,secondary_school,share_within_60,0.9997
10041515,su_am,supermarket,median_pt_car_ratio,2.8750
10041515,su_am,supermarket,median_pt_minutes,12.0000
10041515,su_am,supermarket,share_within_30,0.9934
10041515,su_am,supermarket,share_within_60,0.9997
10041515,wd_am,30,mean_reachable_population_pt,11701.0000
10041515,wd_am,45,mean_reachable_population_pt,34521.0000
10041515,wd_am,60,mean_reachable_population_pt,84210.0000
10041515,wd_am,gp,median_pt_car_ratio,3.6670
10041515,wd_am,gp,median_pt_minutes,13.0000
10041515,wd_am,gp,share_within_30,0.9984
10041515,wd_am,gp,share_within_60,1.0000
10041515,wd_am,gp_strict,median_pt_car_ratio,4.3750
10041515,wd_am,gp_strict,median_pt_minutes,24.0000
10041515,wd_am,gp_strict,share_within_30,0.8200
10041515,wd_am,gp_strict,share_within_60,1.0000
10041515,wd_am,hospital,median_pt_car_ratio,3.7270
10041515,wd_am,hospital,median_pt_minutes,33.0000
10041515,wd_am,hospital,share_within_30,0.3951
10041515,wd_am,hospital,share_within_60,0.9997
10041515,wd_am,pharmacy,median_pt_car_ratio,3.8000
10041515,wd_am,pharmacy,median_pt_minutes,13.0000
10041515,wd_am,pharmacy,share_within_30,0.9848
10041515,wd_am,pharmacy,share_within_60,1.0000
10041515,wd_am,primary_school,median_pt_car_ratio,2.8570
10041515,wd_am,primary_school,median_pt_minutes,16.0000
10041515,wd_am,primary_school,share_within_30,0.9958
10041515,wd_am,primary_school,share_within_60,1.0000
10041515,wd_am,rail_station,median_pt_car_ratio,3.0000
10041515,wd_am,rail_station,median_pt_minutes,46.0000
10041515,wd_am,rail_station,share_within_30,0.0000
10041515,wd_am,rail_station,share_within_60,0.9756
10041515,wd_am,secondary_school,median_pt_car_ratio,3.4440
10041515,wd_am,secondary_school,median_pt_minutes,20.0000
10041515,wd_am,secondary_school,share_within_30,0.9241
10041515,wd_am,secondary_school,share_within_60,0.9998
10041515,wd_am,supermarket,median_pt_car_ratio,2.8750
10041515,wd_am,supermarket,median_pt_minutes,12.0000
10041515,wd_am,supermarket,share_within_30,0.9980
10041515,wd_am,supermarket,share_within_60,1.0000
10041515,wd_pm,30,mean_reachable_population_pt,9063.0000
10041515,wd_pm,45,mean_reachable_population_pt,12091.0000
10041515,wd_pm,60,mean_reachable_population_pt,29052.0000
10041515,wd_pm,gp,median_pt_car_ratio,3.6670
10041515,wd_pm,gp,median_pt_minutes,13.0000
10041515,wd_pm,gp,share_within_30,0.9908
10041515,wd_pm,gp,share_within_60,0.9998
10041515,wd_pm,gp_strict,median_pt_car_ratio,5.3330
10041515,wd_pm,gp_strict,median_pt_minutes,27.0000
10041515,wd_pm,gp_strict,share_within_30,0.6316
10041515,wd_pm,gp_strict,share_within_60,0.9998
10041515,wd_pm,hospital,median_pt_car_ratio,5.1250
10041515,wd_pm,hospital,median_pt_minutes,51.0000
10041515,wd_pm,hospital,share_within_30,0.2567
10041515,wd_pm,hospital,share_within_60,0.7510
10041515,wd_pm,pharmacy,median_pt_car_ratio,3.8000
10041515,wd_pm,pharmacy,median_pt_minutes,13.0000
10041515,wd_pm,pharmacy,share_within_30,0.9320
10041515,wd_pm,pharmacy,share_within_60,0.9997
10041515,wd_pm,primary_school,median_pt_car_ratio,2.8570
10041515,wd_pm,primary_school,median_pt_minutes,16.0000
10041515,wd_pm,primary_school,share_within_30,0.9775
10041515,wd_pm,primary_school,share_within_60,0.9997
10041515,wd_pm,rail_station,median_pt_car_ratio,3.8460
10041515,wd_pm,rail_station,median_pt_minutes,61.0000
10041515,wd_pm,rail_station,share_within_30,0.0000
10041515,wd_pm,rail_station,share_within_60,0.4956
10041515,wd_pm,secondary_school,median_pt_car_ratio,3.5710
10041515,wd_pm,secondary_school,median_pt_minutes,24.0000
10041515,wd_pm,secondary_school,share_within_30,0.6530
10041515,wd_pm,secondary_school,share_within_60,0.9997
10041515,wd_pm,supermarket,median_pt_car_ratio,2.8750
10041515,wd_pm,supermarket,median_pt_minutes,12.0000
10041515,wd_pm,supermarket,share_within_30,0.9934
10041515,wd_pm,supermarket,share_within_60,0.9997
10041516,car,30,mean_reachable_population_car,752627.0000
10041516,car,45,mean_reachable_population_car,1168165.0000
10041516,car,60,mean_reachable_population_car,1336476.0000
10041516,car,gp,median_car_minutes,4.0000
10041516,car,gp_strict,median_car_minutes,6.0000
10041516,car,hospital,median_car_minutes,12.0000
10041516,car,pharmacy,median_car_minutes,3.0000
10041516,car,primary_school,median_car_minutes,7.0000
10041516,car,rail_station,median_car_minutes,4.0000
10041516,car,secondary_school,median_car_minutes,6.0000
10041516,car,supermarket,median_car_minutes,4.0000
10041516,su_am,30,mean_reachable_population_pt,7365.0000
10041516,su_am,45,mean_reachable_population_pt,7515.0000
10041516,su_am,60,mean_reachable_population_pt,13198.0000
10041516,su_am,gp,median_pt_car_ratio,3.2000
10041516,su_am,gp,median_pt_minutes,16.0000
10041516,su_am,gp,share_within_30,0.9024
10041516,su_am,gp,share_within_60,0.9081
10041516,su_am,gp_strict,median_pt_car_ratio,5.4000
10041516,su_am,gp_strict,median_pt_minutes,27.0000
10041516,su_am,gp_strict,share_within_30,0.5267
10041516,su_am,gp_strict,share_within_60,0.7262
10041516,su_am,hospital,median_pt_car_ratio,7.3750
10041516,su_am,hospital,median_pt_minutes,88.0000
10041516,su_am,hospital,share_within_30,0.0000
10041516,su_am,hospital,share_within_60,0.0283
10041516,su_am,pharmacy,median_pt_car_ratio,3.6670
10041516,su_am,pharmacy,median_pt_minutes,11.0000
10041516,su_am,pharmacy,share_within_30,0.9947
10041516,su_am,pharmacy,share_within_60,0.9947
10041516,su_am,primary_school,median_pt_car_ratio,6.8890
10041516,su_am,primary_school,median_pt_minutes,57.0000
10041516,su_am,primary_school,share_within_30,0.3923
10041516,su_am,primary_school,share_within_60,0.6238
10041516,su_am,rail_station,median_pt_car_ratio,3.8000
10041516,su_am,rail_station,median_pt_minutes,16.0000
10041516,su_am,rail_station,share_within_30,0.8632
10041516,su_am,rail_station,share_within_60,0.8634
10041516,su_am,secondary_school,median_pt_car_ratio,3.4000
10041516,su_am,secondary_school,median_pt_minutes,20.0000
10041516,su_am,secondary_school,share_within_30,0.6201
10041516,su_am,secondary_school,share_within_60,0.7229
10041516,su_am,supermarket,median_pt_car_ratio,3.5000
10041516,su_am,supermarket,median_pt_minutes,15.0000
10041516,su_am,supermarket,share_within_30,0.9044
10041516,su_am,supermarket,share_within_60,0.9914
10041516,wd_am,30,mean_reachable_population_pt,10124.0000
10041516,wd_am,45,mean_reachable_population_pt,30132.0000
10041516,wd_am,60,mean_reachable_population_pt,120963.0000
10041516,wd_am,gp,median_pt_car_ratio,3.2000
10041516,wd_am,gp,median_pt_minutes,16.0000
10041516,wd_am,gp,share_within_30,0.9275
10041516,wd_am,gp,share_within_60,1.0000
10041516,wd_am,gp_strict,median_pt_car_ratio,3.5710
10041516,wd_am,gp_strict,median_pt_minutes,20.0000
10041516,wd_am,gp_strict,share_within_30,0.9254
10041516,wd_am,gp_strict,share_within_60,1.0000
10041516,wd_am,hospital,median_pt_car_ratio,3.9230
10041516,wd_am,hospital,median_pt_minutes,45.0000
10041516,wd_am,hospital,share_within_30,0.0000
10041516,wd_am,hospital,share_within_60,0.8595
10041516,wd_am,pharmacy,median_pt_car_ratio,3.6670
10041516,wd_am,pharmacy,median_pt_minutes,11.0000
10041516,wd_am,pharmacy,share_within_30,0.9985
10041516,wd_am,pharmacy,share_within_60,1.0000
10041516,wd_am,primary_school,median_pt_car_ratio,4.1430
10041516,wd_am,primary_school,median_pt_minutes,28.0000
10041516,wd_am,primary_school,share_within_30,0.5888
10041516,wd_am,primary_school,share_within_60,1.0000
10041516,wd_am,rail_station,median_pt_car_ratio,3.8000
10041516,wd_am,rail_station,median_pt_minutes,16.0000
10041516,wd_am,rail_station,share_within_30,0.8632
10041516,wd_am,rail_station,share_within_60,1.0000
10041516,wd_am,secondary_school,median_pt_car_ratio,3.1250
10041516,wd_am,secondary_school,median_pt_minutes,20.0000
10041516,wd_am,secondary_school,share_within_30,0.8055
10041516,wd_am,secondary_school,share_within_60,1.0000
10041516,wd_am,supermarket,median_pt_car_ratio,3.0000
10041516,wd_am,supermarket,median_pt_minutes,15.0000
10041516,wd_am,supermarket,share_within_30,0.9991
10041516,wd_am,supermarket,share_within_60,1.0000
10041516,wd_pm,30,mean_reachable_population_pt,7579.0000
10041516,wd_pm,45,mean_reachable_population_pt,12685.0000
10041516,wd_pm,60,mean_reachable_population_pt,50050.0000
10041516,wd_pm,gp,median_pt_car_ratio,3.2000
10041516,wd_pm,gp,median_pt_minutes,16.0000
10041516,wd_pm,gp,share_within_30,0.9024
10041516,wd_pm,gp,share_within_60,0.9323
10041516,wd_pm,gp_strict,median_pt_car_ratio,5.0000
10041516,wd_pm,gp_strict,median_pt_minutes,27.0000
10041516,wd_pm,gp_strict,share_within_30,0.6244
10041516,wd_pm,gp_strict,share_within_60,0.9284
10041516,wd_pm,hospital,median_pt_car_ratio,4.6360
10041516,wd_pm,hospital,median_pt_minutes,53.0000
10041516,wd_pm,hospital,share_within_30,0.0000
10041516,wd_pm,hospital,share_within_60,0.7613
10041516,wd_pm,pharmacy,median_pt_car_ratio,3.6670
10041516,wd_pm,pharmacy,median_pt_minutes,11.0000
10041516,wd_pm,pharmacy,share_within_30,0.9947
10041516,wd_pm,pharmacy,share_within_60,0.9947
10041516,wd_pm,primary_school,median_pt_car_ratio,4.5560
10041516,wd_pm,primary_school,median_pt_minutes,38.0000
10041516,wd_pm,primary_school,share_within_30,0.3923
10041516,wd_pm,primary_school,share_within_60,1.0000
10041516,wd_pm,rail_station,median_pt_car_ratio,3.8000
10041516,wd_pm,rail_station,median_pt_minutes,16.0000
10041516,wd_pm,rail_station,share_within_30,0.8632
10041516,wd_pm,rail_station,share_within_60,0.8983
10041516,wd_pm,secondary_school,median_pt_car_ratio,3.4000
10041516,wd_pm,secondary_school,median_pt_minutes,20.0000
10041516,wd_pm,secondary_school,share_within_30,0.6201
10041516,wd_pm,secondary_school,share_within_60,0.8983
10041516,wd_pm,supermarket,median_pt_car_ratio,3.5000
10041516,wd_pm,supermarket,median_pt_minutes,15.0000
10041516,wd_pm,supermarket,share_within_30,0.9427
10041516,wd_pm,supermarket,share_within_60,1.0000
10041517,car,30,mean_reachable_population_car,607494.0000
10041517,car,45,mean_reachable_population_car,1043331.0000
10041517,car,60,mean_reachable_population_car,1313164.0000
10041517,car,gp,median_car_minutes,4.0000
10041517,car,gp_strict,median_car_minutes,4.0000
10041517,car,hospital,median_car_minutes,14.0000
10041517,car,pharmacy,median_car_minutes,3.0000
10041517,car,primary_school,median_car_minutes,5.0000
10041517,car,rail_station,median_car_minutes,17.0000
10041517,car,secondary_school,median_car_minutes,7.0000
10041517,car,supermarket,median_car_minutes,4.0000
10041517,su_am,30,mean_reachable_population_pt,11047.0000
10041517,su_am,45,mean_reachable_population_pt,29249.0000
10041517,su_am,60,mean_reachable_population_pt,73495.0000
10041517,su_am,gp,median_pt_car_ratio,3.6670
10041517,su_am,gp,median_pt_minutes,14.0000
10041517,su_am,gp,share_within_30,0.9680
10041517,su_am,gp,share_within_60,1.0000
10041517,su_am,gp_strict,median_pt_car_ratio,4.0000
10041517,su_am,gp_strict,median_pt_minutes,16.0000
10041517,su_am,gp_strict,share_within_30,0.9546
10041517,su_am,gp_strict,share_within_60,1.0000
10041517,su_am,hospital,median_pt_car_ratio,3.7330
10041517,su_am,hospital,median_pt_minutes,51.0000
10041517,su_am,hospital,share_within_30,0.0000
10041517,su_am,hospital,share_within_60,0.9266
10041517,su_am,pharmacy,median_pt_car_ratio,3.7500
10041517,su_am,pharmacy,median_pt_minutes,13.0000
10041517,su_am,pharmacy,share_within_30,0.9921
10041517,su_am,pharmacy,share_within_60,1.0000
10041517,su_am,primary_school,median_pt_car_ratio,3.0000
10041517,su_am,primary_school,median_pt_minutes,14.0000
10041517,su_am,primary_school,share_within_30,0.9930
10041517,su_am,primary_school,share_within_60,1.0000
10041517,su_am,rail_station,median_pt_car_ratio,3.1540
10041517,su_am,rail_station,median_pt_minutes,50.0000
10041517,su_am,rail_station,share_within_30,0.0000
10041517,su_am,rail_station,share_within_60,0.9465
10041517,su_am,secondary_school,median_pt_car_ratio,2.9000
10041517,su_am,secondary_school,median_pt_minutes,19.0000
10041517,su_am,secondary_school,share_within_30,0.9009
10041517,su_am,secondary_school,share_within_60,1.0000
10041517,su_am,supermarket,median_pt_car_ratio,3.0000
10041517,su_am,supermarket,median_pt_minutes,13.0000
10041517,su_am,supermarket,share_within_30,0.9991
10041517,su_am,supermarket,share_within_60,1.0000
10041517,wd_am,30,mean_reachable_population_pt,13450.0000
10041517,wd_am,45,mean_reachable_population_pt,48299.0000
10041517,wd_am,60,mean_reachable_population_pt,115965.0000
10041517,wd_am,gp,median_pt_car_ratio,3.6670
10041517,wd_am,gp,median_pt_minutes,14.0000
10041517,wd_am,gp,share_within_30,0.9680
10041517,wd_am,gp,share_within_60,1.0000
10041517,wd_am,gp_strict,median_pt_car_ratio,4.0000
10041517,wd_am,gp_strict,median_pt_minutes,16.0000
10041517,wd_am,gp_strict,share_within_30,0.9489
10041517,wd_am,gp_strict,share_within_60,1.0000
10041517,wd_am,hospital,median_pt_car_ratio,3.4000
10041517,wd_am,hospital,median_pt_minutes,46.0000
10041517,wd_am,hospital,share_within_30,0.0000
10041517,wd_am,hospital,share_within_60,0.9984
10041517,wd_am,pharmacy,median_pt_car_ratio,3.7500
10041517,wd_am,pharmacy,median_pt_minutes,13.0000
10041517,wd_am,pharmacy,share_within_30,0.9930
10041517,wd_am,pharmacy,share_within_60,1.0000
10041517,wd_am,primary_school,median_pt_car_ratio,3.0000
10041517,wd_am,primary_school,median_pt_minutes,14.0000
10041517,wd_am,primary_school,share_within_30,0.9930
10041517,wd_am,primary_school,share_within_60,1.0000
10041517,wd_am,rail_station,median_pt_car_ratio,2.8890
10041517,wd_am,rail_station,median_pt_minutes,48.0000
10041517,wd_am,rail_station,share_within_30,0.0120
10041517,wd_am,rail_station,share_within_60,0.9984
10041517,wd_am,secondary_school,median_pt_car_ratio,2.8750
10041517,wd_am,secondary_school,median_pt_minutes,19.0000
10041517,wd_am,secondary_school,share_within_30,0.9322
10041517,wd_am,secondary_school,share_within_60,1.0000
10041517,wd_am,supermarket,median_pt_car_ratio,3.0000
10041517,wd_am,supermarket,median_pt_minutes,13.0000
10041517,wd_am,supermarket,share_within_30,1.0000
10041517,wd_am,supermarket,share_within_60,1.0000
10041517,wd_pm,30,mean_reachable_population_pt,11044.0000
10041517,wd_pm,45,mean_reachable_population_pt,29402.0000
10041517,wd_pm,60,mean_reachable_population_pt,79661.0000
10041517,wd_pm,gp,median_pt_car_ratio,3.6670
10041517,wd_pm,gp,median_pt_minutes,14.0000
10041517,wd_pm,gp,share_within_30,0.9680
10041517,wd_pm,gp,share_within_60,1.0000
10041517,wd_pm,gp_strict,median_pt_car_ratio,4.0000
10041517,wd_pm,gp_strict,median_pt_minutes,16.0000
10041517,wd_pm,gp_strict,share_within_30,0.9489
10041517,wd_pm,gp_strict,share_within_60,1.0000
10041517,wd_pm,hospital,median_pt_car_ratio,3.8000
10041517,wd_pm,hospital,median_pt_minutes,55.0000
10041517,wd_pm,hospital,share_within_30,0.0000
10041517,wd_pm,hospital,share_within_60,0.8280
10041517,wd_pm,pharmacy,median_pt_car_ratio,3.7500
10041517,wd_pm,pharmacy,median_pt_minutes,13.0000
10041517,wd_pm,pharmacy,share_within_30,0.9930
10041517,wd_pm,pharmacy,share_within_60,1.0000
10041517,wd_pm,primary_school,median_pt_car_ratio,3.0000
10041517,wd_pm,primary_school,median_pt_minutes,14.0000
10041517,wd_pm,primary_school,share_within_30,0.9930
10041517,wd_pm,primary_school,share_within_60,1.0000
10041517,wd_pm,rail_station,median_pt_car_ratio,3.2350
10041517,wd_pm,rail_station,median_pt_minutes,52.0000
10041517,wd_pm,rail_station,share_within_30,0.0000
10041517,wd_pm,rail_station,share_within_60,0.9373
10041517,wd_pm,secondary_school,median_pt_car_ratio,3.0000
10041517,wd_pm,secondary_school,median_pt_minutes,19.0000
10041517,wd_pm,secondary_school,share_within_30,0.8547
10041517,wd_pm,secondary_school,share_within_60,1.0000
10041517,wd_pm,supermarket,median_pt_car_ratio,3.0000
10041517,wd_pm,supermarket,median_pt_minutes,13.0000
10041517,wd_pm,supermarket,share_within_30,0.9991
10041517,wd_pm,supermarket,share_within_60,1.0000
10041518,car,30,mean_reachable_population_car,714898.0000
10041518,car,45,mean_reachable_population_car,1138916.0000
10041518,car,60,mean_reachable_population_car,1313698.0000
10041518,car,gp,median_car_minutes,4.0000
10041518,car,gp_strict,median_car_minutes,4.0000
10041518,car,hospital,median_car_minutes,7.0000
10041518,car,pharmacy,median_car_minutes,3.0000
10041518,car,primary_school,median_car_minutes,5.0000
10041518,car,rail_station,median_car_minutes,4.0000
10041518,car,secondary_school,median_car_minutes,6.0000
10041518,car,supermarket,median_car_minutes,4.0000
10041518,su_am,30,mean_reachable_population_pt,11226.0000
10041518,su_am,45,mean_reachable_population_pt,17382.0000
10041518,su_am,60,mean_reachable_population_pt,52775.0000
10041518,su_am,gp,median_pt_car_ratio,4.0000
10041518,su_am,gp,median_pt_minutes,11.0000
10041518,su_am,gp,share_within_30,0.9868
10041518,su_am,gp,share_within_60,1.0000
10041518,su_am,gp_strict,median_pt_car_ratio,4.3330
10041518,su_am,gp_strict,median_pt_minutes,21.0000
10041518,su_am,gp_strict,share_within_30,0.8504
10041518,su_am,gp_strict,share_within_60,0.9870
10041518,su_am,hospital,median_pt_car_ratio,3.3330
10041518,su_am,hospital,median_pt_minutes,25.0000
10041518,su_am,hospital,share_within_30,0.7366
10041518,su_am,hospital,share_within_60,0.9833
10041518,su_am,pharmacy,median_pt_car_ratio,3.1670
10041518,su_am,pharmacy,median_pt_minutes,10.0000
10041518,su_am,pharmacy,share_within_30,0.9868
10041518,su_am,pharmacy,share_within_60,1.0000
10041518,su_am,primary_school,median_pt_car_ratio,4.6000
10041518,su_am,primary_school,median_pt_minutes,23.0000
10041518,su_am,primary_school,share_within_30,0.7588
10041518,su_am,primary_school,share_within_60,0.9674
10041518,su_am,rail_station,median_pt_car_ratio,3.6000
10041518,su_am,rail_station,median_pt_minutes,14.0000
10041518,su_am,rail_station,share_within_30,0.8470
10041518,su_am,rail_station,share_within_60,0.9290
10041518,su_am,secondary_school,median_pt_car_ratio,3.7500
10041518,su_am,secondary_school,median_pt_minutes,19.0000
10041518,su_am,secondary_school,share_within_30,0.7197
10041518,su_am,secondary_school,share_within_60,0.9290
10041518,su_am,supermarket,median_pt_car_ratio,3.8000
10041518,su_am,supermarket,median_pt_minutes,13.0000
10041518,su_am,supermarket,share_within_30,0.8430
10041518,su_am,supermarket,share_within_60,1.0000
10041518,wd_am,30,mean_reachable_population_pt,18226.0000
10041518,wd_am,45,mean_reachable_population_pt,61043.0000
10041518,wd_am,60,mean_reachable_population_pt,182174.0000
10041518,wd_am,gp,median_pt_car_ratio,4.0000
10041518,wd_am,gp,median_pt_minutes,11.0000
10041518,wd_am,gp,share_within_30,1.0000
10041518,wd_am,gp,share_within_60,1.0000
10041518,wd_am,gp_strict,median_pt_car_ratio,4.1670
10041518,wd_am,gp_strict,median_pt_minutes,20.0000
10041518,wd_am,gp_strict,share_within_30,1.0000
10041518,wd_am,gp_strict,share_within_60,1.0000
10041518,wd_am,hospital,median_pt_car_ratio,3.1250
10041518,wd_am,hospital,median_pt_minutes,23.0000
10041518,wd_am,hospital,share_within_30,0.9758
10041518,wd_am,hospital,share_within_60,1.0000
10041518,wd_am,pharmacy,median_pt_car_ratio,3.1670
10041518,wd_am,pharmacy,median_pt_minutes,10.0000
10041518,wd_am,pharmacy,share_within_30,1.0000
10041518,wd_am,pharmacy,share_within_60,1.0000
10041518,wd_am,primary_school,median_pt_car_ratio,4.2500
10041518,wd_am,primary_school,median_pt_minutes,20.0000
10041518,wd_am,primary_school,share_within_30,0.8263
10041518,wd_am,primary_school,share_within_60,1.0000
10041518,wd_am,rail_station,median_pt_car_ratio,3.5000
10041518,wd_am,rail_station,median_pt_minutes,14.0000
10041518,wd_am,rail_station,share_within_30,0.9732
10041518,wd_am,rail_station,share_within_60,1.0000
10041518,wd_am,secondary_school,median_pt_car_ratio,3.3750
10041518,wd_am,secondary_school,median_pt_minutes,19.0000
10041518,wd_am,secondary_school,share_within_30,0.8105
10041518,wd_am,secondary_school,share_within_60,1.0000
10041518,wd_am,supermarket,median_pt_car_ratio,3.8000
10041518,wd_am,supermarket,median_pt_minutes,13.0000
10041518,wd_am,supermarket,share_within_30,0.9994
10041518,wd_am,supermarket,share_within_60,1.0000
10041518,wd_pm,30,mean_reachable_population_pt,13698.0000
10041518,wd_pm,45,mean_reachable_population_pt,38414.0000
10041518,wd_pm,60,mean_reachable_population_pt,122760.0000
10041518,wd_pm,gp,median_pt_car_ratio,4.0000
10041518,wd_pm,gp,median_pt_minutes,11.0000
10041518,wd_pm,gp,share_within_30,0.9985
10041518,wd_pm,gp,share_within_60,1.0000
10041518,wd_pm,gp_strict,median_pt_car_ratio,4.3330
10041518,wd_pm,gp_strict,median_pt_minutes,21.0000
10041518,wd_pm,gp_strict,share_within_30,0.8949
10041518,wd_pm,gp_strict,share_within_60,1.0000
10041518,wd_pm,hospital,median_pt_car_ratio,3.2000
10041518,wd_pm,hospital,median_pt_minutes,23.0000
10041518,wd_pm,hospital,share_within_30,0.8931
10041518,wd_pm,hospital,share_within_60,1.0000
10041518,wd_pm,pharmacy,median_pt_car_ratio,3.1670
10041518,wd_pm,pharmacy,median_pt_minutes,10.0000
10041518,wd_pm,pharmacy,share_within_30,0.9868
10041518,wd_pm,pharmacy,share_within_60,1.0000
10041518,wd_pm,primary_school,median_pt_car_ratio,4.6000
10041518,wd_pm,primary_school,median_pt_minutes,23.0000
10041518,wd_pm,primary_school,share_within_30,0.7588
10041518,wd_pm,primary_school,share_within_60,1.0000
10041518,wd_pm,rail_station,median_pt_car_ratio,3.6000
10041518,wd_pm,rail_station,median_pt_minutes,14.0000
10041518,wd_pm,rail_station,share_within_30,0.8470
10041518,wd_pm,rail_station,share_within_60,1.0000
10041518,wd_pm,secondary_school,median_pt_car_ratio,3.7500
10041518,wd_pm,secondary_school,median_pt_minutes,19.0000
10041518,wd_pm,secondary_school,share_within_30,0.7660
10041518,wd_pm,secondary_school,share_within_60,1.0000
10041518,wd_pm,supermarket,median_pt_car_ratio,3.8000
10041518,wd_pm,supermarket,median_pt_minutes,13.0000
10041518,wd_pm,supermarket,share_within_30,0.8430
10041518,wd_pm,supermarket,share_within_60,1.0000
10041519,car,30,mean_reachable_population_car,495298.0000
10041519,car,45,mean_reachable_population_car,895169.0000
10041519,car,60,mean_reachable_population_car,1205866.0000
10041519,car,gp,median_car_minutes,3.0000
10041519,car,gp_strict,median_car_minutes,7.0000
10041519,car,hospital,median_car_minutes,9.0000
10041519,car,pharmacy,median_car_minutes,3.0000
10041519,car,primary_school,median_car_minutes,3.0000
10041519,car,rail_station,median_car_minutes,7.0000
10041519,car,secondary_school,median_car_minutes,5.0000
10041519,car,supermarket,median_car_minutes,3.0000
10041519,su_am,30,mean_reachable_population_pt,10860.0000
10041519,su_am,45,mean_reachable_population_pt,12821.0000
10041519,su_am,60,mean_reachable_population_pt,39751.0000
10041519,su_am,gp,median_pt_car_ratio,4.6000
10041519,su_am,gp,median_pt_minutes,14.0000
10041519,su_am,gp,share_within_30,0.7701
10041519,su_am,gp,share_within_60,0.8693
10041519,su_am,gp_strict,median_pt_car_ratio,5.0000
10041519,su_am,gp_strict,median_pt_minutes,25.0000
10041519,su_am,gp_strict,share_within_30,0.5834
10041519,su_am,gp_strict,share_within_60,0.7344
10041519,su_am,hospital,median_pt_car_ratio,5.1000
10041519,su_am,hospital,median_pt_minutes,55.0000
10041519,su_am,hospital,share_within_30,0.3373
10041519,su_am,hospital,share_within_60,0.5859
10041519,su_am,pharmacy,median_pt_car_ratio,4.5000
10041519,su_am,pharmacy,median_pt_minutes,14.0000
10041519,su_am,pharmacy,share_within_30,0.8564
10041519,su_am,pharmacy,share_within_60,0.9618
10041519,su_am,primary_school,median_pt_car_ratio,3.3330
10041519,su_am,primary_school,median_pt_minutes,10.0000
10041519,su_am,primary_school,share_within_30,0.9543
10041519,su_am,primary_school,share_within_60,0.9677
10041519,su_am,rail_station,median_pt_car_ratio,5.0000
10041519,su_am,rail_station,median_pt_minutes,45.0000
10041519,su_am,rail_station,share_within_30,0.4667
10041519,su_am,rail_station,share_within_60,0.6553
10041519,su_am,secondary_school,median_pt_car_ratio,4.4000
10041519,su_am,secondary_school,median_pt_minutes,19.0000
10041519,su_am,secondary_school,share_within_30,0.7466
10041519,su_am,secondary_school,share_within_60,0.8996
10041519,su_am,supermarket,median_pt_car_ratio,3.4000
10041519,su_am,supermarket,median_pt_minutes,9.0000
10041519,su_am,supermarket,share_within_30,0.9858
10041519,su_am,supermarket,share_within_60,0.9915
10041519,wd_am,30,mean_reachable_population_pt,12187.0000
10041519,wd_am,45,mean_reachable_population_pt,40932.0000
10041519,wd_am,60,mean_reachable_population_pt,130433.0000
10041519,wd_am,gp,median_pt_car_ratio,4.3330
10041519,wd_am,gp,median_pt_minutes,14.0000
10041519,wd_am,gp,share_within_30,0.8306
10041519,wd_am,gp,share_within_60,1.0000
10041519,wd_am,gp_strict,median_pt_car_ratio,4.0000
10041519,wd_am,gp_strict,median_pt_minutes,23.0000
10041519,wd_am,gp_strict,share_within_30,0.6499
10041519,wd_am,gp_strict,share_within_60,0.9379
10041519,wd_am,hospital,median_pt_car_ratio,3.6670
10041519,wd_am,hospital,median_pt_minutes,40.0000
10041519,wd_am,hospital,share_within_30,0.3373
10041519,wd_am,hospital,share_within_60,0.9273
10041519,wd_am,pharmacy,median_pt_car_ratio,4.2000
10041519,wd_am,pharmacy,median_pt_minutes,14.0000
10041519,wd_am,pharmacy,share_within_30,0.8829
10041519,wd_am,pharmacy,share_within_60,1.0000
10041519,wd_am,primary_school,median_pt_car_ratio,3.3330
10041519,wd_am,primary_school,median_pt_minutes,10.0000
10041519,wd_am,primary_school,share_within_30,0.9543
10041519,wd_am,primary_school,share_within_60,1.0000
10041519,wd_am,rail_station,median_pt_car_ratio,3.8330
10041519,wd_am,rail_station,median_pt_minutes,27.0000
10041519,wd_am,rail_station,share_within_30,0.6122
10041519,wd_am,rail_station,share_within_60,0.9379
10041519,wd_am,secondary_school,median_pt_car_ratio,4.2860
10041519,wd_am,secondary_school,median_pt_minutes,19.0000
10041519,wd_am,secondary_school,share_within_30,0.8238
10041519,wd_am,secondary_school,share_within_60,0.9936
10041519,wd_am,supermarket,median_pt_car_ratio,3.4000
10041519,wd_am,supermarket,median_pt_minutes,9.0000
10041519,wd_am,supermarket,share_within_30,0.9858
10041519,wd_am,supermarket,share_within_60,1.0000
10041519,wd_pm,30,mean_reachable_population_pt,11151.0000
10041519,wd_pm,45,mean_reachable_population_pt,24886.0000
10041519,wd_pm,60,mean_reachable_population_pt,86475.0000
10041519,wd_pm,gp,median_pt_car_ratio,4.6670
10041519,wd_pm,gp,median_pt_minutes,14.0000
10041519,wd_pm,gp,share_within_30,0.7701
10041519,wd_pm,gp,share_within_60,1.0000
10041519,wd_pm,gp_strict,median_pt_car_ratio,4.2000
10041519,wd_pm,gp_strict,median_pt_minutes,25.0000
10041519,wd_pm,gp_strict,share_within_30,0.5951
10041519,wd_pm,gp_strict,share_within_60,0.9348
10041519,wd_pm,hospital,median_pt_car_ratio,4.0000
10041519,wd_pm,hospital,median_pt_minutes,41.0000
10041519,wd_pm,hospital,share_within_30,0.3373
10041519,wd_pm,hospital,share_within_60,0.7640
10041519,wd_pm,pharmacy,median_pt_car_ratio,4.4290
10041519,wd_pm,pharmacy,median_pt_minutes,14.0000
10041519,wd_pm,pharmacy,share_within_30,0.8564
10041519,wd_pm,pharmacy,share_within_60,1.0000
10041519,wd_pm,primary_school,median_pt_car_ratio,3.3330
10041519,wd_pm,primary_school,median_pt_minutes,10.0000
10041519,wd_pm,primary_school,share_within_30,0.9543
10041519,wd_pm,primary_school,share_within_60,1.0000
10041519,wd_pm,rail_station,median_pt_car_ratio,4.3330
10041519,wd_pm,rail_station,median_pt_minutes,30.0000
10041519,wd_pm,rail_station,share_within_30,0.5044
10041519,wd_pm,rail_station,share_within_60,0.9452
10041519,wd_pm,secondary_school,median_pt_car_ratio,4.2000
10041519,wd_pm,secondary_school,median_pt_minutes,19.0000
10041519,wd_pm,secondary_school,share_within_30,0.8030
10041519,wd_pm,secondary_school,share_within_60,0.9965
10041519,wd_pm,supermarket,median_pt_car_ratio,3.4000
10041519,wd_pm,supermarket,median_pt_minutes,9.0000
10041519,wd_pm,supermarket,share_within_30,0.9858
10041519,wd_pm,supermarket,share_within_60,1.0000
10042111,car,30,mean_reachable_population_car,283124.0000
10042111,car,45,mean_reachable_population_car,730021.0000
10042111,car,60,mean_reachable_population_car,1187508.0000
10042111,car,gp,median_car_minutes,5.0000
10042111,car,gp_strict,median_car_minutes,10.0000
10042111,car,hospital,median_car_minutes,17.0000
10042111,car,pharmacy,median_car_minutes,3.0000
10042111,car,primary_school,median_car_minutes,4.0000
10042111,car,rail_station,median_car_minutes,10.0000
10042111,car,secondary_school,median_car_minutes,9.0000
10042111,car,supermarket,median_car_minutes,5.0000
10042111,su_am,30,mean_reachable_population_pt,3235.0000
10042111,su_am,45,mean_reachable_population_pt,3338.0000
10042111,su_am,60,mean_reachable_population_pt,5787.0000
10042111,su_am,gp,median_pt_car_ratio,8.4290
10042111,su_am,gp,median_pt_minutes,59.0000
10042111,su_am,gp,share_within_30,0.4790
10042111,su_am,gp,share_within_60,0.5458
10042111,su_am,gp_strict,median_pt_car_ratio,8.2730
10042111,su_am,gp_strict,median_pt_minutes,66.0000
10042111,su_am,gp_strict,share_within_30,0.1906
10042111,su_am,gp_strict,share_within_60,0.3556
10042111,su_am,hospital,median_pt_car_ratio,6.2500
10042111,su_am,hospital,median_pt_minutes,101.0000
10042111,su_am,hospital,share_within_30,0.0000
10042111,su_am,hospital,share_within_60,0.0018
10042111,su_am,pharmacy,median_pt_car_ratio,6.5000
10042111,su_am,pharmacy,median_pt_minutes,21.0000
10042111,su_am,pharmacy,share_within_30,0.6897
10042111,su_am,pharmacy,share_within_60,0.7378
10042111,su_am,primary_school,median_pt_car_ratio,4.6670
10042111,su_am,primary_school,median_pt_minutes,15.0000
10042111,su_am,primary_school,share_within_30,0.6612
10042111,su_am,primary_school,share_within_60,0.6886
10042111,su_am,rail_station,median_pt_car_ratio,11.7000
10042111,su_am,rail_station,median_pt_minutes,117.0000
10042111,su_am,rail_station,share_within_30,0.2955
10042111,su_am,rail_station,share_within_60,0.3104
10042111,su_am,secondary_school,median_pt_car_ratio,7.7690
10042111,su_am,secondary_school,median_pt_minutes,92.0000
10042111,su_am,secondary_school,share_within_30,0.2660
10042111,su_am,secondary_school,share_within_60,0.2931
10042111,su_am,supermarket,median_pt_car_ratio,6.0000
10042111,su_am,supermarket,median_pt_minutes,25.0000
10042111,su_am,supermarket,share_within_30,0.5704
10042111,su_am,supermarket,share_within_60,0.5790
10042111,wd_am,30,mean_reachable_population_pt,3315.0000
10042111,wd_am,45,mean_reachable_population_pt,10446.0000
10042111,wd_am,60,mean_reachable_population_pt,36991.0000
10042111,wd_am,gp,median_pt_car_ratio,6.0000
10042111,wd_am,gp,median_pt_minutes,36.0000
10042111,wd_am,gp,share_within_30,0.4790
10042111,wd_am,gp,share_within_60,0.9793
10042111,wd_am,gp_strict,median_pt_car_ratio,5.0000
10042111,wd_am,gp_strict,median_pt_minutes,46.0000
10042111,wd_am,gp_strict,share_within_30,0.1924
10042111,wd_am,gp_strict,share_within_60,0.7807
10042111,wd_am,hospital,median_pt_car_ratio,3.8950
10042111,wd_am,hospital,median_pt_minutes,67.0000
10042111,wd_am,hospital,share_within_30,0.0000
10042111,wd_am,hospital,share_within_60,0.3078
10042111,wd_am,pharmacy,median_pt_car_ratio,6.0000
10042111,wd_am,pharmacy,median_pt_minutes,21.0000
10042111,wd_am,pharmacy,share_within_30,0.6897
10042111,wd_am,pharmacy,share_within_60,0.9934
10042111,wd_am,primary_school,median_pt_car_ratio,4.6670
10042111,wd_am,primary_school,median_pt_minutes,15.0000
10042111,wd_am,primary_school,share_within_30,0.6856
10042111,wd_am,primary_school,share_within_60,0.9858
10042111,wd_am,rail_station,median_pt_car_ratio,4.6150
10042111,wd_am,rail_station,median_pt_minutes,50.0000
10042111,wd_am,rail_station,share_within_30,0.2955
10042111,wd_am,rail_station,share_within_60,0.7664
10042111,wd_am,secondary_school,median_pt_car_ratio,4.2860
10042111,wd_am,secondary_school,median_pt_minutes,49.0000
10042111,wd_am,secondary_school,share_within_30,0.2660
10042111,wd_am,secondary_school,share_within_60,0.8517
10042111,wd_am,supermarket,median_pt_car_ratio,5.1250
10042111,wd_am,supermarket,median_pt_minutes,25.0000
10042111,wd_am,supermarket,share_within_30,0.5704
10042111,wd_am,supermarket,share_within_60,0.9901
10042111,wd_pm,30,mean_reachable_population_pt,3245.0000
10042111,wd_pm,45,mean_reachable_population_pt,4885.0000
10042111,wd_pm,60,mean_reachable_population_pt,17145.0000
10042111,wd_pm,gp,median_pt_car_ratio,7.5000
10042111,wd_pm,gp,median_pt_minutes,51.0000
10042111,wd_pm,gp,share_within_30,0.4790
10042111,wd_pm,gp,share_within_60,0.6512
10042111,wd_pm,gp_strict,median_pt_car_ratio,6.0000
10042111,wd_pm,gp_strict,median_pt_minutes,76.0000
10042111,wd_pm,gp_strict,share_within_30,0.1924
10042111,wd_pm,gp_strict,share_within_60,0.4610
10042111,wd_pm,hospital,median_pt_car_ratio,4.6520
10042111,wd_pm,hospital,median_pt_minutes,91.0000
10042111,wd_pm,hospital,share_within_30,0.0000
10042111,wd_pm,hospital,share_within_60,0.1702
10042111,wd_pm,pharmacy,median_pt_car_ratio,6.2500
10042111,wd_pm,pharmacy,median_pt_minutes,21.0000
10042111,wd_pm,pharmacy,share_within_30,0.6897
10042111,wd_pm,pharmacy,share_within_60,0.9218
10042111,wd_pm,primary_school,median_pt_car_ratio,4.6670
10042111,wd_pm,primary_school,median_pt_minutes,15.0000
10042111,wd_pm,primary_school,share_within_30,0.6612
10042111,wd_pm,primary_school,share_within_60,0.7124
10042111,wd_pm,rail_station,median_pt_car_ratio,9.9090
10042111,wd_pm,rail_station,median_pt_minutes,72.0000
10042111,wd_pm,rail_station,share_within_30,0.2955
10042111,wd_pm,rail_station,share_within_60,0.3144
10042111,wd_pm,secondary_school,median_pt_car_ratio,7.3000
10042111,wd_pm,secondary_school,median_pt_minutes,76.0000
10042111,wd_pm,secondary_school,share_within_30,0.2660
10042111,wd_pm,secondary_school,share_within_60,0.3236
10042111,wd_pm,supermarket,median_pt_car_ratio,5.7500
10042111,wd_pm,supermarket,median_pt_minutes,25.0000
10042111,wd_pm,supermarket,share_within_30,0.5704
10042111,wd_pm,supermarket,share_within_60,0.7943
10042112,car,30,mean_reachable_population_car,181060.0000
10042112,car,45,mean_reachable_population_car,515972.0000
10042112,car,60,mean_reachable_population_car,1031155.0000
10042112,car,gp,median_car_minutes,9.0000
10042112,car,gp_strict,median_car_minutes,10.0000
10042112,car,hospital,median_car_minutes,8.0000
10042112,car,pharmacy,median_car_minutes,6.0000
10042112,car,primary_school,median_car_minutes,6.0000
10042112,car,rail_station,median_car_minutes,14.0000
10042112,car,secondary_school,median_car_minutes,8.0000
10042112,car,supermarket,median_car_minutes,5.0000
10042112,su_am,30,mean_reachable_population_pt,3113.0000
10042112,su_am,45,mean_reachable_population_pt,4574.0000
10042112,su_am,60,mean_reachable_population_pt,10683.0000
10042112,su_am,gp,median_pt_car_ratio,8.4000
10042112,su_am,gp,median_pt_minutes,68.0000
10042112,su_am,gp,share_within_30,0.0000
10042112,su_am,gp,share_within_60,0.4340
10042112,su_am,gp_strict,median_pt_car_ratio,8.6670
10042112,su_am,gp_strict,median_pt_minutes,83.0000
10042112,su_am,gp_strict,share_within_30,0.0000
10042112,su_am,gp_strict,share_within_60,0.0000
10042112,su_am,hospital,median_pt_car_ratio,4.9000
10042112,su_am,hospital,median_pt_minutes,48.0000
10042112,su_am,hospital,share_within_30,0.3245
10042112,su_am,hospital,share_within_60,0.9346
10042112,su_am,pharmacy,median_pt_car_ratio,5.3330
10042112,su_am,pharmacy,median_pt_minutes,42.0000
10042112,su_am,pharmacy,share_within_30,0.3492
10042112,su_am,pharmacy,share_within_60,0.9497
10042112,su_am,primary_school,median_pt_car_ratio,4.4000
10042112,su_am,primary_school,median_pt_minutes,38.0000
10042112,su_am,primary_school,share_within_30,0.4712
10042112,su_am,primary_school,share_within_60,0.9498
10042112,su_am,rail_station,median_pt_car_ratio,4.7780
10042112,su_am,rail_station,median_pt_minutes,82.0000
10042112,su_am,rail_station,share_within_30,0.0000
10042112,su_am,rail_station,share_within_60,0.2893
10042112,su_am,secondary_school,median_pt_car_ratio,4.5000
10042112,su_am,secondary_school,median_pt_minutes,45.0000
10042112,su_am,secondary_school,share_within_30,0.3252
10042112,su_am,secondary_school,share_within_60,0.9377
10042112,su_am,supermarket,median_pt_car_ratio,5.0000
10042112,su_am,supermarket,median_pt_minutes,29.0000
10042112,su_am,supermarket,share_within_30,0.5098
10042112,su_am,supermarket,share_within_60,0.9485
10042112,wd_am,30,mean_reachable_population_pt,4036.0000
10042112,wd_am,45,mean_reachable_population_pt,12284.0000
10042112,wd_am,60,mean_reachable_population_pt,24139.0000
10042112,wd_am,gp,median_pt_car_ratio,4.8750
10042112,wd_am,gp,median_pt_minutes,44.0000
10042112,wd_am,gp,share_within_30,0.0768
10042112,wd_am,gp,share_within_60,0.9826
10042112,wd_am,gp_strict,median_pt_car_ratio,4.7860
10042112,wd_am,gp_strict,median_pt_minutes,51.0000
10042112,wd_am,gp_strict,share_within_30,0.0264
10042112,wd_am,gp_strict,share_within_60,0.8069
10042112,wd_am,hospital,median_pt_car_ratio,4.0000
10042112,wd_am,hospital,median_pt_minutes,36.0000
10042112,wd_am,hospital,share_within_30,0.3552
10042112,wd_am,hospital,share_within_60,0.9986
10042112,wd_am,pharmacy,median_pt_car_ratio,4.3330
10042112,wd_am,pharmacy,median_pt_minutes,29.0000
10042112,wd_am,pharmacy,share_within_30,0.6448
10042112,wd_am,pharmacy,share_within_60,0.9988
10042112,wd_am,primary_school,median_pt_car_ratio,3.5000
10042112,wd_am,primary_school,median_pt_minutes,23.0000
10042112,wd_am,primary_school,share_within_30,0.5869
10042112,wd_am,primary_school,share_within_60,0.9988
10042112,wd_am,rail_station,median_pt_car_ratio,3.6880
10042112,wd_am,rail_station,median_pt_minutes,58.0000
10042112,wd_am,rail_station,share_within_30,0.0000
10042112,wd_am,rail_station,share_within_60,0.5438
10042112,wd_am,secondary_school,median_pt_car_ratio,3.5450
10042112,wd_am,secondary_school,median_pt_minutes,32.0000
10042112,wd_am,secondary_school,share_within_30,0.4512
10042112,wd_am,secondary_school,share_within_60,0.9986
10042112,wd_am,supermarket,median_pt_car_ratio,4.3330
10042112,wd_am,supermarket,median_pt_minutes,24.0000
10042112,wd_am,supermarket,share_within_30,0.5975
10042112,wd_am,supermarket,share_within_60,0.9988
10042112,wd_pm,30,mean_reachable_population_pt,3140.0000
10042112,wd_pm,45,mean_reachable_population_pt,6571.0000
10042112,wd_pm,60,mean_reachable_population_pt,14034.0000
10042112,wd_pm,gp,median_pt_car_ratio,7.7270
10042112,wd_pm,gp,median_pt_minutes,57.0000
10042112,wd_pm,gp,share_within_30,0.0000
10042112,wd_pm,gp,share_within_60,0.5189
10042112,wd_pm,gp_strict,median_pt_car_ratio,7.2220
10042112,wd_pm,gp_strict,median_pt_minutes,74.0000
10042112,wd_pm,gp_strict,share_within_30,0.0000
10042112,wd_pm,gp_strict,share_within_60,0.1205
10042112,wd_pm,hospital,median_pt_car_ratio,5.0000
10042112,wd_pm,hospital,median_pt_minutes,43.0000
10042112,wd_pm,hospital,share_within_30,0.3252
10042112,wd_pm,hospital,share_within_60,0.9052
10042112,wd_pm,pharmacy,median_pt_car_ratio,5.1430
10042112,wd_pm,pharmacy,median_pt_minutes,35.0000
10042112,wd_pm,pharmacy,share_within_30,0.3742
10042112,wd_pm,pharmacy,share_within_60,0.9073
10042112,wd_pm,primary_school,median_pt_car_ratio,4.3750
10042112,wd_pm,primary_school,median_pt_minutes,31.0000
10042112,wd_pm,primary_school,share_within_30,0.4712
10042112,wd_pm,primary_school,share_within_60,0.9073
10042112,wd_pm,rail_station,median_pt_car_ratio,4.6150
10042112,wd_pm,rail_station,median_pt_minutes,73.0000
10042112,wd_pm,rail_station,share_within_30,0.0000
10042112,wd_pm,rail_station,share_within_60,0.3651
10042112,wd_pm,secondary_school,median_pt_car_ratio,4.4550
10042112,wd_pm,secondary_school,median_pt_minutes,40.0000
10042112,wd_pm,secondary_school,share_within_30,0.3252
10042112,wd_pm,secondary_school,share_within_60,0.9070
10042112,wd_pm,supermarket,median_pt_car_ratio,5.0000
10042112,wd_pm,supermarket,median_pt_minutes,29.0000
10042112,wd_pm,supermarket,share_within_30,0.5098
10042112,wd_pm,supermarket,share_within_60,0.9068
10042113,car,30,mean_reachable_population_car,248266.0000
10042113,car,45,mean_reachable_population_car,688346.0000
10042113,car,60,mean_reachable_population_car,1129511.0000
10042113,car,gp,median_car_minutes,5.0000
10042113,car,gp_strict,median_car_minutes,10.0000
10042113,car,hospital,median_car_minutes,11.0000
10042113,car,pharmacy,median_car_minutes,3.0000
10042113,car,primary_school,median_car_minutes,5.0000
10042113,car,rail_station,median_car_minutes,6.0000
10042113,car,secondary_school,median_car_minutes,9.0000
10042113,car,supermarket,median_car_minutes,4.0000
10042113,su_am,30,mean_reachable_population_pt,5052.0000
10042113,su_am,45,mean_reachable_population_pt,6246.0000
10042113,su_am,60,mean_reachable_population_pt,16537.0000
10042113,su_am,gp,median_pt_car_ratio,4.0000
10042113,su_am,gp,median_pt_minutes,22.0000
10042113,su_am,gp,share_within_30,0.6795
10042113,su_am,gp,share_within_60,0.7481
10042113,su_am,gp_strict,median_pt_car_ratio,6.6670
10042113,su_am,gp_strict,median_pt_minutes,68.0000
10042113,su_am,gp_strict,share_within_30,0.1021
10042113,su_am,gp_strict,share_within_60,0.3659
10042113,su_am,hospital,median_pt_car_ratio,6.5000
10042113,su_am,hospital,median_pt_minutes,73.0000
10042113,su_am,hospital,share_within_30,0.1686
10042113,su_am,hospital,share_within_60,0.3442
10042113,su_am,pharmacy,median_pt_car_ratio,4.5000
10042113,su_am,pharmacy,median_pt_minutes,14.0000
10042113,su_am,pharmacy,share_within_30,0.8157
10042113,su_am,pharmacy,share_within_60,0.8619
10042113,su_am,primary_school,median_pt_car_ratio,4.0000
10042113,su_am,primary_school,median_pt_minutes,18.0000
10042113,su_am,primary_school,share_within_30,0.7487
10042113,su_am,primary_school,share_within_60,0.8707
10042113,su_am,rail_station,median_pt_car_ratio,6.0000
10042113,su_am,rail_station,median_pt_minutes,46.0000
10042113,su_am,rail_station,share_within_30,0.4757
10042113,su_am,rail_station,share_within_60,0.6883
10042113,su_am,secondary_school,median_pt_car_ratio,4.8890
10042113,su_am,secondary_school,median_pt_minutes,54.0000
10042113,su_am,secondary_school,share_within_30,0.3846
10042113,su_am,secondary_school,share_within_60,0.6154
10042113,su_am,supermarket,median_pt_car_ratio,5.0000
10042113,su_am,supermarket,median_pt_minutes,21.0000
10042113,su_am,supermarket,share_within_30,0.6921
10042113,su_am,supermarket,share_within_60,0.8200
10042113,wd_am,30,mean_reachable_population_pt,6759.0000
10042113,wd_am,45,mean_reachable_population_pt,18271.0000
10042113,wd_am,60,mean_reachable_population_pt,50280.0000
10042113,wd_am,gp,median_pt_car_ratio,3.6000
10042113,wd_am,gp,median_pt_minutes,20.0000
10042113,wd_am,gp,share_within_30,0.7275
10042113,wd_am,gp,share_within_60,0.9462
10042113,wd_am,gp_strict,median_pt_car_ratio,4.0770
10042113,wd_am,gp_strict,median_pt_minutes,45.0000
10042113,wd_am,gp_strict,share_within_30,0.2953
10042113,wd_am,gp_strict,share_within_60,0.8434
10042113,wd_am,hospital,median_pt_car_ratio,4.1430
10042113,wd_am,hospital,median_pt_minutes,46.0000
10042113,wd_am,hospital,share_within_30,0.1827
10042113,wd_am,hospital,share_within_60,0.7624
10042113,wd_am,pharmacy,median_pt_car_ratio,4.2500
10042113,wd_am,pharmacy,median_pt_minutes,14.0000
10042113,wd_am,pharmacy,share_within_30,0.8622
10042113,wd_am,pharmacy,share_within_60,0.9799
10042113,wd_am,primary_school,median_pt_car_ratio,4.0000
10042113,wd_am,primary_school,median_pt_minutes,17.0000
10042113,wd_am,primary_school,share_within_30,0.8239
10042113,wd_am,primary_school,share_within_60,0.9706
10042113,wd_am,rail_station,median_pt_car_ratio,4.1670
10042113,wd_am,rail_station,median_pt_minutes,26.0000
10042113,wd_am,rail_station,share_within_30,0.6002
10042113,wd_am,rail_station,share_within_60,0.9884
10042113,wd_am,secondary_school,median_pt_car_ratio,3.5000
10042113,wd_am,secondary_school,median_pt_minutes,35.0000
10042113,wd_am,secondary_school,share_within_30,0.4385
10042113,wd_am,secondary_school,share_within_60,0.9161
10042113,wd_am,supermarket,median_pt_car_ratio,4.2000
10042113,wd_am,supermarket,median_pt_minutes,21.0000
10042113,wd_am,supermarket,share_within_30,0.7092
10042113,wd_am,supermarket,share_within_60,0.9565
10042113,wd_pm,30,mean_reachable_population_pt,5057.0000
10042113,wd_pm,45,mean_reachable_population_pt,9100.0000
10042113,wd_pm,60,mean_reachable_population_pt,26390.0000
10042113,wd_pm,gp,median_pt_car_ratio,4.0000
10042113,wd_pm,gp,median_pt_minutes,22.0000
10042113,wd_pm,gp,share_within_30,0.6795
10042113,wd_pm,gp,share_within_60,0.9433
10042113,wd_pm,gp_strict,median_pt_car_ratio,5.4170
10042113,wd_pm,gp_strict,median_pt_minutes,61.0000
10042113,wd_pm,gp_strict,share_within_30,0.1021
10042113,wd_pm,gp_strict,share_within_60,0.4780
10042113,wd_pm,hospital,median_pt_car_ratio,5.1000
10042113,wd_pm,hospital,median_pt_minutes,56.0000
10042113,wd_pm,hospital,share_within_30,0.1686
10042113,wd_pm,hospital,share_within_60,0.6174
10042113,wd_pm,pharmacy,median_pt_car_ratio,4.4000
10042113,wd_pm,pharmacy,median_pt_minutes,14.0000
10042113,wd_pm,pharmacy,share_within_30,0.8157
10042113,wd_pm,pharmacy,share_within_60,0.9505
10042113,wd_pm,primary_school,median_pt_car_ratio,4.0000
10042113,wd_pm,primary_school,median_pt_minutes,18.0000
10042113,wd_pm,primary_school,share_within_30,0.7487
10042113,wd_pm,primary_school,share_within_60,0.9495
10042113,wd_pm,rail_station,median_pt_car_ratio,4.8670
10042113,wd_pm,rail_station,median_pt_minutes,31.0000
10042113,wd_pm,rail_station,share_within_30,0.4757
10042113,wd_pm,rail_station,share_within_60,0.8894
10042113,wd_pm,secondary_school,median_pt_car_ratio,4.3080
10042113,wd_pm,secondary_school,median_pt_minutes,43.0000
10042113,wd_pm,secondary_school,share_within_30,0.3846
10042113,wd_pm,secondary_school,share_within_60,0.7385
10042113,wd_pm,supermarket,median_pt_car_ratio,4.6670
10042113,wd_pm,supermarket,median_pt_minutes,21.0000
10042113,wd_pm,supermarket,share_within_30,0.6921
10042113,wd_pm,supermarket,share_within_60,0.9434
10042114,car,30,mean_reachable_population_car,185501.0000
10042114,car,45,mean_reachable_population_car,565079.0000
10042114,car,60,mean_reachable_population_car,1045148.0000
10042114,car,gp,median_car_minutes,6.0000
10042114,car,gp_strict,median_car_minutes,8.0000
10042114,car,hospital,median_car_minutes,17.0000
10042114,car,pharmacy,median_car_minutes,4.0000
10042114,car,primary_school,median_car_minutes,5.0000
10042114,car,rail_station,median_car_minutes,11.0000
10042114,car,secondary_school,median_car_minutes,8.0000
10042114,car,supermarket,median_car_minutes,5.0000
10042114,su_am,30,mean_reachable_population_pt,2395.0000
10042114,su_am,45,mean_reachable_population_pt,2931.0000
10042114,su_am,60,mean_reachable_population_pt,8061.0000
10042114,su_am,gp,median_pt_car_ratio,6.6670
10042114,su_am,gp,median_pt_minutes,48.0000
10042114,su_am,gp,share_within_30,0.3676
10042114,su_am,gp,share_within_60,0.6799
10042114,su_am,gp_strict,median_pt_car_ratio,9.6670
10042114,su_am,gp_strict,median_pt_minutes,90.0000
10042114,su_am,gp_strict,share_within_30,0.0742
10042114,su_am,gp_strict,share_within_60,0.2836
10042114,su_am,hospital,median_pt_car_ratio,
10042114,su_am,hospital,median_pt_minutes,
10042114,su_am,hospital,share_within_30,0.0000
10042114,su_am,hospital,share_within_60,0.0000
10042114,su_am,pharmacy,median_pt_car_ratio,7.0000
10042114,su_am,pharmacy,median_pt_minutes,14.0000
10042114,su_am,pharmacy,share_within_30,0.5623
10042114,su_am,pharmacy,share_within_60,0.6831
10042114,su_am,primary_school,median_pt_car_ratio,4.7500
10042114,su_am,primary_school,median_pt_minutes,26.0000
10042114,su_am,primary_school,share_within_30,0.5684
10042114,su_am,primary_school,share_within_60,0.6678
10042114,su_am,rail_station,median_pt_car_ratio,
10042114,su_am,rail_station,median_pt_minutes,
10042114,su_am,rail_station,share_within_30,0.3623
10042114,su_am,rail_station,share_within_60,0.3623
10042114,su_am,secondary_school,median_pt_car_ratio,6.7780
10042114,su_am,secondary_school,median_pt_minutes,57.0000
10042114,su_am,secondary_school,share_within_30,0.2942
10042114,su_am,secondary_school,share_within_60,0.5036
10042114,su_am,supermarket,median_pt_car_ratio,5.0000
10042114,su_am,supermarket,median_pt_minutes,26.0000
10042114,su_am,supermarket,share_within_30,0.6060
10042114,su_am,supermarket,share_within_60,0.7185
10042114,wd_am,30,mean_reachable_population_pt,2457.0000
10042114,wd_am,45,mean_reachable_population_pt,4959.0000
10042114,wd_am,60,mean_reachable_population_pt,15971.0000
10042114,wd_am,gp,median_pt_car_ratio,5.1430
10042114,wd_am,gp,median_pt_minutes,36.0000
10042114,wd_am,gp,share_within_30,0.3932
10042114,wd_am,gp,share_within_60,0.9028
10042114,wd_am,gp_strict,median_pt_car_ratio,6.8890
10042114,wd_am,gp_strict,median_pt_minutes,65.0000
10042114,wd_am,gp_strict,share_within_30,0.0742
10042114,wd_am,gp_strict,share_within_60,0.4062
10042114,wd_am,hospital,median_pt_car_ratio,4.4620
10042114,wd_am,hospital,median_pt_minutes,82.0000
10042114,wd_am,hospital,share_within_30,0.0000
10042114,wd_am,hospital,share_within_60,0.1742
10042114,wd_am,pharmacy,median_pt_car_ratio,5.8750
10042114,wd_am,pharmacy,median_pt_minutes,14.0000
10042114,wd_am,pharmacy,share_within_30,0.5623
10042114,wd_am,pharmacy,share_within_60,0.9774
10042114,wd_am,primary_school,median_pt_car_ratio,4.7500
10042114,wd_am,primary_school,median_pt_minutes,26.0000
10042114,wd_am,primary_school,share_within_30,0.5684
10042114,wd_am,primary_school,share_within_60,0.9284
10042114,wd_am,rail_station,median_pt_car_ratio,4.2730
10042114,wd_am,rail_station,median_pt_minutes,47.0000
10042114,wd_am,rail_station,share_within_30,0.3623
10042114,wd_am,rail_station,share_within_60,0.7911
10042114,wd_am,secondary_school,median_pt_car_ratio,4.3640
10042114,wd_am,secondary_school,median_pt_minutes,42.0000
10042114,wd_am,secondary_school,share_within_30,0.2953
10042114,wd_am,secondary_school,share_within_60,0.8709
10042114,wd_am,supermarket,median_pt_car_ratio,5.0000
10042114,wd_am,supermarket,median_pt_minutes,26.0000
10042114,wd_am,supermarket,share_within_30,0.6068
10042114,wd_am,supermarket,share_within_60,0.9770
10042114,wd_pm,30,mean_reachable_population_pt,2395.0000
10042114,wd_pm,45,mean_reachable_population_pt,2910.0000
10042114,wd_pm,60,mean_reachable_population_pt,8782.0000
10042114,wd_pm,gp,median_pt_car_ratio,6.6670
10042114,wd_pm,gp,median_pt_minutes,48.0000
10042114,wd_pm,gp,share_within_30,0.3676
10042114,wd_pm,gp,share_within_60,0.6813
10042114,wd_pm,gp_strict,median_pt_car_ratio,
10042114,wd_pm,gp_strict,median_pt_minutes,
10042114,wd_pm,gp_strict,share_within_30,0.0742
10042114,wd_pm,gp_strict,share_within_60,0.3499
10042114,wd_pm,hospital,median_pt_car_ratio,
10042114,wd_pm,hospital,median_pt_minutes,
10042114,wd_pm,hospital,share_within_30,0.0000
10042114,wd_pm,hospital,share_within_60,0.0429
10042114,wd_pm,pharmacy,median_pt_car_ratio,7.0000
10042114,wd_pm,pharmacy,median_pt_minutes,14.0000
10042114,wd_pm,pharmacy,share_within_30,0.5623
10042114,wd_pm,pharmacy,share_within_60,0.6846
10042114,wd_pm,primary_school,median_pt_car_ratio,4.7500
10042114,wd_pm,primary_school,median_pt_minutes,26.0000
10042114,wd_pm,primary_school,share_within_30,0.5684
10042114,wd_pm,primary_school,share_within_60,0.6693
10042114,wd_pm,rail_station,median_pt_car_ratio,
10042114,wd_pm,rail_station,median_pt_minutes,
10042114,wd_pm,rail_station,share_within_30,0.3623
10042114,wd_pm,rail_station,share_within_60,0.3623
10042114,wd_pm,secondary_school,median_pt_car_ratio,6.5560
10042114,wd_pm,secondary_school,median_pt_minutes,57.0000
10042114,wd_pm,secondary_school,share_within_30,0.2942
10042114,wd_pm,secondary_school,share_within_60,0.5611
10042114,wd_pm,supermarket,median_pt_car_ratio,5.0000
10042114,wd_pm,supermarket,median_pt_minutes,26.0000
10042114,wd_pm,supermarket,share_within_30,0.6060
10042114,wd_pm,supermarket,share_within_60,0.7199
10042115,car,30,mean_reachable_population_car,93574.0000
10042115,car,45,mean_reachable_population_car,394381.0000
10042115,car,60,mean_reachable_population_car,892611.0000
10042115,car,gp,median_car_minutes,14.0000
10042115,car,gp_strict,median_car_minutes,18.0000
10042115,car,hospital,median_car_minutes,23.0000
10042115,car,pharmacy,median_car_minutes,4.0000
10042115,car,primary_school,median_car_minutes,8.0000
10042115,car,rail_station,median_car_minutes,4.0000
10042115,car,secondary_school,median_car_minutes,8.0000
10042115,car,supermarket,median_car_minutes,5.0000
10042115,su_am,30,mean_reachable_population_pt,1952.0000
10042115,su_am,45,mean_reachable_population_pt,2298.0000
10042115,su_am,60,mean_reachable_population_pt,4356.0000
10042115,su_am,gp,median_pt_car_ratio,5.5830
10042115,su_am,gp,median_pt_minutes,78.0000
10042115,su_am,gp,share_within_30,0.0000
10042115,su_am,gp,share_within_60,0.0818
10042115,su_am,gp_strict,median_pt_car_ratio,4.2110
10042115,su_am,gp_strict,median_pt_minutes,78.0000
10042115,su_am,gp_strict,share_within_30,0.0000
10042115,su_am,gp_strict,share_within_60,0.0818
10042115,su_am,hospital,median_pt_car_ratio,
10042115,su_am,hospital,median_pt_minutes,
10042115,su_am,hospital,share_within_30,0.0000
10042115,su_am,hospital,share_within_60,0.0000
10042115,su_am,pharmacy,median_pt_car_ratio,7.0000
10042115,su_am,pharmacy,median_pt_minutes,19.0000
10042115,su_am,pharmacy,share_within_30,0.5150
10042115,su_am,pharmacy,share_within_60,0.6851
10042115,su_am,primary_school,median_pt_car_ratio,5.5450
10042115,su_am,primary_school,median_pt_minutes,56.0000
10042115,su_am,primary_school,share_within_30,0.3532
10042115,su_am,primary_school,share_within_60,0.6301
10042115,su_am,rail_station,median_pt_car_ratio,5.6000
10042115,su_am,rail_station,median_pt_minutes,22.0000
10042115,su_am,rail_station,share_within_30,0.6103
10042115,su_am,rail_station,share_within_60,0.6789
10042115,su_am,secondary_school,median_pt_car_ratio,5.0830
10042115,su_am,secondary_school,median_pt_minutes,55.0000
10042115,su_am,secondary_school,share_within_30,0.3532
10042115,su_am,secondary_school,share_within_60,0.6297
10042115,su_am,supermarket,median_pt_car_ratio,6.0000
10042115,su_am,supermarket,median_pt_minutes,25.0000
10042115,su_am,supermarket,share_within_30,0.5769
10042115,su_am,supermarket,share_within_60,0.6857
10042115,wd_am,30,mean_reachable_population_pt,2097.0000
10042115,wd_am,45,mean_reachable_population_pt,4881.0000
10042115,wd_am,60,mean_reachable_population_pt,8164.0000
10042115,wd_am,gp,median_pt_car_ratio,5.3330
10042115,wd_am,gp,median_pt_minutes,69.0000
10042115,wd_am,gp,share_within_30,0.0000
10042115,wd_am,gp,share_within_60,0.1901
10042115,wd_am,gp_strict,median_pt_car_ratio,4.1180
10042115,wd_am,gp_strict,median_pt_minutes,76.0000
10042115,wd_am,gp_strict,share_within_30,0.0000
10042115,wd_am,gp_strict,share_within_60,0.1114
10042115,wd_am,hospital,median_pt_car_ratio,4.6090
10042115,wd_am,hospital,median_pt_minutes,106.0000
10042115,wd_am,hospital,share_within_30,0.0000
10042115,wd_am,hospital,share_within_60,0.0000
10042115,wd_am,pharmacy,median_pt_car_ratio,5.3330
10042115,wd_am,pharmacy,median_pt_minutes,19.0000
10042115,wd_am,pharmacy,share_within_30,0.5469
10042115,wd_am,pharmacy,share_within_60,0.9447
10042115,wd_am,primary_school,median_pt_car_ratio,4.1110
10042115,wd_am,primary_school,median_pt_minutes,39.0000
10042115,wd_am,primary_school,share_within_30,0.3561
10042115,wd_am,primary_school,share_within_60,0.9447
10042115,wd_am,rail_station,median_pt_car_ratio,5.0910
10042115,wd_am,rail_station,median_pt_minutes,22.0000
10042115,wd_am,rail_station,share_within_30,0.6103
10042115,wd_am,rail_station,share_within_60,0.8399
10042115,wd_am,secondary_school,median_pt_car_ratio,4.4000
10042115,wd_am,secondary_school,median_pt_minutes,42.0000
10042115,wd_am,secondary_school,share_within_30,0.3532
10042115,wd_am,secondary_school,share_within_60,0.9444
10042115,wd_am,supermarket,median_pt_car_ratio,5.1430
10042115,wd_am,supermarket,median_pt_minutes,25.0000
10042115,wd_am,supermarket,share_within_30,0.5769
10042115,wd_am,supermarket,share_within_60,0.9444
10042115,wd_pm,30,mean_reachable_population_pt,1952.0000
10042115,wd_pm,45,mean_reachable_population_pt,2040.0000
10042115,wd_pm,60,mean_reachable_population_pt,2979.0000
10042115,wd_pm,gp,median_pt_car_ratio,5.5000
10042115,wd_pm,gp,median_pt_minutes,77.0000
10042115,wd_pm,gp,share_within_30,0.0000
10042115,wd_pm,gp,share_within_60,0.0841
10042115,wd_pm,gp_strict,median_pt_car_ratio,4.1580
10042115,wd_pm,gp_strict,median_pt_minutes,77.0000
10042115,wd_pm,gp_strict,share_within_30,0.0000
10042115,wd_pm,gp_strict,share_within_60,0.0841
10042115,wd_pm,hospital,median_pt_car_ratio,
10042115,wd_pm,hospital,median_pt_minutes,
10042115,wd_pm,hospital,share_within_30,0.0000
10042115,wd_pm,hospital,share_within_60,0.0000
10042115,wd_pm,pharmacy,median_pt_car_ratio,7.0000
10042115,wd_pm,pharmacy,median_pt_minutes,19.0000
10042115,wd_pm,pharmacy,share_within_30,0.5150
10042115,wd_pm,pharmacy,share_within_60,0.6600
10042115,wd_pm,primary_school,median_pt_car_ratio,6.4550
10042115,wd_pm,primary_school,median_pt_minutes,69.0000
10042115,wd_pm,primary_school,share_within_30,0.3532
10042115,wd_pm,primary_school,share_within_60,0.3884
10042115,wd_pm,rail_station,median_pt_car_ratio,5.6000
10042115,wd_pm,rail_station,median_pt_minutes,22.0000
10042115,wd_pm,rail_station,share_within_30,0.6103
10042115,wd_pm,rail_station,share_within_60,0.6103
10042115,wd_pm,secondary_school,median_pt_car_ratio,7.3330
10042115,wd_pm,secondary_school,median_pt_minutes,78.0000
10042115,wd_pm,secondary_school,share_within_30,0.3532
10042115,wd_pm,secondary_school,share_within_60,0.3532
10042115,wd_pm,supermarket,median_pt_car_ratio,6.0000
10042115,wd_pm,supermarket,median_pt_minutes,25.0000
10042115,wd_pm,supermarket,share_within_30,0.5769
10042115,wd_pm,supermarket,share_within_60,0.6438
10042116,car,30,mean_reachable_population_car,178495.0000
10042116,car,45,mean_reachable_population_car,684754.0000
10042116,car,60,mean_reachable_population_car,1301442.0000
10042116,car,gp,median_car_minutes,5.0000
10042116,car,gp_strict,median_car_minutes,9.0000
10042116,car,hospital,median_car_minutes,16.0000
10042116,car,pharmacy,median_car_minutes,6.0000
10042116,car,primary_school,median_car_minutes,4.0000
10042116,car,rail_station,median_car_minutes,23.0000
10042116,car,secondary_school,median_car_minutes,12.0000
10042116,car,supermarket,median_car_minutes,6.0000
10042116,su_am,30,mean_reachable_population_pt,2235.0000
10042116,su_am,45,mean_reachable_population_pt,2291.0000
10042116,su_am,60,mean_reachable_population_pt,2546.0000
10042116,su_am,gp,median_pt_car_ratio,8.4440
10042116,su_am,gp,median_pt_minutes,70.0000
10042116,su_am,gp,share_within_30,0.4124
10042116,su_am,gp,share_within_60,0.4261
10042116,su_am,gp_strict,median_pt_car_ratio,9.9090
10042116,su_am,gp_strict,median_pt_minutes,83.0000
10042116,su_am,gp_strict,share_within_30,0.1867
10042116,su_am,gp_strict,share_within_60,0.1879
10042116,su_am,hospital,median_pt_car_ratio,8.1820
10042116,su_am,hospital,median_pt_minutes,106.0000
10042116,su_am,hospital,share_within_30,0.0000
10042116,su_am,hospital,share_within_60,0.0000
10042116,su_am,pharmacy,median_pt_car_ratio,8.7780
10042116,su_am,pharmacy,median_pt_minutes,71.0000
10042116,su_am,pharmacy,share_within_30,0.3901
10042116,su_am,pharmacy,share_within_60,0.4058
10042116,su_am,primary_school,median_pt_car_ratio,4.0000
10042116,su_am,primary_school,median_pt_minutes,15.0000
10042116,su_am,primary_school,share_within_30,0.8358
10042116,su_am,primary_school,share_within_60,0.8441
10042116,su_am,rail_station,median_pt_car_ratio,4.4170
10042116,su_am,rail_station,median_pt_minutes,109.0000
10042116,su_am,rail_station,share_within_30,0.0000
10042116,su_am,rail_station,share_within_60,0.0000
10042116,su_am,secondary_school,median_pt_car_ratio,6.7860
10042116,su_am,secondary_school,median_pt_minutes,87.0000
10042116,su_am,secondary_school,share_within_30,0.1777
10042116,su_am,secondary_school,share_within_60,0.1857
10042116,su_am,supermarket,median_pt_car_ratio,8.8750
10042116,su_am,supermarket,median_pt_minutes,72.0000
10042116,su_am,supermarket,share_within_30,0.4003
10042116,su_am,supermarket,share_within_60,0.4226
10042116,wd_am,30,mean_reachable_population_pt,2273.0000
10042116,wd_am,45,mean_reachable_population_pt,4670.0000
10042116,wd_am,60,mean_reachable_population_pt,10349.0000
10042116,wd_am,gp,median_pt_car_ratio,6.1250
10042116,wd_am,gp,median_pt_minutes,38.0000
10042116,wd_am,gp,share_within_30,0.4316
10042116,wd_am,gp,share_within_60,0.8185
10042116,wd_am,gp_strict,median_pt_car_ratio,5.5000
10042116,wd_am,gp_strict,median_pt_minutes,45.0000
10042116,wd_am,gp_strict,share_within_30,0.2060
10042116,wd_am,gp_strict,share_within_60,0.6524
10042116,wd_am,hospital,median_pt_car_ratio,4.7860
10042116,wd_am,hospital,median_pt_minutes,72.0000
10042116,wd_am,hospital,share_within_30,0.0000
10042116,wd_am,hospital,share_within_60,0.0933
10042116,wd_am,pharmacy,median_pt_car_ratio,5.8330
10042116,wd_am,pharmacy,median_pt_minutes,34.0000
10042116,wd_am,pharmacy,share_within_30,0.3977
10042116,wd_am,pharmacy,share_within_60,0.8117
10042116,wd_am,primary_school,median_pt_car_ratio,4.0000
10042116,wd_am,primary_school,median_pt_minutes,15.0000
10042116,wd_am,primary_school,share_within_30,0.8358
10042116,wd_am,primary_school,share_within_60,0.8939
10042116,wd_am,rail_station,median_pt_car_ratio,3.2500
10042116,wd_am,rail_station,median_pt_minutes,81.0000
10042116,wd_am,rail_station,share_within_30,0.0000
10042116,wd_am,rail_station,share_within_60,0.0208
10042116,wd_am,secondary_school,median_pt_car_ratio,4.3850
10042116,wd_am,secondary_school,median_pt_minutes,57.0000
10042116,wd_am,secondary_school,share_within_30,0.1777
10042116,wd_am,secondary_school,share_within_60,0.6589
10042116,wd_am,supermarket,median_pt_car_ratio,5.4290
10042116,wd_am,supermarket,median_pt_minutes,35.0000
10042116,wd_am,supermarket,share_within_30,0.4079
10042116,wd_am,supermarket,share_within_60,0.8191
10042116,wd_pm,30,mean_reachable_population_pt,2235.0000
10042116,wd_pm,45,mean_reachable_population_pt,3034.0000
10042116,wd_pm,60,mean_reachable_population_pt,8208.0000
10042116,wd_pm,gp,median_pt_car_ratio,6.7140
10042116,wd_pm,gp,median_pt_minutes,43.0000
10042116,wd_pm,gp,share_within_30,0.4124
10042116,wd_pm,gp,share_within_60,0.7660
10042116,wd_pm,gp_strict,median_pt_car_ratio,6.5000
10042116,wd_pm,gp_strict,median_pt_minutes,55.0000
10042116,wd_pm,gp_strict,share_within_30,0.1867
10042116,wd_pm,gp_strict,share_within_60,0.5897
10042116,wd_pm,hospital,median_pt_car_ratio,5.4000
10042116,wd_pm,hospital,median_pt_minutes,77.0000
10042116,wd_pm,hospital,share_within_30,0.0000
10042116,wd_pm,hospital,share_within_60,0.0554
10042116,wd_pm,pharmacy,median_pt_car_ratio,6.7140
10042116,wd_pm,pharmacy,median_pt_minutes,43.0000
10042116,wd_pm,pharmacy,share_within_30,0.3901
10042116,wd_pm,pharmacy,share_within_60,0.7639
10042116,wd_pm,primary_school,median_pt_car_ratio,4.0000
10042116,wd_pm,primary_school,median_pt_minutes,15.0000
10042116,wd_pm,primary_school,share_within_30,0.8358
10042116,wd_pm,primary_school,share_within_60,0.8917
10042116,wd_pm,rail_station,median_pt_car_ratio,3.2590
10042116,wd_pm,rail_station,median_pt_minutes,81.0000
10042116,wd_pm,rail_station,share_within_30,0.0000
10042116,wd_pm,rail_station,share_within_60,0.0549
10042116,wd_pm,secondary_school,median_pt_car_ratio,4.4620
10042116,wd_pm,secondary_school,median_pt_minutes,59.0000
10042116,wd_pm,secondary_school,share_within_30,0.1777
10042116,wd_pm,secondary_school,share_within_60,0.5696
10042116,wd_pm,supermarket,median_pt_car_ratio,6.0000
10042116,wd_pm,supermarket,median_pt_minutes,42.0000
10042116,wd_pm,supermarket,share_within_30,0.4003
10042116,wd_pm,supermarket,share_within_60,0.7722
10042117,car,30,mean_reachable_population_car,151598.0000
10042117,car,45,mean_reachable_population_car,485334.0000
10042117,car,60,mean_reachable_population_car,1110402.0000
10042117,car,gp,median_car_minutes,4.0000
10042117,car,gp_strict,median_car_minutes,4.0000
10042117,car,hospital,median_car_minutes,9.0000
10042117,car,pharmacy,median_car_minutes,5.0000
10042117,car,primary_school,median_car_minutes,4.0000
10042117,car,rail_station,median_car_minutes,25.0000
10042117,car,secondary_school,median_car_minutes,15.0000
10042117,car,supermarket,median_car_minutes,4.0000
10042117,su_am,30,mean_reachable_population_pt,2931.0000
10042117,su_am,45,mean_reachable_population_pt,2973.0000
10042117,su_am,60,mean_reachable_population_pt,3515.0000
10042117,su_am,gp,median_pt_car_ratio,6.5000
10042117,su_am,gp,median_pt_minutes,21.0000
10042117,su_am,gp,share_within_30,0.5374
10042117,su_am,gp,share_within_60,0.5374
10042117,su_am,gp_strict,median_pt_car_ratio,6.5000
10042117,su_am,gp_strict,median_pt_minutes,21.0000
10042117,su_am,gp_strict,share_within_30,0.5374
10042117,su_am,gp_strict,share_within_60,0.5374
10042117,su_am,hospital,median_pt_car_ratio,8.6000
10042117,su_am,hospital,median_pt_minutes,84.0000
10042117,su_am,hospital,share_within_30,0.3463
10042117,su_am,hospital,share_within_60,0.4164
10042117,su_am,pharmacy,median_pt_car_ratio,5.0000
10042117,su_am,pharmacy,median_pt_minutes,23.0000
10042117,su_am,pharmacy,share_within_30,0.5955
10042117,su_am,pharmacy,share_within_60,0.7189
10042117,su_am,primary_school,median_pt_car_ratio,4.0000
10042117,su_am,primary_school,median_pt_minutes,9.0000
10042117,su_am,primary_school,share_within_30,0.7344
10042117,su_am,primary_school,share_within_60,0.8577
10042117,su_am,rail_station,median_pt_car_ratio,4.5000
10042117,su_am,rail_station,median_pt_minutes,104.0000
10042117,su_am,rail_station,share_within_30,0.0000
10042117,su_am,rail_station,share_within_60,0.0000
10042117,su_am,secondary_school,median_pt_car_ratio,6.0710
10042117,su_am,secondary_school,median_pt_minutes,87.0000
10042117,su_am,secondary_school,share_within_30,0.0000
10042117,su_am,secondary_school,share_within_60,0.1234
10042117,su_am,supermarket,median_pt_car_ratio,4.0000
10042117,su_am,supermarket,median_pt_minutes,19.0000
10042117,su_am,supermarket,share_within_30,0.6868
10042117,su_am,supermarket,share_within_60,0.8101
10042117,wd_am,30,mean_reachable_population_pt,3061.0000
10042117,wd_am,45,mean_reachable_population_pt,6294.0000
10042117,wd_am,60,mean_reachable_population_pt,13717.0000
10042117,wd_am,gp,median_pt_car_ratio,5.6000
10042117,wd_am,gp,median_pt_minutes,21.0000
10042117,wd_am,gp,share_within_30,0.6424
10042117,wd_am,gp,share_within_60,0.9955
10042117,wd_am,gp_strict,median_pt_car_ratio,5.4000
10042117,wd_am,gp_strict,median_pt_minutes,21.0000
10042117,wd_am,gp_strict,share_within_30,0.6424
10042117,wd_am,gp_strict,share_within_60,0.9955
10042117,wd_am,hospital,median_pt_car_ratio,4.7780
10042117,wd_am,hospital,median_pt_minutes,43.0000
10042117,wd_am,hospital,share_within_30,0.3463
10042117,wd_am,hospital,share_within_60,0.9236
10042117,wd_am,pharmacy,median_pt_car_ratio,5.0000
10042117,wd_am,pharmacy,median_pt_minutes,23.0000
10042117,wd_am,pharmacy,share_within_30,0.7006
10042117,wd_am,pharmacy,share_within_60,0.9955
10042117,wd_am,primary_school,median_pt_car_ratio,4.0000
10042117,wd_am,primary_school,median_pt_minutes,9.0000
10042117,wd_am,primary_school,share_within_30,0.7939
10042117,wd_am,primary_school,share_within_60,0.9959
10042117,wd_am,rail_station,median_pt_car_ratio,3.1540
10042117,wd_am,rail_station,median_pt_minutes,75.0000
10042117,wd_am,rail_station,share_within_30,0.0000
10042117,wd_am,rail_station,share_within_60,0.0000
10042117,wd_am,secondary_school,median_pt_car_ratio,3.5830
10042117,wd_am,secondary_school,median_pt_minutes,52.0000
10042117,wd_am,secondary_school,share_within_30,0.0000
10042117,wd_am,secondary_school,share_within_60,0.7603
10042117,wd_am,supermarket,median_pt_car_ratio,4.0000
10042117,wd_am,supermarket,median_pt_minutes,19.0000
10042117,wd_am,supermarket,share_within_30,0.7918
10042117,wd_am,supermarket,share_within_60,0.9955
10042117,wd_pm,30,mean_reachable_population_pt,2931.0000
10042117,wd_pm,45,mean_reachable_population_pt,3150.0000
10042117,wd_pm,60,mean_reachable_population_pt,8254.0000
10042117,wd_pm,gp,median_pt_car_ratio,6.5000
10042117,wd_pm,gp,median_pt_minutes,21.0000
10042117,wd_pm,gp,share_within_30,0.5374
10042117,wd_pm,gp,share_within_60,0.7142
10042117,wd_pm,gp_strict,median_pt_car_ratio,6.5000
10042117,wd_pm,gp_strict,median_pt_minutes,21.0000
10042117,wd_pm,gp_strict,share_within_30,0.5374
10042117,wd_pm,gp_strict,share_within_60,0.7142
10042117,wd_pm,hospital,median_pt_car_ratio,5.9000
10042117,wd_pm,hospital,median_pt_minutes,58.0000
10042117,wd_pm,hospital,share_within_30,0.3463
10042117,wd_pm,hospital,share_within_60,0.6843
10042117,wd_pm,pharmacy,median_pt_car_ratio,5.0000
10042117,wd_pm,pharmacy,median_pt_minutes,23.0000
10042117,wd_pm,pharmacy,share_within_30,0.5955
10042117,wd_pm,pharmacy,share_within_60,0.8304
10042117,wd_pm,primary_school,median_pt_car_ratio,4.0000
10042117,wd_pm,primary_school,median_pt_minutes,9.0000
10042117,wd_pm,primary_school,share_within_30,0.7344
10042117,wd_pm,primary_school,share_within_60,0.9611
10042117,wd_pm,rail_station,median_pt_car_ratio,3.6670
10042117,wd_pm,rail_station,median_pt_minutes,86.0000
10042117,wd_pm,rail_station,share_within_30,0.0000
10042117,wd_pm,rail_station,share_within_60,0.0000
10042117,wd_pm,secondary_school,median_pt_car_ratio,4.3330
10042117,wd_pm,secondary_school,median_pt_minutes,61.0000
10042117,wd_pm,secondary_school,share_within_30,0.0000
10042117,wd_pm,secondary_school,share_within_60,0.4764
10042117,wd_pm,supermarket,median_pt_car_ratio,4.0000
10042117,wd_pm,supermarket,median_pt_minutes,19.0000
10042117,wd_pm,supermarket,share_within_30,0.6868
10042117,wd_pm,supermarket,share_within_60,0.9217
10043111,car,30,mean_reachable_population_car,561994.0000
10043111,car,45,mean_reachable_population_car,1130930.0000
10043111,car,60,mean_reachable_population_car,1379386.0000
10043111,car,gp,median_car_minutes,5.0000
10043111,car,gp_strict,median_car_minutes,5.0000
10043111,car,hospital,median_car_minutes,19.0000
10043111,car,pharmacy,median_car_minutes,3.0000
10043111,car,primary_school,median_car_minutes,5.0000
10043111,car,rail_station,median_car_minutes,4.0000
10043111,car,secondary_school,median_car_minutes,8.0000
10043111,car,supermarket,median_car_minutes,4.0000
10043111,su_am,30,mean_reachable_population_pt,4276.0000
10043111,su_am,45,mean_reachable_population_pt,4476.0000
10043111,su_am,60,mean_reachable_population_pt,10102.0000
10043111,su_am,gp,median_pt_car_ratio,5.5000
10043111,su_am,gp,median_pt_minutes,24.0000
10043111,su_am,gp,share_within_30,0.5532
10043111,su_am,gp,share_within_60,0.6306
10043111,su_am,gp_strict,median_pt_car_ratio,6.0000
10043111,su_am,gp_strict,median_pt_minutes,24.0000
10043111,su_am,gp_strict,share_within_30,0.5530
10043111,su_am,gp_strict,share_within_60,0.6304
10043111,su_am,hospital,median_pt_car_ratio,7.2310
10043111,su_am,hospital,median_pt_minutes,98.0000
10043111,su_am,hospital,share_within_30,0.0000
10043111,su_am,hospital,share_within_60,0.0000
10043111,su_am,pharmacy,median_pt_car_ratio,5.0000
10043111,su_am,pharmacy,median_pt_minutes,13.0000
10043111,su_am,pharmacy,share_within_30,0.7984
10043111,su_am,pharmacy,share_within_60,0.8352
10043111,su_am,primary_school,median_pt_car_ratio,3.0000
10043111,su_am,primary_school,median_pt_minutes,15.0000
10043111,su_am,primary_school,share_within_30,0.8260
10043111,su_am,primary_school,share_within_60,0.8260
10043111,su_am,rail_station,median_pt_car_ratio,5.3330
10043111,su_am,rail_station,median_pt_minutes,16.0000
10043111,su_am,rail_station,share_within_30,0.6158
10043111,su_am,rail_station,share_within_60,0.6158
10043111,su_am,secondary_school,median_pt_car_ratio,6.0000
10043111,su_am,secondary_school,median_pt_minutes,57.0000
10043111,su_am,secondary_school,share_within_30,0.3831
10043111,su_am,secondary_school,share_within_60,0.5332
10043111,su_am,supermarket,median_pt_car_ratio,4.7500
10043111,su_am,supermarket,median_pt_minutes,17.0000
10043111,su_am,supermarket,share_within_30,0.6911
10043111,su_am,supermarket,share_within_60,0.8601
10043111,wd_am,30,mean_reachable_population_pt,4548.0000
10043111,wd_am,45,mean_reachable_population_pt,14351.0000
10043111,wd_am,60,mean_reachable_population_pt,36262.0000
10043111,wd_am,gp,median_pt_car_ratio,4.5000
10043111,wd_am,gp,median_pt_minutes,23.0000
10043111,wd_am,gp,share_within_30,0.6168
10043111,wd_am,gp,share_within_60,0.9998
10043111,wd_am,gp_strict,median_pt_car_ratio,4.6000
10043111,wd_am,gp_strict,median_pt_minutes,24.0000
10043111,wd_am,gp_strict,share_within_30,0.6166
10043111,wd_am,gp_strict,share_within_60,0.9998
10043111,wd_am,hospital,median_pt_car_ratio,4.7060
10043111,wd_am,hospital,median_pt_minutes,82.0000
10043111,wd_am,hospital,share_within_30,0.0000
10043111,wd_am,hospital,share_within_60,0.0065
10043111,wd_am,pharmacy,median_pt_car_ratio,5.0000
10043111,wd_am,pharmacy,median_pt_minutes,13.0000
10043111,wd_am,pharmacy,share_within_30,0.8456
10043111,wd_am,pharmacy,share_within_60,0.9998
10043111,wd_am,primary_school,median_pt_car_ratio,3.0000
10043111,wd_am,primary_school,median_pt_minutes,15.0000
10043111,wd_am,primary_school,share_within_30,0.8260
10043111,wd_am,primary_school,share_within_60,0.9998
10043111,wd_am,rail_station,median_pt_car_ratio,4.0000
10043111,wd_am,rail_station,median_pt_minutes,16.0000
10043111,wd_am,rail_station,share_within_30,0.6158
10043111,wd_am,rail_station,share_within_60,0.9998
10043111,wd_am,secondary_school,median_pt_car_ratio,3.8890
10043111,wd_am,secondary_school,median_pt_minutes,35.0000
10043111,wd_am,secondary_school,share_within_30,0.3831
10043111,wd_am,secondary_school,share_within_60,0.9995
10043111,wd_am,supermarket,median_pt_car_ratio,4.3330
10043111,wd_am,supermarket,median_pt_minutes,17.0000
10043111,wd_am,supermarket,share_within_30,0.7493
10043111,wd_am,supermarket,share_within_60,0.9998
10043111,wd_pm,30,mean_reachable_population_pt,4276.0000
10043111,wd_pm,45,mean_reachable_population_pt,5889.0000
10043111,wd_pm,60,mean_reachable_population_pt,17664.0000
10043111,wd_pm,gp,median_pt_car_ratio,5.2220
10043111,wd_pm,gp,median_pt_minutes,24.0000
10043111,wd_pm,gp,share_within_30,0.5532
10043111,wd_pm,gp,share_within_60,0.9235
10043111,wd_pm,gp_strict,median_pt_car_ratio,5.3750
10043111,wd_pm,gp_strict,median_pt_minutes,24.0000
10043111,wd_pm,gp_strict,share_within_30,0.5530
10043111,wd_pm,gp_strict,share_within_60,0.9149
10043111,wd_pm,hospital,median_pt_car_ratio,5.3330
10043111,wd_pm,hospital,median_pt_minutes,93.0000
10043111,wd_pm,hospital,share_within_30,0.0000
10043111,wd_pm,hospital,share_within_60,0.0002
10043111,wd_pm,pharmacy,median_pt_car_ratio,5.0000
10043111,wd_pm,pharmacy,median_pt_minutes,13.0000
10043111,wd_pm,pharmacy,share_within_30,0.7984
10043111,wd_pm,pharmacy,share_within_60,0.9452
10043111,wd_pm,primary_school,median_pt_car_ratio,3.0000
10043111,wd_pm,primary_school,median_pt_minutes,15.0000
10043111,wd_pm,primary_school,share_within_30,0.8260
10043111,wd_pm,primary_school,share_within_60,0.9561
10043111,wd_pm,rail_station,median_pt_car_ratio,4.5000
10043111,wd_pm,rail_station,median_pt_minutes,16.0000
10043111,wd_pm,rail_station,share_within_30,0.6158
10043111,wd_pm,rail_station,share_within_60,0.9244
10043111,wd_pm,secondary_school,median_pt_car_ratio,5.5000
10043111,wd_pm,secondary_school,median_pt_minutes,53.0000
10043111,wd_pm,secondary_school,share_within_30,0.3831
10043111,wd_pm,secondary_school,share_within_60,0.7507
10043111,wd_pm,supermarket,median_pt_car_ratio,4.7500
10043111,wd_pm,supermarket,median_pt_minutes,17.0000
10043111,wd_pm,supermarket,share_within_30,0.6911
10043111,wd_pm,supermarket,share_within_60,0.9703
10043112,car,30,mean_reachable_population_car,530471.0000
10043112,car,45,mean_reachable_population_car,1093150.0000
10043112,car,60,mean_reachable_population_car,1346681.0000
10043112,car,gp,median_car_minutes,5.0000
10043112,car,gp_strict,median_car_minutes,6.0000
10043112,car,hospital,median_car_minutes,20.0000
10043112,car,pharmacy,median_car_minutes,3.0000
10043112,car,primary_school,median_car_minutes,6.0000
10043112,car,rail_station,median_car_minutes,5.0000
10043112,car,secondary_school,median_car_minutes,8.0000
10043112,car,supermarket,median_car_minutes,4.0000
10043112,su_am,30,mean_reachable_population_pt,5365.0000
10043112,su_am,45,mean_reachable_population_pt,6075.0000
10043112,su_am,60,mean_reachable_population_pt,15127.0000
10043112,su_am,gp,median_pt_car_ratio,3.6670
10043112,su_am,gp,median_pt_minutes,20.0000
10043112,su_am,gp,share_within_30,0.6903
10043112,su_am,gp,share_within_60,0.8524
10043112,su_am,gp_strict,median_pt_car_ratio,7.3330
10043112,su_am,gp_strict,median_pt_minutes,49.0000
10043112,su_am,gp_strict,share_within_30,0.4186
10043112,su_am,gp_strict,share_within_60,0.6303
10043112,su_am,hospital,median_pt_car_ratio,4.0500
10043112,su_am,hospital,median_pt_minutes,84.0000
10043112,su_am,hospital,share_within_30,0.0000
10043112,su_am,hospital,share_within_60,0.0000
10043112,su_am,pharmacy,median_pt_car_ratio,4.4000
10043112,su_am,pharmacy,median_pt_minutes,12.0000
10043112,su_am,pharmacy,share_within_30,0.8829
10043112,su_am,pharmacy,share_within_60,0.9976
10043112,su_am,primary_school,median_pt_car_ratio,4.0000
10043112,su_am,primary_school,median_pt_minutes,20.0000
10043112,su_am,primary_school,share_within_30,0.6384
10043112,su_am,primary_school,share_within_60,0.7489
10043112,su_am,rail_station,median_pt_car_ratio,5.8000
10043112,su_am,rail_station,median_pt_minutes,28.0000
10043112,su_am,rail_station,share_within_30,0.5252
10043112,su_am,rail_station,share_within_60,0.5252
10043112,su_am,secondary_school,median_pt_car_ratio,7.4290
10043112,su_am,secondary_school,median_pt_minutes,65.0000
10043112,su_am,secondary_school,share_within_30,0.2876
10043112,su_am,secondary_school,share_within_60,0.4376
10043112,su_am,supermarket,median_pt_car_ratio,4.5000
10043112,su_am,supermarket,median_pt_minutes,17.0000
10043112,su_am,supermarket,share_within_30,0.7518
10043112,su_am,supermarket,share_within_60,0.9121
10043112,wd_am,30,mean_reachable_population_pt,6612.0000
10043112,wd_am,45,mean_reachable_population_pt,20950.0000
10043112,wd_am,60,mean_reachable_population_pt,62400.0000
10043112,wd_am,gp,median_pt_car_ratio,3.6670
10043112,wd_am,gp,median_pt_minutes,20.0000
10043112,wd_am,gp,share_within_30,0.7551
10043112,wd_am,gp,share_within_60,0.9991
10043112,wd_am,gp_strict,median_pt_car_ratio,4.8330
10043112,wd_am,gp_strict,median_pt_minutes,30.0000
10043112,wd_am,gp_strict,share_within_30,0.5430
10043112,wd_am,gp_strict,share_within_60,0.9991
10043112,wd_am,hospital,median_pt_car_ratio,3.0950
10043112,wd_am,hospital,median_pt_minutes,65.0000
10043112,wd_am,hospital,share_within_30,0.0000
10043112,wd_am,hospital,share_within_60,0.3719
10043112,wd_am,pharmacy,median_pt_car_ratio,4.4000
10043112,wd_am,pharmacy,median_pt_minutes,12.0000
10043112,wd_am,pharmacy,share_within_30,0.9359
10043112,wd_am,pharmacy,share_within_60,1.0000
10043112,wd_am,primary_school,median_pt_car_ratio,4.0000
10043112,wd_am,primary_school,median_pt_minutes,20.0000
10043112,wd_am,primary_school,share_within_30,0.6384
10043112,wd_am,primary_school,share_within_60,0.9991
10043112,wd_am,rail_station,median_pt_car_ratio,4.6670
10043112,wd_am,rail_station,median_pt_minutes,27.0000
10043112,wd_am,rail_station,share_within_30,0.6359
10043112,wd_am,rail_station,share_within_60,0.9996
10043112,wd_am,secondary_school,median_pt_car_ratio,4.9170
10043112,wd_am,secondary_school,median_pt_minutes,44.0000
10043112,wd_am,secondary_school,share_within_30,0.2885
10043112,wd_am,secondary_school,share_within_60,0.9741
10043112,wd_am,supermarket,median_pt_car_ratio,4.5000
10043112,wd_am,supermarket,median_pt_minutes,17.0000
10043112,wd_am,supermarket,share_within_30,0.7522
10043112,wd_am,supermarket,share_within_60,1.0000
10043112,wd_pm,30,mean_reachable_population_pt,5382.0000
10043112,wd_pm,45,mean_reachable_population_pt,7350.0000
10043112,wd_pm,60,mean_reachable_population_pt,21630.0000
10043112,wd_pm,gp,median_pt_car_ratio,3.6670
10043112,wd_pm,gp,median_pt_minutes,20.0000
10043112,wd_pm,gp,share_within_30,0.6903
10043112,wd_pm,gp,share_within_60,0.8083
10043112,wd_pm,gp_strict,median_pt_car_ratio,6.1430
10043112,wd_pm,gp_strict,median_pt_minutes,42.0000
10043112,wd_pm,gp_strict,share_within_30,0.4186
10043112,wd_pm,gp_strict,share_within_60,0.7921
10043112,wd_pm,hospital,median_pt_car_ratio,3.8180
10043112,wd_pm,hospital,median_pt_minutes,83.0000
10043112,wd_pm,hospital,share_within_30,0.0000
10043112,wd_pm,hospital,share_within_60,0.0010
10043112,wd_pm,pharmacy,median_pt_car_ratio,4.4000
10043112,wd_pm,pharmacy,median_pt_minutes,12.0000
10043112,wd_pm,pharmacy,share_within_30,0.8829
10043112,wd_pm,pharmacy,share_within_60,0.9996
10043112,wd_pm,primary_school,median_pt_car_ratio,4.0000
10043112,wd_pm,primary_school,median_pt_minutes,20.0000
10043112,wd_pm,primary_school,share_within_30,0.6384
10043112,wd_pm,primary_school,share_within_60,0.8083
10043112,wd_pm,rail_station,median_pt_car_ratio,5.0000
10043112,wd_pm,rail_station,median_pt_minutes,28.0000
10043112,wd_pm,rail_station,share_within_30,0.5252
10043112,wd_pm,rail_station,share_within_60,0.7921
10043112,wd_pm,secondary_school,median_pt_car_ratio,7.0000
10043112,wd_pm,secondary_school,median_pt_minutes,55.0000
10043112,wd_pm,secondary_school,share_within_30,0.2876
10043112,wd_pm,secondary_school,share_within_60,0.6403
10043112,wd_pm,supermarket,median_pt_car_ratio,4.5000
10043112,wd_pm,supermarket,median_pt_minutes,17.0000
10043112,wd_pm,supermarket,share_within_30,0.7518
10043112,wd_pm,supermarket,share_within_60,0.9164
10043113,car,30,mean_reachable_population_car,605990.0000
10043113,car,45,mean_reachable_population_car,1112080.0000
10043113,car,60,mean_reachable_population_car,1323528.0000
10043113,car,gp,median_car_minutes,6.0000
10043113,car,gp_strict,median_car_minutes,9.0000
10043113,car,hospital,median_car_minutes,17.0000
10043113,car,pharmacy,median_car_minutes,3.0000
10043113,car,primary_school,median_car_minutes,3.0000
10043113,car,rail_station,median_car_minutes,5.0000
10043113,car,secondary_school,median_car_minutes,5.0000
10043113,car,supermarket,median_car_minutes,5.0000
10043113,su_am,30,mean_reachable_population_pt,7749.0000
10043113,su_am,45,mean_reachable_population_pt,8192.0000
10043113,su_am,60,mean_reachable_population_pt,20840.0000
10043113,su_am,gp,median_pt_car_ratio,5.3330
10043113,su_am,gp,median_pt_minutes,44.0000
10043113,su_am,gp,share_within_30,0.4920
10043113,su_am,gp,share_within_60,0.9638
10043113,su_am,gp_strict,median_pt_car_ratio,5.4000
10043113,su_am,gp_strict,median_pt_minutes,50.0000
10043113,su_am,gp_strict,share_within_30,0.0513
10043113,su_am,gp_strict,share_within_60,0.9638
10043113,su_am,hospital,median_pt_car_ratio,3.9440
10043113,su_am,hospital,median_pt_minutes,70.0000
10043113,su_am,hospital,share_within_30,0.0000
10043113,su_am,hospital,share_within_60,0.1201
10043113,su_am,pharmacy,median_pt_car_ratio,3.5000
10043113,su_am,pharmacy,median_pt_minutes,9.0000
10043113,su_am,pharmacy,share_within_30,1.0000
10043113,su_am,pharmacy,share_within_60,1.0000
10043113,su_am,primary_school,median_pt_car_ratio,3.5710
10043113,su_am,primary_school,median_pt_minutes,11.0000
10043113,su_am,primary_school,share_within_30,1.0000
10043113,su_am,primary_school,share_within_60,1.0000
10043113,su_am,rail_station,median_pt_car_ratio,3.0000
10043113,su_am,rail_station,median_pt_minutes,13.0000
10043113,su_am,rail_station,share_within_30,1.0000
10043113,su_am,rail_station,share_within_60,1.0000
10043113,su_am,secondary_school,median_pt_car_ratio,5.5000
10043113,su_am,secondary_school,median_pt_minutes,17.0000
10043113,su_am,secondary_school,share_within_30,0.5999
10043113,su_am,secondary_school,share_within_60,0.9709
10043113,su_am,supermarket,median_pt_car_ratio,2.8330
10043113,su_am,supermarket,median_pt_minutes,11.0000
10043113,su_am,supermarket,share_within_30,1.0000
10043113,su_am,supermarket,share_within_60,1.0000
10043113,wd_am,30,mean_reachable_population_pt,9150.0000
10043113,wd_am,45,mean_reachable_population_pt,29718.0000
10043113,wd_am,60,mean_reachable_population_pt,90216.0000
10043113,wd_am,gp,median_pt_car_ratio,4.3330
10043113,wd_am,gp,median_pt_minutes,28.0000
10043113,wd_am,gp,share_within_30,0.5578
10043113,wd_am,gp,share_within_60,1.0000
10043113,wd_am,gp_strict,median_pt_car_ratio,3.5450
10043113,wd_am,gp_strict,median_pt_minutes,34.0000
10043113,wd_am,gp_strict,share_within_30,0.3939
10043113,wd_am,gp_strict,share_within_60,1.0000
10043113,wd_am,hospital,median_pt_car_ratio,3.2670
10043113,wd_am,hospital,median_pt_minutes,52.0000
10043113,wd_am,hospital,share_within_30,0.0000
10043113,wd_am,hospital,share_within_60,0.9297
10043113,wd_am,pharmacy,median_pt_car_ratio,3.5000
10043113,wd_am,pharmacy,median_pt_minutes,9.0000
10043113,wd_am,pharmacy,share_within_30,1.0000
10043113,wd_am,pharmacy,share_within_60,1.0000
10043113,wd_am,primary_school,median_pt_car_ratio,3.5710
10043113,wd_am,primary_school,median_pt_minutes,11.0000
10043113,wd_am,primary_school,share_within_30,1.0000
10043113,wd_am,primary_school,share_within_60,1.0000
10043113,wd_am,rail_station,median_pt_car_ratio,3.0000
10043113,wd_am,rail_station,median_pt_minutes,13.0000
10043113,wd_am,rail_station,share_within_30,1.0000
10043113,wd_am,rail_station,share_within_60,1.0000
10043113,wd_am,secondary_school,median_pt_car_ratio,4.0000
10043113,wd_am,secondary_school,median_pt_minutes,17.0000
10043113,wd_am,secondary_school,share_within_30,0.5999
10043113,wd_am,secondary_school,share_within_60,1.0000
10043113,wd_am,supermarket,median_pt_car_ratio,2.8330
10043113,wd_am,supermarket,median_pt_minutes,11.0000
10043113,wd_am,supermarket,share_within_30,1.0000
10043113,wd_am,supermarket,share_within_60,1.0000
10043113,wd_pm,30,mean_reachable_population_pt,7749.0000
10043113,wd_pm,45,mean_reachable_population_pt,9340.0000
10043113,wd_pm,60,mean_reachable_population_pt,29962.0000
10043113,wd_pm,gp,median_pt_car_ratio,5.4440
10043113,wd_pm,gp,median_pt_minutes,45.0000
10043113,wd_pm,gp,share_within_30,0.4920
10043113,wd_pm,gp,share_within_60,0.9981
10043113,wd_pm,gp_strict,median_pt_car_ratio,5.5000
10043113,wd_pm,gp_strict,median_pt_minutes,50.0000
10043113,wd_pm,gp_strict,share_within_30,0.0513
10043113,wd_pm,gp_strict,share_within_60,0.9638
10043113,wd_pm,hospital,median_pt_car_ratio,3.9440
10043113,wd_pm,hospital,median_pt_minutes,65.0000
10043113,wd_pm,hospital,share_within_30,0.0000
10043113,wd_pm,hospital,share_within_60,0.3612
10043113,wd_pm,pharmacy,median_pt_car_ratio,3.5000
10043113,wd_pm,pharmacy,median_pt_minutes,9.0000
10043113,wd_pm,pharmacy,share_within_30,1.0000
10043113,wd_pm,pharmacy,share_within_60,1.0000
10043113,wd_pm,primary_school,median_pt_car_ratio,3.5710
10043113,wd_pm,primary_school,median_pt_minutes,11.0000
10043113,wd_pm,primary_school,share_within_30,1.0000
10043113,wd_pm,primary_school,share_within_60,1.0000
10043113,wd_pm,rail_station,median_pt_car_ratio,3.0000
10043113,wd_pm,rail_station,median_pt_minutes,13.0000
10043113,wd_pm,rail_station,share_within_30,1.0000
10043113,wd_pm,rail_station,share_within_60,1.0000
10043113,wd_pm,secondary_school,median_pt_car_ratio,5.5000
10043113,wd_pm,secondary_school,median_pt_minutes,17.0000
10043113,wd_pm,secondary_school,share_within_30,0.5999
10043113,wd_pm,secondary_school,share_within_60,0.9709
10043113,wd_pm,supermarket,median_pt_car_ratio,2.8330
10043113,wd_pm,supermarket,median_pt_minutes,11.0000
10043113,wd_pm,supermarket,share_within_30,1.0000
10043113,wd_pm,supermarket,share_within_60,1.0000
10043114,car,30,mean_reachable_population_car,637216.0000
10043114,car,45,mean_reachable_population_car,1129748.0000
10043114,car,60,mean_reachable_population_car,1310190.0000
10043114,car,gp,median_car_minutes,4.0000
10043114,car,gp_strict,median_car_minutes,7.0000
10043114,car,hospital,median_car_minutes,5.0000
10043114,car,pharmacy,median_car_minutes,2.0000
10043114,car,primary_school,median_car_minutes,3.0000
10043114,car,rail_station,median_car_minutes,6.0000
10043114,car,secondary_school,median_car_minutes,6.0000
10043114,car,supermarket,median_car_minutes,3.0000
10043114,su_am,30,mean_reachable_population_pt,13482.0000
10043114,su_am,45,mean_reachable_population_pt,26495.0000
10043114,su_am,60,mean_reachable_population_pt,59201.0000
10043114,su_am,gp,median_pt_car_ratio,3.6670
10043114,su_am,gp,median_pt_minutes,13.0000
10043114,su_am,gp,share_within_30,0.7844
10043114,su_am,gp,share_within_60,0.9863
10043114,su_am,gp_strict,median_pt_car_ratio,3.8750
10043114,su_am,gp_strict,median_pt_minutes,33.0000
10043114,su_am,gp_strict,share_within_30,0.4575
10043114,su_am,gp_strict,share_within_60,0.8909
10043114,su_am,hospital,median_pt_car_ratio,4.4550
10043114,su_am,hospital,median_pt_minutes,21.0000
10043114,su_am,hospital,share_within_30,0.6194
10043114,su_am,hospital,share_within_60,0.9390
10043114,su_am,pharmacy,median_pt_car_ratio,4.0000
10043114,su_am,pharmacy,median_pt_minutes,10.0000
10043114,su_am,pharmacy,share_within_30,0.9226
10043114,su_am,pharmacy,share_within_60,0.9931
10043114,su_am,primary_school,median_pt_car_ratio,3.2500
10043114,su_am,primary_school,median_pt_minutes,10.0000
10043114,su_am,primary_school,share_within_30,0.9263
10043114,su_am,primary_school,share_within_60,0.9944
10043114,su_am,rail_station,median_pt_car_ratio,4.2500
10043114,su_am,rail_station,median_pt_minutes,23.0000
10043114,su_am,rail_station,share_within_30,0.6441
10043114,su_am,rail_station,share_within_60,0.8696
10043114,su_am,secondary_school,median_pt_car_ratio,4.3640
10043114,su_am,secondary_school,median_pt_minutes,27.0000
10043114,su_am,secondary_school,share_within_30,0.5581
10043114,su_am,secondary_school,share_within_60,0.9548
10043114,su_am,supermarket,median_pt_car_ratio,3.5000
10043114,su_am,supermarket,median_pt_minutes,9.0000
10043114,su_am,supermarket,share_within_30,0.9701
10043114,su_am,supermarket,share_within_60,0.9944
10043114,wd_am,30,mean_reachable_population_pt,19602.0000
10043114,wd_am,45,mean_reachable_population_pt,54737.0000
10043114,wd_am,60,mean_reachable_population_pt,133674.0000
10043114,wd_am,gp,median_pt_car_ratio,3.6000
10043114,wd_am,gp,median_pt_minutes,13.0000
10043114,wd_am,gp,share_within_30,0.8341
10043114,wd_am,gp,share_within_60,0.9980
10043114,wd_am,gp_strict,median_pt_car_ratio,3.1430
10043114,wd_am,gp_strict,median_pt_minutes,24.0000
10043114,wd_am,gp_strict,share_within_30,0.7133
10043114,wd_am,gp_strict,share_within_60,0.9980
10043114,wd_am,hospital,median_pt_car_ratio,3.6840
10043114,wd_am,hospital,median_pt_minutes,20.0000
10043114,wd_am,hospital,share_within_30,0.7472
10043114,wd_am,hospital,share_within_60,0.9742
10043114,wd_am,pharmacy,median_pt_car_ratio,4.0000
10043114,wd_am,pharmacy,median_pt_minutes,10.0000
10043114,wd_am,pharmacy,share_within_30,0.9494
10043114,wd_am,pharmacy,share_within_60,0.9980
10043114,wd_am,primary_school,median_pt_car_ratio,3.2500
10043114,wd_am,primary_school,median_pt_minutes,10.0000
10043114,wd_am,primary_school,share_within_30,0.9456
10043114,wd_am,primary_school,share_within_60,0.9980
10043114,wd_am,rail_station,median_pt_car_ratio,3.8330
10043114,wd_am,rail_station,median_pt_minutes,20.0000
10043114,wd_am,rail_station,share_within_30,0.7446
10043114,wd_am,rail_station,share_within_60,0.9980
10043114,wd_am,secondary_school,median_pt_car_ratio,3.6670
10043114,wd_am,secondary_school,median_pt_minutes,25.0000
10043114,wd_am,secondary_school,share_within_30,0.6370
10043114,wd_am,secondary_school,share_within_60,0.9745
10043114,wd_am,supermarket,median_pt_car_ratio,3.5000
10043114,wd_am,supermarket,median_pt_minutes,9.0000
10043114,wd_am,supermarket,share_within_30,0.9728
10043114,wd_am,supermarket,share_within_60,0.9980
10043114,wd_pm,30,mean_reachable_population_pt,14638.0000
10043114,wd_pm,45,mean_reachable_population_pt,37161.0000
10043114,wd_pm,60,mean_reachable_population_pt,96375.0000
10043114,wd_pm,gp,median_pt_car_ratio,3.6670
10043114,wd_pm,gp,median_pt_minutes,13.0000
10043114,wd_pm,gp,share_within_30,0.7882
10043114,wd_pm,gp,share_within_60,0.9980
10043114,wd_pm,gp_strict,median_pt_car_ratio,3.5560
10043114,wd_pm,gp_strict,median_pt_minutes,29.0000
10043114,wd_pm,gp_strict,share_within_30,0.5431
10043114,wd_pm,gp_strict,share_within_60,0.9806
10043114,wd_pm,hospital,median_pt_car_ratio,4.0000
10043114,wd_pm,hospital,median_pt_minutes,21.0000
10043114,wd_pm,hospital,share_within_30,0.6451
10043114,wd_pm,hospital,share_within_60,0.9735
10043114,wd_pm,pharmacy,median_pt_car_ratio,4.0000
10043114,wd_pm,pharmacy,median_pt_minutes,10.0000
10043114,wd_pm,pharmacy,share_within_30,0.9391
10043114,wd_pm,pharmacy,share_within_60,0.9980
10043114,wd_pm,primary_school,median_pt_car_ratio,3.2500
10043114,wd_pm,primary_school,median_pt_minutes,10.0000
10043114,wd_pm,primary_school,share_within_30,0.9279
10043114,wd_pm,primary_school,share_within_60,0.9980
10043114,wd_pm,rail_station,median_pt_car_ratio,4.0000
10043114,wd_pm,rail_station,median_pt_minutes,22.0000
10043114,wd_pm,rail_station,share_within_30,0.6851
10043114,wd_pm,rail_station,share_within_60,0.9806
10043114,wd_pm,secondary_school,median_pt_car_ratio,4.0000
10043114,wd_pm,secondary_school,median_pt_minutes,27.0000
10043114,wd_pm,secondary_school,share_within_30,0.5926
10043114,wd_pm,secondary_school,share_within_60,0.9745
10043114,wd_pm,supermarket,median_pt_car_ratio,3.5000
10043114,wd_pm,supermarket,median_pt_minutes,9.0000
10043114,wd_pm,supermarket,share_within_30,0.9701
10043114,wd_pm,supermarket,share_within_60,0.9980
10043115,car,30,mean_reachable_population_car,374592.0000
10043115,car,45,mean_reachable_population_car,970826.0000
10043115,car,60,mean_reachable_population_car,1305567.0000
10043115,car,gp,median_car_minutes,5.0000
10043115,car,gp_strict,median_car_minutes,5.0000
10043115,car,hospital,median_car_minutes,16.0000
10043115,car,pharmacy,median_car_minutes,5.0000
10043115,car,primary_school,median_car_minutes,4.0000
10043115,car,rail_station,median_car_minutes,6.0000
10043115,car,secondary_school,median_car_minutes,7.0000
10043115,car,supermarket,median_car_minutes,5.0000
10043115,su_am,30,mean_reachable_population_pt,5810.0000
10043115,su_am,45,mean_reachable_population_pt,6604.0000
10043115,su_am,60,mean_reachable_population_pt,22293.0000
10043115,su_am,gp,median_pt_car_ratio,3.4000
10043115,su_am,gp,median_pt_minutes,13.0000
10043115,su_am,gp,share_within_30,0.7630
10043115,su_am,gp,share_within_60,0.9018
10043115,su_am,gp_strict,median_pt_car_ratio,3.0000
10043115,su_am,gp_strict,median_pt_minutes,14.0000
10043115,su_am,gp_strict,share_within_30,0.7630
10043115,su_am,gp_strict,share_within_60,0.9014
10043115,su_am,hospital,median_pt_car_ratio,3.8750
10043115,su_am,hospital,median_pt_minutes,60.0000
10043115,su_am,hospital,share_within_30,0.0000
10043115,su_am,hospital,share_within_60,0.5228
10043115,su_am,pharmacy,median_pt_car_ratio,3.4000
10043115,su_am,pharmacy,median_pt_minutes,17.0000
10043115,su_am,pharmacy,share_within_30,0.6847
10043115,su_am,pharmacy,share_within_60,0.8595
10043115,su_am,primary_school,median_pt_car_ratio,3.1250
10043115,su_am,primary_school,median_pt_minutes,13.0000
10043115,su_am,primary_school,share_within_30,0.9076
10043115,su_am,primary_school,share_within_60,0.9357
10043115,su_am,rail_station,median_pt_car_ratio,4.2500
10043115,su_am,rail_station,median_pt_minutes,21.0000
10043115,su_am,rail_station,share_within_30,0.6467
10043115,su_am,rail_station,share_within_60,0.8030
10043115,su_am,secondary_school,median_pt_car_ratio,3.7500
10043115,su_am,secondary_school,median_pt_minutes,21.0000
10043115,su_am,secondary_school,share_within_30,0.6403
10043115,su_am,secondary_school,share_within_60,0.6590
10043115,su_am,supermarket,median_pt_car_ratio,4.7500
10043115,su_am,supermarket,median_pt_minutes,18.0000
10043115,su_am,supermarket,share_within_30,0.6856
10043115,su_am,supermarket,share_within_60,0.9016
10043115,wd_am,30,mean_reachable_population_pt,6738.0000
10043115,wd_am,45,mean_reachable_population_pt,23445.0000
10043115,wd_am,60,mean_reachable_population_pt,81655.0000
10043115,wd_am,gp,median_pt_car_ratio,3.3330
10043115,wd_am,gp,median_pt_minutes,13.0000
10043115,wd_am,gp,share_within_30,0.9304
10043115,wd_am,gp,share_within_60,0.9988
10043115,wd_am,gp_strict,median_pt_car_ratio,3.0000
10043115,wd_am,gp_strict,median_pt_minutes,14.0000
10043115,wd_am,gp_strict,share_within_30,0.9304
10043115,wd_am,gp_strict,share_within_60,0.9988
10043115,wd_am,hospital,median_pt_car_ratio,3.1760
10043115,wd_am,hospital,median_pt_minutes,49.0000
10043115,wd_am,hospital,share_within_30,0.0000
10043115,wd_am,hospital,share_within_60,0.9021
10043115,wd_am,pharmacy,median_pt_car_ratio,3.1250
10043115,wd_am,pharmacy,median_pt_minutes,17.0000
10043115,wd_am,pharmacy,share_within_30,0.9167
10043115,wd_am,pharmacy,share_within_60,0.9986
10043115,wd_am,primary_school,median_pt_car_ratio,3.1250
10043115,wd_am,primary_school,median_pt_minutes,13.0000
10043115,wd_am,primary_school,share_within_30,0.9950
10043115,wd_am,primary_school,share_within_60,0.9994
10043115,wd_am,rail_station,median_pt_car_ratio,3.8570
10043115,wd_am,rail_station,median_pt_minutes,21.0000
10043115,wd_am,rail_station,share_within_30,0.7431
10043115,wd_am,rail_station,share_within_60,0.9988
10043115,wd_am,secondary_school,median_pt_car_ratio,3.6150
10043115,wd_am,secondary_school,median_pt_minutes,21.0000
10043115,wd_am,secondary_school,share_within_30,0.6689
10043115,wd_am,secondary_school,share_within_60,0.9722
10043115,wd_am,supermarket,median_pt_car_ratio,4.1670
10043115,wd_am,supermarket,median_pt_minutes,18.0000
10043115,wd_am,supermarket,share_within_30,0.9169
10043115,wd_am,supermarket,share_within_60,0.9988
10043115,wd_pm,30,mean_reachable_population_pt,5952.0000
10043115,wd_pm,45,mean_reachable_population_pt,15971.0000
10043115,wd_pm,60,mean_reachable_population_pt,55341.0000
10043115,wd_pm,gp,median_pt_car_ratio,3.4000
10043115,wd_pm,gp,median_pt_minutes,13.0000
10043115,wd_pm,gp,share_within_30,0.7817
10043115,wd_pm,gp,share_within_60,0.9346
10043115,wd_pm,gp_strict,median_pt_car_ratio,3.0000
10043115,wd_pm,gp_strict,median_pt_minutes,14.0000
10043115,wd_pm,gp_strict,share_within_30,0.7817
10043115,wd_pm,gp_strict,share_within_60,0.9346
10043115,wd_pm,hospital,median_pt_car_ratio,3.3890
10043115,wd_pm,hospital,median_pt_minutes,52.0000
10043115,wd_pm,hospital,share_within_30,0.0000
10043115,wd_pm,hospital,share_within_60,0.7066
10043115,wd_pm,pharmacy,median_pt_car_ratio,3.4000
10043115,wd_pm,pharmacy,median_pt_minutes,17.0000
10043115,wd_pm,pharmacy,share_within_30,0.6847
10043115,wd_pm,pharmacy,share_within_60,0.9346
10043115,wd_pm,primary_school,median_pt_car_ratio,3.1250
10043115,wd_pm,primary_school,median_pt_minutes,13.0000
10043115,wd_pm,primary_school,share_within_30,0.9076
10043115,wd_pm,primary_school,share_within_60,0.9985
10043115,wd_pm,rail_station,median_pt_car_ratio,4.1670
10043115,wd_pm,rail_station,median_pt_minutes,21.0000
10043115,wd_pm,rail_station,share_within_30,0.6467
10043115,wd_pm,rail_station,share_within_60,0.9346
10043115,wd_pm,secondary_school,median_pt_car_ratio,3.7500
10043115,wd_pm,secondary_school,median_pt_minutes,21.0000
10043115,wd_pm,secondary_school,share_within_30,0.6403
10043115,wd_pm,secondary_school,share_within_60,0.9021
10043115,wd_pm,supermarket,median_pt_car_ratio,4.7500
10043115,wd_pm,supermarket,median_pt_minutes,18.0000
10043115,wd_pm,supermarket,share_within_30,0.6856
10043115,wd_pm,supermarket,share_within_60,0.9346
10043116,car,30,mean_reachable_population_car,574358.0000
10043116,car,45,mean_reachable_population_car,1109867.0000
10043116,car,60,mean_reachable_population_car,1318796.0000
10043116,car,gp,median_car_minutes,3.0000
10043116,car,gp_strict,median_car_minutes,11.0000
10043116,car,hospital,median_car_minutes,13.0000
10043116,car,pharmacy,median_car_minutes,2.0000
10043116,car,primary_school,median_car_minutes,4.0000
10043116,car,rail_station,median_car_minutes,4.0000
10043116,car,secondary_school,median_car_minutes,9.0000
10043116,car,supermarket,median_car_minutes,3.0000
10043116,su_am,30,mean_reachable_population_pt,7839.0000
10043116,su_am,45,mean_reachable_population_pt,9722.0000
10043116,su_am,60,mean_reachable_population_pt,31423.0000
10043116,su_am,gp,median_pt_car_ratio,4.0000
10043116,su_am,gp,median_pt_minutes,11.0000
10043116,su_am,gp,share_within_30,0.8830
10043116,su_am,gp,share_within_60,0.8855
10043116,su_am,gp_strict,median_pt_car_ratio,5.1820
10043116,su_am,gp_strict,median_pt_minutes,54.0000
10043116,su_am,gp_strict,share_within_30,0.0024
10043116,su_am,gp_strict,share_within_60,0.7555
10043116,su_am,hospital,median_pt_car_ratio,4.5000
10043116,su_am,hospital,median_pt_minutes,56.0000
10043116,su_am,hospital,share_within_30,0.0000
10043116,su_am,hospital,share_within_60,0.7048
10043116,su_am,pharmacy,median_pt_car_ratio,4.5000
10043116,su_am,pharmacy,median_pt_minutes,10.0000
10043116,su_am,pharmacy,share_within_30,0.8927
10043116,su_am,pharmacy,share_within_60,0.9997
10043116,su_am,primary_school,median_pt_car_ratio,3.5000
10043116,su_am,primary_school,median_pt_minutes,13.0000
10043116,su_am,primary_school,share_within_30,0.8700
10043116,su_am,primary_school,share_within_60,0.8852
10043116,su_am,rail_station,median_pt_car_ratio,4.5000
10043116,su_am,rail_station,median_pt_minutes,20.0000
10043116,su_am,rail_station,share_within_30,0.8578
10043116,su_am,rail_station,share_within_60,0.8849
10043116,su_am,secondary_school,median_pt_car_ratio,6.5000
10043116,su_am,secondary_school,median_pt_minutes,56.0000
10043116,su_am,secondary_school,share_within_30,0.0003
10043116,su_am,secondary_school,share_within_60,0.7289
10043116,su_am,supermarket,median_pt_car_ratio,3.3330
10043116,su_am,supermarket,median_pt_minutes,10.0000
10043116,su_am,supermarket,share_within_30,0.9402
10043116,su_am,supermarket,share_within_60,0.9967
10043116,wd_am,30,mean_reachable_population_pt,10875.0000
10043116,wd_am,45,mean_reachable_population_pt,35583.0000
10043116,wd_am,60,mean_reachable_population_pt,107669.0000
10043116,wd_am,gp,median_pt_car_ratio,4.0000
10043116,wd_am,gp,median_pt_minutes,11.0000
10043116,wd_am,gp,share_within_30,0.8855
10043116,wd_am,gp,share_within_60,1.0000
10043116,wd_am,gp_strict,median_pt_car_ratio,3.4550
10043116,wd_am,gp_strict,median_pt_minutes,38.0000
10043116,wd_am,gp_strict,share_within_30,0.1363
10043116,wd_am,gp_strict,share_within_60,1.0000
10043116,wd_am,hospital,median_pt_car_ratio,3.3080
10043116,wd_am,hospital,median_pt_minutes,43.0000
10043116,wd_am,hospital,share_within_30,0.0000
10043116,wd_am,hospital,share_within_60,0.9877
10043116,wd_am,pharmacy,median_pt_car_ratio,4.2860
10043116,wd_am,pharmacy,median_pt_minutes,10.0000
10043116,wd_am,pharmacy,share_within_30,0.9767
10043116,wd_am,pharmacy,share_within_60,1.0000
10043116,wd_am,primary_school,median_pt_car_ratio,3.5000
10043116,wd_am,primary_school,median_pt_minutes,13.0000
10043116,wd_am,primary_school,share_within_30,0.8722
10043116,wd_am,primary_school,share_within_60,1.0000
10043116,wd_am,rail_station,median_pt_car_ratio,4.5000
10043116,wd_am,rail_station,median_pt_minutes,20.0000
10043116,wd_am,rail_station,share_within_30,0.8715
10043116,wd_am,rail_station,share_within_60,1.0000
10043116,wd_am,secondary_school,median_pt_car_ratio,4.5560
10043116,wd_am,secondary_school,median_pt_minutes,41.0000
10043116,wd_am,secondary_school,share_within_30,0.0003
10043116,wd_am,secondary_school,share_within_60,0.9963
10043116,wd_am,supermarket,median_pt_car_ratio,3.3330
10043116,wd_am,supermarket,median_pt_minutes,10.0000
10043116,wd_am,supermarket,share_within_30,0.9477
10043116,wd_am,supermarket,share_within_60,1.0000
10043116,wd_pm,30,mean_reachable_population_pt,7887.0000
10043116,wd_pm,45,mean_reachable_population_pt,16179.0000
10043116,wd_pm,60,mean_reachable_population_pt,59976.0000
10043116,wd_pm,gp,median_pt_car_ratio,4.0000
10043116,wd_pm,gp,median_pt_minutes,11.0000
10043116,wd_pm,gp,share_within_30,0.8830
10043116,wd_pm,gp,share_within_60,0.8855
10043116,wd_pm,gp_strict,median_pt_car_ratio,4.5450
10043116,wd_pm,gp_strict,median_pt_minutes,49.0000
10043116,wd_pm,gp_strict,share_within_30,0.0024
10043116,wd_pm,gp_strict,share_within_60,0.8423
10043116,wd_pm,hospital,median_pt_car_ratio,4.0830
10043116,wd_pm,hospital,median_pt_minutes,53.0000
10043116,wd_pm,hospital,share_within_30,0.0000
10043116,wd_pm,hospital,share_within_60,0.8131
10043116,wd_pm,pharmacy,median_pt_car_ratio,4.5000
10043116,wd_pm,pharmacy,median_pt_minutes,10.0000
10043116,wd_pm,pharmacy,share_within_30,0.8927
10043116,wd_pm,pharmacy,share_within_60,0.9994
10043116,wd_pm,primary_school,median_pt_car_ratio,3.5000
10043116,wd_pm,primary_school,median_pt_minutes,13.0000
10043116,wd_pm,primary_school,share_within_30,0.8700
10043116,wd_pm,primary_school,share_within_60,0.8852
10043116,wd_pm,rail_station,median_pt_car_ratio,4.5000
10043116,wd_pm,rail_station,median_pt_minutes,20.0000
10043116,wd_pm,rail_station,share_within_30,0.8578
10043116,wd_pm,rail_station,share_within_60,0.8845
10043116,wd_pm,secondary_school,median_pt_car_ratio,5.2500
10043116,wd_pm,secondary_school,median_pt_minutes,48.0000
10043116,wd_pm,secondary_school,share_within_30,0.0003
10043116,wd_pm,secondary_school,share_within_60,0.8194
10043116,wd_pm,supermarket,median_pt_car_ratio,3.3330
10043116,wd_pm,supermarket,median_pt_minutes,10.0000
10043116,wd_pm,supermarket,share_within_30,0.9402
10043116,wd_pm,supermarket,share_within_60,0.9897
10043117,car,30,mean_reachable_population_car,735094.0000
10043117,car,45,mean_reachable_population_car,1170323.0000
10043117,car,60,mean_reachable_population_car,1318194.0000
10043117,car,gp,median_car_minutes,4.0000
10043117,car,gp_strict,median_car_minutes,4.0000
10043117,car,hospital,median_car_minutes,8.0000
10043117,car,pharmacy,median_car_minutes,2.0000
10043117,car,primary_school,median_car_minutes,4.0000
10043117,car,rail_station,median_car_minutes,10.0000
10043117,car,secondary_school,median_car_minutes,6.0000
10043117,car,supermarket,median_car_minutes,3.0000
10043117,su_am,30,mean_reachable_population_pt,11266.0000
10043117,su_am,45,mean_reachable_population_pt,12816.0000
10043117,su_am,60,mean_reachable_population_pt,21237.0000
10043117,su_am,gp,median_pt_car_ratio,4.7500
10043117,su_am,gp,median_pt_minutes,19.0000
10043117,su_am,gp,share_within_30,0.8283
10043117,su_am,gp,share_within_60,0.9998
10043117,su_am,gp_strict,median_pt_car_ratio,4.7500
10043117,su_am,gp_strict,median_pt_minutes,19.0000
10043117,su_am,gp_strict,share_within_30,0.8276
10043117,su_am,gp_strict,share_within_60,0.9995
10043117,su_am,hospital,median_pt_car_ratio,8.2500
10043117,su_am,hospital,median_pt_minutes,63.0000
10043117,su_am,hospital,share_within_30,0.0000
10043117,su_am,hospital,share_within_60,0.2848
10043117,su_am,pharmacy,median_pt_car_ratio,3.7500
10043117,su_am,pharmacy,median_pt_minutes,9.0000
10043117,su_am,pharmacy,share_within_30,0.9998
10043117,su_am,pharmacy,share_within_60,0.9998
10043117,su_am,primary_school,median_pt_car_ratio,2.8000
10043117,su_am,primary_school,median_pt_minutes,11.0000
10043117,su_am,primary_school,share_within_30,0.9995
10043117,su_am,primary_school,share_within_60,0.9998
10043117,su_am,rail_station,median_pt_car_ratio,6.8570
10043117,su_am,rail_station,median_pt_minutes,58.0000
10043117,su_am,rail_station,share_within_30,0.0000
10043117,su_am,rail_station,share_within_60,0.5642
10043117,su_am,secondary_school,median_pt_car_ratio,3.5000
10043117,su_am,secondary_school,median_pt_minutes,21.0000
10043117,su_am,secondary_school,share_within_30,0.8433
10043117,su_am,secondary_school,share_within_60,0.9990
10043117,su_am,supermarket,median_pt_car_ratio,3.2500
10043117,su_am,supermarket,median_pt_minutes,9.0000
10043117,su_am,supermarket,share_within_30,0.9998
10043117,su_am,supermarket,share_within_60,0.9998
10043117,wd_am,30,mean_reachable_population_pt,14453.0000
10043117,wd_am,45,mean_reachable_population_pt,48395.0000
10043117,wd_am,60,mean_reachable_population_pt,91136.0000
10043117,wd_am,gp,median_pt_car_ratio,4.0000
10043117,wd_am,gp,median_pt_minutes,19.0000
10043117,wd_am,gp,share_within_30,0.9692
10043117,wd_am,gp,share_within_60,0.9998
10043117,wd_am,gp_strict,median_pt_car_ratio,4.0000
10043117,wd_am,gp_strict,median_pt_minutes,19.0000
10043117,wd_am,gp_strict,share_within_30,0.9685
10043117,wd_am,gp_strict,share_within_60,0.9998
10043117,wd_am,hospital,median_pt_car_ratio,4.6000
10043117,wd_am,hospital,median_pt_minutes,31.0000
10043117,wd_am,hospital,share_within_30,0.4011
10043117,wd_am,hospital,share_within_60,0.9998
10043117,wd_am,pharmacy,median_pt_car_ratio,3.7500
10043117,wd_am,pharmacy,median_pt_minutes,9.0000
10043117,wd_am,pharmacy,share_within_30,0.9998
10043117,wd_am,pharmacy,share_within_60,0.9998
10043117,wd_am,primary_school,median_pt_car_ratio,2.8000
10043117,wd_am,primary_school,median_pt_minutes,11.0000
10043117,wd_am,primary_school,share_within_30,0.9995
10043117,wd_am,primary_school,share_within_60,0.9998
10043117,wd_am,rail_station,median_pt_car_ratio,3.9000
10043117,wd_am,rail_station,median_pt_minutes,36.0000
10043117,wd_am,rail_station,share_within_30,0.0000
10043117,wd_am,rail_station,share_within_60,0.9998
10043117,wd_am,secondary_school,median_pt_car_ratio,3.5000
10043117,wd_am,secondary_school,median_pt_minutes,21.0000
10043117,wd_am,secondary_school,share_within_30,0.8433
10043117,wd_am,secondary_school,share_within_60,0.9998
10043117,wd_am,supermarket,median_pt_car_ratio,3.2500
10043117,wd_am,supermarket,median_pt_minutes,9.0000
10043117,wd_am,supermarket,share_within_30,0.9998
10043117,wd_am,supermarket,share_within_60,0.9998
10043117,wd_pm,30,mean_reachable_population_pt,11285.0000
10043117,wd_pm,45,mean_reachable_population_pt,21809.0000
10043117,wd_pm,60,mean_reachable_population_pt,51481.0000
10043117,wd_pm,gp,median_pt_car_ratio,4.7500
10043117,wd_pm,gp,median_pt_minutes,19.0000
10043117,wd_pm,gp,share_within_30,0.8688
10043117,wd_pm,gp,share_within_60,0.9998
10043117,wd_pm,gp_strict,median_pt_car_ratio,4.7500
10043117,wd_pm,gp_strict,median_pt_minutes,19.0000
10043117,wd_pm,gp_strict,share_within_30,0.8680
10043117,wd_pm,gp_strict,share_within_60,0.9998
10043117,wd_pm,hospital,median_pt_car_ratio,6.1250
10043117,wd_pm,hospital,median_pt_minutes,43.0000
10043117,wd_pm,hospital,share_within_30,0.0000
10043117,wd_pm,hospital,share_within_60,0.9998
10043117,wd_pm,pharmacy,median_pt_car_ratio,3.7500
10043117,wd_pm,pharmacy,median_pt_minutes,9.0000
10043117,wd_pm,pharmacy,share_within_30,0.9998
10043117,wd_pm,pharmacy,share_within_60,0.9998
10043117,wd_pm,primary_school,median_pt_car_ratio,2.8000
10043117,wd_pm,primary_school,median_pt_minutes,11.0000
10043117,wd_pm,primary_school,share_within_30,0.9995
10043117,wd_pm,primary_school,share_within_60,0.9998
10043117,wd_pm,rail_station,median_pt_car_ratio,5.1820
10043117,wd_pm,rail_station,median_pt_minutes,48.0000
10043117,wd_pm,rail_station,share_within_30,0.0000
10043117,wd_pm,rail_station,share_within_60,0.9817
10043117,wd_pm,secondary_school,median_pt_car_ratio,3.5000
10043117,wd_pm,secondary_school,median_pt_minutes,21.0000
10043117,wd_pm,secondary_school,share_within_30,0.8433
10043117,wd_pm,secondary_school,share_within_60,0.9998
10043117,wd_pm,supermarket,median_pt_car_ratio,3.2500
10043117,wd_pm,supermarket,median_pt_minutes,9.0000
10043117,wd_pm,supermarket,share_within_30,0.9998
10043117,wd_pm,supermarket,share_within_60,0.9998
10044111,car,30,mean_reachable_population_car,423012.0000
10044111,car,45,mean_reachable_population_car,918806.0000
10044111,car,60,mean_reachable_population_car,1250394.0000
10044111,car,gp,median_car_minutes,9.0000
10044111,car,gp_strict,median_car_minutes,11.0000
10044111,car,hospital,median_car_minutes,12.0000
10044111,car,pharmacy,median_car_minutes,2.0000
10044111,car,primary_school,median_car_minutes,3.0000
10044111,car,rail_station,median_car_minutes,5.0000
10044111,car,secondary_school,median_car_minutes,6.0000
10044111,car,supermarket,median_car_minutes,3.0000
10044111,su_am,30,mean_reachable_population_pt,12572.0000
10044111,su_am,45,mean_reachable_population_pt,16490.0000
10044111,su_am,60,mean_reachable_population_pt,43483.0000
10044111,su_am,gp,median_pt_car_ratio,5.0000
10044111,su_am,gp,median_pt_minutes,43.0000
10044111,su_am,gp,share_within_30,0.0387
10044111,su_am,gp,share_within_60,0.7377
10044111,su_am,gp_strict,median_pt_car_ratio,3.9000
10044111,su_am,gp_strict,median_pt_minutes,43.0000
10044111,su_am,gp_strict,share_within_30,0.0387
10044111,su_am,gp_strict,share_within_60,0.7377
10044111,su_am,hospital,median_pt_car_ratio,5.3530
10044111,su_am,hospital,median_pt_minutes,61.0000
10044111,su_am,hospital,share_within_30,0.0000
10044111,su_am,hospital,share_within_60,0.4853
10044111,su_am,pharmacy,median_pt_car_ratio,3.0000
10044111,su_am,pharmacy,median_pt_minutes,9.0000
10044111,su_am,pharmacy,share_within_30,0.9839
10044111,su_am,pharmacy,share_within_60,0.9839
10044111,su_am,primary_school,median_pt_car_ratio,3.3330
10044111,su_am,primary_school,median_pt_minutes,10.0000
10044111,su_am,primary_school,share_within_30,0.7703
10044111,su_am,primary_school,share_within_60,0.7836
10044111,su_am,rail_station,median_pt_car_ratio,3.3330
10044111,su_am,rail_station,median_pt_minutes,18.0000
10044111,su_am,rail_station,share_within_30,0.7418
10044111,su_am,rail_station,share_within_60,0.7551
10044111,su_am,secondary_school,median_pt_car_ratio,3.5710
10044111,su_am,secondary_school,median_pt_minutes,21.0000
10044111,su_am,secondary_school,share_within_30,0.7082
10044111,su_am,secondary_school,share_within_60,0.7377
10044111,su_am,supermarket,median_pt_car_ratio,3.3330
10044111,su_am,supermarket,median_pt_minutes,8.0000
10044111,su_am,supermarket,share_within_30,1.0000
10044111,su_am,supermarket,share_within_60,1.0000
10044111,wd_am,30,mean_reachable_population_pt,16814.0000
10044111,wd_am,45,mean_reachable_population_pt,54221.0000
10044111,wd_am,60,mean_reachable_population_pt,140269.0000
10044111,wd_am,gp,median_pt_car_ratio,3.5000
10044111,wd_am,gp,median_pt_minutes,30.0000
10044111,wd_am,gp,share_within_30,0.5785
10044111,wd_am,gp,share_within_60,1.0000
10044111,wd_am,gp_strict,median_pt_car_ratio,2.8670
10044111,wd_am,gp_strict,median_pt_minutes,34.0000
10044111,wd_am,gp_strict,share_within_30,0.3715
10044111,wd_am,gp_strict,share_within_60,1.0000
10044111,wd_am,hospital,median_pt_car_ratio,3.0000
10044111,wd_am,hospital,median_pt_minutes,35.0000
10044111,wd_am,hospital,share_within_30,0.2967
10044111,wd_am,hospital,share_within_60,0.9345
10044111,wd_am,pharmacy,median_pt_car_ratio,3.0000
10044111,wd_am,pharmacy,median_pt_minutes,9.0000
10044111,wd_am,pharmacy,share_within_30,0.9839
10044111,wd_am,pharmacy,share_within_60,1.0000
10044111,wd_am,primary_school,median_pt_car_ratio,3.3330
10044111,wd_am,primary_school,median_pt_minutes,10.0000
10044111,wd_am,primary_school,share_within_30,0.8580
10044111,wd_am,primary_school,share_within_60,1.0000
10044111,wd_am,rail_station,median_pt_car_ratio,3.0000
10044111,wd_am,rail_station,median_pt_minutes,18.0000
10044111,wd_am,rail_station,share_within_30,0.8060
10044111,wd_am,rail_station,share_within_60,1.0000
10044111,wd_am,secondary_school,median_pt_car_ratio,3.5000
10044111,wd_am,secondary_school,median_pt_minutes,21.0000
10044111,wd_am,secondary_school,share_within_30,0.7146
10044111,wd_am,secondary_school,share_within_60,1.0000
10044111,wd_am,supermarket,median_pt_car_ratio,3.3330
10044111,wd_am,supermarket,median_pt_minutes,8.0000
10044111,wd_am,supermarket,share_within_30,1.0000
10044111,wd_am,supermarket,share_within_60,1.0000
10044111,wd_pm,30,mean_reachable_population_pt,14967.0000
10044111,wd_pm,45,mean_reachable_population_pt,37218.0000
10044111,wd_pm,60,mean_reachable_population_pt,97049.0000
10044111,wd_pm,gp,median_pt_car_ratio,4.1110
10044111,wd_pm,gp,median_pt_minutes,35.0000
10044111,wd_pm,gp,share_within_30,0.3353
10044111,wd_pm,gp,share_within_60,0.9667
10044111,wd_pm,gp_strict,median_pt_car_ratio,2.9000
10044111,wd_pm,gp_strict,median_pt_minutes,35.0000
10044111,wd_pm,gp_strict,share_within_30,0.3353
10044111,wd_pm,gp_strict,share_within_60,0.9660
10044111,wd_pm,hospital,median_pt_car_ratio,3.4550
10044111,wd_pm,hospital,median_pt_minutes,44.0000
10044111,wd_pm,hospital,share_within_30,0.0000
10044111,wd_pm,hospital,share_within_60,0.9180
10044111,wd_pm,pharmacy,median_pt_car_ratio,3.0000
10044111,wd_pm,pharmacy,median_pt_minutes,9.0000
10044111,wd_pm,pharmacy,share_within_30,0.9839
10044111,wd_pm,pharmacy,share_within_60,1.0000
10044111,wd_pm,primary_school,median_pt_car_ratio,3.3330
10044111,wd_pm,primary_school,median_pt_minutes,10.0000
10044111,wd_pm,primary_school,share_within_30,0.8533
10044111,wd_pm,primary_school,share_within_60,0.9846
10044111,wd_pm,rail_station,median_pt_car_ratio,3.0000
10044111,wd_pm,rail_station,median_pt_minutes,18.0000
10044111,wd_pm,rail_station,share_within_30,0.8183
10044111,wd_pm,rail_station,share_within_60,0.9846
10044111,wd_pm,secondary_school,median_pt_car_ratio,3.5000
10044111,wd_pm,secondary_school,median_pt_minutes,21.0000
10044111,wd_pm,secondary_school,share_within_30,0.7082
10044111,wd_pm,secondary_school,share_within_60,0.9667
10044111,wd_pm,supermarket,median_pt_car_ratio,3.3330
10044111,wd_pm,supermarket,median_pt_minutes,8.0000
10044111,wd_pm,supermarket,share_within_30,1.0000
10044111,wd_pm,supermarket,share_within_60,1.0000
10044112,car,30,mean_reachable_population_car,421314.0000
10044112,car,45,mean_reachable_population_car,1064869.0000
10044112,car,60,mean_reachable_population_car,1378388.0000
10044112,car,gp,median_car_minutes,6.0000
10044112,car,gp_strict,median_car_minutes,8.0000
10044112,car,hospital,median_car_minutes,13.0000
10044112,car,pharmacy,median_car_minutes,4.0000
10044112,car,primary_school,median_car_minutes,5.0000
10044112,car,rail_station,median_car_minutes,8.0000
10044112,car,secondary_school,median_car_minutes,9.0000
10044112,car,supermarket,median_car_minutes,4.0000
10044112,su_am,30,mean_reachable_population_pt,4616.0000
10044112,su_am,45,mean_reachable_population_pt,4982.0000
10044112,su_am,60,mean_reachable_population_pt,9436.0000
10044112,su_am,gp,median_pt_car_ratio,5.8570
10044112,su_am,gp,median_pt_minutes,29.0000
10044112,su_am,gp,share_within_30,0.5177
10044112,su_am,gp,share_within_60,0.6220
10044112,su_am,gp_strict,median_pt_car_ratio,7.0000
10044112,su_am,gp_strict,median_pt_minutes,54.0000
10044112,su_am,gp_strict,share_within_30,0.4132
10044112,su_am,gp_strict,share_within_60,0.5144
10044112,su_am,hospital,median_pt_car_ratio,9.8750
10044112,su_am,hospital,median_pt_minutes,108.0000
10044112,su_am,hospital,share_within_30,0.1302
10044112,su_am,hospital,share_within_60,0.1302
10044112,su_am,pharmacy,median_pt_car_ratio,6.5000
10044112,su_am,pharmacy,median_pt_minutes,19.0000
10044112,su_am,pharmacy,share_within_30,0.6318
10044112,su_am,pharmacy,share_within_60,0.7272
10044112,su_am,primary_school,median_pt_car_ratio,4.2500
10044112,su_am,primary_school,median_pt_minutes,21.0000
10044112,su_am,primary_school,share_within_30,0.6880
10044112,su_am,primary_school,share_within_60,0.7051
10044112,su_am,rail_station,median_pt_car_ratio,6.5830
10044112,su_am,rail_station,median_pt_minutes,49.0000
10044112,su_am,rail_station,share_within_30,0.4128
10044112,su_am,rail_station,share_within_60,0.5230
10044112,su_am,secondary_school,median_pt_car_ratio,6.5560
10044112,su_am,secondary_school,median_pt_minutes,59.0000
10044112,su_am,secondary_school,share_within_30,0.4164
10044112,su_am,secondary_school,share_within_60,0.5051
10044112,su_am,supermarket,median_pt_car_ratio,4.0000
10044112,su_am,supermarket,median_pt_minutes,15.0000
10044112,su_am,supermarket,share_within_30,0.8254
10044112,su_am,supermarket,share_within_60,0.8578
10044112,wd_am,30,mean_reachable_population_pt,4803.0000
10044112,wd_am,45,mean_reachable_population_pt,11649.0000
10044112,wd_am,60,mean_reachable_population_pt,35634.0000
10044112,wd_am,gp,median_pt_car_ratio,4.2500
10044112,wd_am,gp,median_pt_minutes,26.0000
10044112,wd_am,gp,share_within_30,0.5886
10044112,wd_am,gp,share_within_60,0.9617
10044112,wd_am,gp_strict,median_pt_car_ratio,4.5000
10044112,wd_am,gp_strict,median_pt_minutes,35.0000
10044112,wd_am,gp_strict,share_within_30,0.4811
10044112,wd_am,gp_strict,share_within_60,0.8544
10044112,wd_am,hospital,median_pt_car_ratio,5.4290
10044112,wd_am,hospital,median_pt_minutes,72.0000
10044112,wd_am,hospital,share_within_30,0.1302
10044112,wd_am,hospital,share_within_60,0.4073
10044112,wd_am,pharmacy,median_pt_car_ratio,5.0000
10044112,wd_am,pharmacy,median_pt_minutes,19.0000
10044112,wd_am,pharmacy,share_within_30,0.6763
10044112,wd_am,pharmacy,share_within_60,0.9857
10044112,wd_am,primary_school,median_pt_car_ratio,4.1110
10044112,wd_am,primary_school,median_pt_minutes,21.0000
10044112,wd_am,primary_school,share_within_30,0.6880
10044112,wd_am,primary_school,share_within_60,0.9903
10044112,wd_am,rail_station,median_pt_car_ratio,4.0830
10044112,wd_am,rail_station,median_pt_minutes,34.0000
10044112,wd_am,rail_station,share_within_30,0.4443
10044112,wd_am,rail_station,share_within_60,0.9004
10044112,wd_am,secondary_school,median_pt_car_ratio,3.8460
10044112,wd_am,secondary_school,median_pt_minutes,40.0000
10044112,wd_am,secondary_school,share_within_30,0.4164
10044112,wd_am,secondary_school,share_within_60,0.8454
10044112,wd_am,supermarket,median_pt_car_ratio,4.0000
10044112,wd_am,supermarket,median_pt_minutes,15.0000
10044112,wd_am,supermarket,share_within_30,0.8254
10044112,wd_am,supermarket,share_within_60,0.9926
10044112,wd_pm,30,mean_reachable_population_pt,4639.0000
10044112,wd_pm,45,mean_reachable_population_pt,6473.0000
10044112,wd_pm,60,mean_reachable_population_pt,17600.0000
10044112,wd_pm,gp,median_pt_car_ratio,4.8330
10044112,wd_pm,gp,median_pt_minutes,29.0000
10044112,wd_pm,gp,share_within_30,0.5354
10044112,wd_pm,gp,share_within_60,0.7917
10044112,wd_pm,gp_strict,median_pt_car_ratio,6.0000
10044112,wd_pm,gp_strict,median_pt_minutes,43.0000
10044112,wd_pm,gp_strict,share_within_30,0.4132
10044112,wd_pm,gp_strict,share_within_60,0.6942
10044112,wd_pm,hospital,median_pt_car_ratio,6.5000
10044112,wd_pm,hospital,median_pt_minutes,70.0000
10044112,wd_pm,hospital,share_within_30,0.1302
10044112,wd_pm,hospital,share_within_60,0.3114
10044112,wd_pm,pharmacy,median_pt_car_ratio,5.6670
10044112,wd_pm,pharmacy,median_pt_minutes,19.0000
10044112,wd_pm,pharmacy,share_within_30,0.6733
10044112,wd_pm,pharmacy,share_within_60,0.7696
10044112,wd_pm,primary_school,median_pt_car_ratio,4.2500
10044112,wd_pm,primary_school,median_pt_minutes,21.0000
10044112,wd_pm,primary_school,share_within_30,0.6880
10044112,wd_pm,primary_school,share_within_60,0.8107
10044112,wd_pm,rail_station,median_pt_car_ratio,5.4290
10044112,wd_pm,rail_station,median_pt_minutes,38.0000
10044112,wd_pm,rail_station,share_within_30,0.4305
10044112,wd_pm,rail_station,share_within_60,0.6943
10044112,wd_pm,secondary_school,median_pt_car_ratio,4.7500
10044112,wd_pm,secondary_school,median_pt_minutes,48.0000
10044112,wd_pm,secondary_school,share_within_30,0.4164
10044112,wd_pm,secondary_school,share_within_60,0.6103
10044112,wd_pm,supermarket,median_pt_car_ratio,4.0000
10044112,wd_pm,supermarket,median_pt_minutes,15.0000
10044112,wd_pm,supermarket,share_within_30,0.8254
10044112,wd_pm,supermarket,share_within_60,0.8960
10044113,car,30,mean_reachable_population_car,367835.0000
10044113,car,45,mean_reachable_population_car,902812.0000
10044113,car,60,mean_reachable_population_car,1262413.0000
10044113,car,gp,median_car_minutes,9.0000
10044113,car,gp_strict,median_car_minutes,13.0000
10044113,car,hospital,median_car_minutes,18.0000
10044113,car,pharmacy,median_car_minutes,5.0000
10044113,car,primary_school,median_car_minutes,6.0000
10044113,car,rail_station,median_car_minutes,13.0000
10044113,car,secondary_school,median_car_minutes,9.0000
10044113,car,supermarket,median_car_minutes,5.0000
10044113,su_am,30,mean_reachable_population_pt,4740.0000
10044113,su_am,45,mean_reachable_population_pt,4984.0000
10044113,su_am,60,mean_reachable_population_pt,6453.0000
10044113,su_am,gp,median_pt_car_ratio,9.6670
10044113,su_am,gp,median_pt_minutes,87.0000
10044113,su_am,gp,share_within_30,0.0000
10044113,su_am,gp,share_within_60,0.0000
10044113,su_am,gp_strict,median_pt_car_ratio,6.3570
10044113,su_am,gp_strict,median_pt_minutes,87.0000
10044113,su_am,gp_strict,share_within_30,0.0000
10044113,su_am,gp_strict,share_within_60,0.0000
10044113,su_am,hospital,median_pt_car_ratio,5.6110
10044113,su_am,hospital,median_pt_minutes,103.0000
10044113,su_am,hospital,share_within_30,0.0000
10044113,su_am,hospital,share_within_60,0.0000
10044113,su_am,pharmacy,median_pt_car_ratio,5.6000
10044113,su_am,pharmacy,median_pt_minutes,28.0000
10044113,su_am,pharmacy,share_within_30,0.5414
10044113,su_am,pharmacy,share_within_60,0.9758
10044113,su_am,primary_school,median_pt_car_ratio,4.5000
10044113,su_am,primary_school,median_pt_minutes,24.0000
10044113,su_am,primary_school,share_within_30,0.5753
10044113,su_am,primary_school,share_within_60,0.9758
10044113,su_am,rail_station,median_pt_car_ratio,6.0000
10044113,su_am,rail_station,median_pt_minutes,82.0000
10044113,su_am,rail_station,share_within_30,0.0000
10044113,su_am,rail_station,share_within_60,0.0000
10044113,su_am,secondary_school,median_pt_car_ratio,9.5560
10044113,su_am,secondary_school,median_pt_minutes,86.0000
10044113,su_am,secondary_school,share_within_30,0.0061
10044113,su_am,secondary_school,share_within_60,0.0261
10044113,su_am,supermarket,median_pt_car_ratio,6.0000
10044113,su_am,supermarket,median_pt_minutes,30.0000
10044113,su_am,supermarket,share_within_30,0.5321
10044113,su_am,supermarket,share_within_60,0.9127
10044113,wd_am,30,mean_reachable_population_pt,5593.0000
10044113,wd_am,45,mean_reachable_population_pt,20954.0000
10044113,wd_am,60,mean_reachable_population_pt,57167.0000
10044113,wd_am,gp,median_pt_car_ratio,5.1670
10044113,wd_am,gp,median_pt_minutes,44.0000
10044113,wd_am,gp,share_within_30,0.0000
10044113,wd_am,gp,share_within_60,0.9155
10044113,wd_am,gp_strict,median_pt_car_ratio,3.8570
10044113,wd_am,gp_strict,median_pt_minutes,52.0000
10044113,wd_am,gp_strict,share_within_30,0.0000
10044113,wd_am,gp_strict,share_within_60,0.8508
10044113,wd_am,hospital,median_pt_car_ratio,3.2500
10044113,wd_am,hospital,median_pt_minutes,59.0000
10044113,wd_am,hospital,share_within_30,0.0000
10044113,wd_am,hospital,share_within_60,0.6472
10044113,wd_am,pharmacy,median_pt_car_ratio,4.1250
10044113,wd_am,pharmacy,median_pt_minutes,28.0000
10044113,wd_am,pharmacy,share_within_30,0.6285
10044113,wd_am,pharmacy,share_within_60,0.9992
10044113,wd_am,primary_school,median_pt_car_ratio,3.9000
10044113,wd_am,primary_school,median_pt_minutes,24.0000
10044113,wd_am,primary_school,share_within_30,0.5753
10044113,wd_am,primary_school,share_within_60,0.9970
10044113,wd_am,rail_station,median_pt_car_ratio,3.3330
10044113,wd_am,rail_station,median_pt_minutes,47.0000
10044113,wd_am,rail_station,share_within_30,0.0000
10044113,wd_am,rail_station,share_within_60,0.9946
10044113,wd_am,secondary_school,median_pt_car_ratio,4.3750
10044113,wd_am,secondary_school,median_pt_minutes,46.0000
10044113,wd_am,secondary_school,share_within_30,0.0061
10044113,wd_am,secondary_school,share_within_60,0.9609
10044113,wd_am,supermarket,median_pt_car_ratio,4.3330
10044113,wd_am,supermarket,median_pt_minutes,30.0000
10044113,wd_am,supermarket,share_within_30,0.5384
10044113,wd_am,supermarket,share_within_60,0.9992
10044113,wd_pm,30,mean_reachable_population_pt,5500.0000
10044113,wd_pm,45,mean_reachable_population_pt,16235.0000
10044113,wd_pm,60,mean_reachable_population_pt,44198.0000
10044113,wd_pm,gp,median_pt_car_ratio,5.2220
10044113,wd_pm,gp,median_pt_minutes,48.0000
10044113,wd_pm,gp,share_within_30,0.0000
10044113,wd_pm,gp,share_within_60,0.8982
10044113,wd_pm,gp_strict,median_pt_car_ratio,4.1330
10044113,wd_pm,gp_strict,median_pt_minutes,50.0000
10044113,wd_pm,gp_strict,share_within_30,0.0000
10044113,wd_pm,gp_strict,share_within_60,0.7232
10044113,wd_pm,hospital,median_pt_car_ratio,3.5000
10044113,wd_pm,hospital,median_pt_minutes,70.0000
10044113,wd_pm,hospital,share_within_30,0.0000
10044113,wd_pm,hospital,share_within_60,0.4250
10044113,wd_pm,pharmacy,median_pt_car_ratio,4.6670
10044113,wd_pm,pharmacy,median_pt_minutes,28.0000
10044113,wd_pm,pharmacy,share_within_30,0.5414
10044113,wd_pm,pharmacy,share_within_60,0.9992
10044113,wd_pm,primary_school,median_pt_car_ratio,4.1000
10044113,wd_pm,primary_school,median_pt_minutes,24.0000
10044113,wd_pm,primary_school,share_within_30,0.5753
10044113,wd_pm,primary_school,share_within_60,0.9970
10044113,wd_pm,rail_station,median_pt_car_ratio,3.4000
10044113,wd_pm,rail_station,median_pt_minutes,48.0000
10044113,wd_pm,rail_station,share_within_30,0.0000
10044113,wd_pm,rail_station,share_within_60,0.9530
10044113,wd_pm,secondary_school,median_pt_car_ratio,5.1000
10044113,wd_pm,secondary_school,median_pt_minutes,50.0000
10044113,wd_pm,secondary_school,share_within_30,0.0061
10044113,wd_pm,secondary_school,share_within_60,0.8348
10044113,wd_pm,supermarket,median_pt_car_ratio,4.7500
10044113,wd_pm,supermarket,median_pt_minutes,30.0000
10044113,wd_pm,supermarket,share_within_30,0.5321
10044113,wd_pm,supermarket,share_within_60,0.9992
10044114,car,30,mean_reachable_population_car,359547.0000
10044114,car,45,mean_reachable_population_car,850432.0000
10044114,car,60,mean_reachable_population_car,1196200.0000
10044114,car,gp,median_car_minutes,5.0000
10044114,car,gp_strict,median_car_minutes,7.0000
10044114,car,hospital,median_car_minutes,14.0000
10044114,car,pharmacy,median_car_minutes,8.0000
10044114,car,primary_school,median_car_minutes,5.0000
10044114,car,rail_station,median_car_minutes,3.0000
10044114,car,secondary_school,median_car_minutes,12.0000
10044114,car,supermarket,median_car_minutes,5.0000
10044114,su_am,30,mean_reachable_population_pt,3867.0000
10044114,su_am,45,mean_reachable_population_pt,4505.0000
10044114,su_am,60,mean_reachable_population_pt,14258.0000
10044114,su_am,gp,median_pt_car_ratio,4.3330
10044114,su_am,gp,median_pt_minutes,16.0000
10044114,su_am,gp,share_within_30,0.5896
10044114,su_am,gp,share_within_60,0.8535
10044114,su_am,gp_strict,median_pt_car_ratio,5.1110
10044114,su_am,gp_strict,median_pt_minutes,37.0000
10044114,su_am,gp_strict,share_within_30,0.4592
10044114,su_am,gp_strict,share_within_60,0.8225
10044114,su_am,hospital,median_pt_car_ratio,5.8570
10044114,su_am,hospital,median_pt_minutes,77.0000
10044114,su_am,hospital,share_within_30,0.0000
10044114,su_am,hospital,share_within_60,0.0101
10044114,su_am,pharmacy,median_pt_car_ratio,4.8000
10044114,su_am,pharmacy,median_pt_minutes,50.0000
10044114,su_am,pharmacy,share_within_30,0.3323
10044114,su_am,pharmacy,share_within_60,0.7596
10044114,su_am,primary_school,median_pt_car_ratio,4.0000
10044114,su_am,primary_school,median_pt_minutes,14.0000
10044114,su_am,primary_school,share_within_30,0.6474
10044114,su_am,primary_school,share_within_60,0.8474
10044114,su_am,rail_station,median_pt_car_ratio,4.3330
10044114,su_am,rail_station,median_pt_minutes,14.0000
10044114,su_am,rail_station,share_within_30,0.8483
10044114,su_am,rail_station,share_within_60,0.8485
10044114,su_am,secondary_school,median_pt_car_ratio,5.7000
10044114,su_am,secondary_school,median_pt_minutes,61.0000
10044114,su_am,secondary_school,share_within_30,0.0596
10044114,su_am,secondary_school,share_within_60,0.4713
10044114,su_am,supermarket,median_pt_car_ratio,5.3330
10044114,su_am,supermarket,median_pt_minutes,17.0000
10044114,su_am,supermarket,share_within_30,0.5896
10044114,su_am,supermarket,share_within_60,0.8535
10044114,wd_am,30,mean_reachable_population_pt,3902.0000
10044114,wd_am,45,mean_reachable_population_pt,13060.0000
10044114,wd_am,60,mean_reachable_population_pt,50290.0000
10044114,wd_am,gp,median_pt_car_ratio,4.0000
10044114,wd_am,gp,median_pt_minutes,16.0000
10044114,wd_am,gp,share_within_30,0.6494
10044114,wd_am,gp,share_within_60,0.9397
10044114,wd_am,gp_strict,median_pt_car_ratio,4.3000
10044114,wd_am,gp_strict,median_pt_minutes,30.0000
10044114,wd_am,gp_strict,share_within_30,0.5190
10044114,wd_am,gp_strict,share_within_60,0.9397
10044114,wd_am,hospital,median_pt_car_ratio,4.7140
10044114,wd_am,hospital,median_pt_minutes,62.0000
10044114,wd_am,hospital,share_within_30,0.0000
10044114,wd_am,hospital,share_within_60,0.4293
10044114,wd_am,pharmacy,median_pt_car_ratio,4.3330
10044114,wd_am,pharmacy,median_pt_minutes,42.0000
10044114,wd_am,pharmacy,share_within_30,0.3323
10044114,wd_am,pharmacy,share_within_60,0.7917
10044114,wd_am,primary_school,median_pt_car_ratio,4.0000
10044114,wd_am,primary_school,median_pt_minutes,14.0000
10044114,wd_am,primary_school,share_within_30,0.6474
10044114,wd_am,primary_school,share_within_60,0.8824
10044114,wd_am,rail_station,median_pt_car_ratio,4.0710
10044114,wd_am,rail_station,median_pt_minutes,14.0000
10044114,wd_am,rail_station,share_within_30,0.8483
10044114,wd_am,rail_station,share_within_60,0.9601
10044114,wd_am,secondary_school,median_pt_car_ratio,4.6670
10044114,wd_am,secondary_school,median_pt_minutes,51.0000
10044114,wd_am,secondary_school,share_within_30,0.0596
10044114,wd_am,secondary_school,share_within_60,0.7215
10044114,wd_am,supermarket,median_pt_car_ratio,5.0000
10044114,wd_am,supermarket,median_pt_minutes,17.0000
10044114,wd_am,supermarket,share_within_30,0.6494
10044114,wd_am,supermarket,share_within_60,0.9315
10044114,wd_pm,30,mean_reachable_population_pt,3868.0000
10044114,wd_pm,45,mean_reachable_population_pt,7254.0000
10044114,wd_pm,60,mean_reachable_population_pt,33004.0000
10044114,wd_pm,gp,median_pt_car_ratio,4.3330
10044114,wd_pm,gp,median_pt_minutes,16.0000
10044114,wd_pm,gp,share_within_30,0.5896
10044114,wd_pm,gp,share_within_60,0.8917
10044114,wd_pm,gp_strict,median_pt_car_ratio,5.1110
10044114,wd_pm,gp_strict,median_pt_minutes,37.0000
10044114,wd_pm,gp_strict,share_within_30,0.4592
10044114,wd_pm,gp_strict,share_within_60,0.8917
10044114,wd_pm,hospital,median_pt_car_ratio,5.0770
10044114,wd_pm,hospital,median_pt_minutes,67.0000
10044114,wd_pm,hospital,share_within_30,0.0000
10044114,wd_pm,hospital,share_within_60,0.1910
10044114,wd_pm,pharmacy,median_pt_car_ratio,4.4550
10044114,wd_pm,pharmacy,median_pt_minutes,45.0000
10044114,wd_pm,pharmacy,share_within_30,0.3323
10044114,wd_pm,pharmacy,share_within_60,0.7878
10044114,wd_pm,primary_school,median_pt_car_ratio,4.0000
10044114,wd_pm,primary_school,median_pt_minutes,14.0000
10044114,wd_pm,primary_school,share_within_30,0.6474
10044114,wd_pm,primary_school,share_within_60,0.8866
10044114,wd_pm,rail_station,median_pt_car_ratio,4.3330
10044114,wd_pm,rail_station,median_pt_minutes,14.0000
10044114,wd_pm,rail_station,share_within_30,0.8483
10044114,wd_pm,rail_station,share_within_60,0.8949
10044114,wd_pm,secondary_school,median_pt_car_ratio,5.0000
10044114,wd_pm,secondary_school,median_pt_minutes,56.0000
10044114,wd_pm,secondary_school,share_within_30,0.0596
10044114,wd_pm,secondary_school,share_within_60,0.7047
10044114,wd_pm,supermarket,median_pt_car_ratio,5.2000
10044114,wd_pm,supermarket,median_pt_minutes,17.0000
10044114,wd_pm,supermarket,share_within_30,0.5896
10044114,wd_pm,supermarket,share_within_60,0.8984
10044115,car,30,mean_reachable_population_car,517737.0000
10044115,car,45,mean_reachable_population_car,972463.0000
10044115,car,60,mean_reachable_population_car,1287376.0000
10044115,car,gp,median_car_minutes,4.0000
10044115,car,gp_strict,median_car_minutes,6.0000
10044115,car,hospital,median_car_minutes,6.0000
10044115,car,pharmacy,median_car_minutes,2.0000
10044115,car,primary_school,median_car_minutes,4.0000
10044115,car,rail_station,median_car_minutes,6.0000
10044115,car,secondary_school,median_car_minutes,6.0000
10044115,car,supermarket,median_car_minutes,3.0000
10044115,su_am,30,mean_reachable_population_pt,13853.0000
10044115,su_am,45,mean_reachable_population_pt,16692.0000
10044115,su_am,60,mean_reachable_population_pt,37952.0000
10044115,su_am,gp,median_pt_car_ratio,4.2500
10044115,su_am,gp,median_pt_minutes,17.0000
10044115,su_am,gp,share_within_30,0.8295
10044115,su_am,gp,share_within_60,0.8320
10044115,su_am,gp_strict,median_pt_car_ratio,6.0000
10044115,su_am,gp_strict,median_pt_minutes,44.0000
10044115,su_am,gp_strict,share_within_30,0.4681
10044115,su_am,gp_strict,share_within_60,0.7407
10044115,su_am,hospital,median_pt_car_ratio,7.5000
10044115,su_am,hospital,median_pt_minutes,52.0000
10044115,su_am,hospital,share_within_30,0.3947
10044115,su_am,hospital,share_within_60,0.7103
10044115,su_am,pharmacy,median_pt_car_ratio,4.3330
10044115,su_am,pharmacy,median_pt_minutes,10.0000
10044115,su_am,pharmacy,share_within_30,0.9105
10044115,su_am,pharmacy,share_within_60,0.9191
10044115,su_am,primary_school,median_pt_car_ratio,3.3330
10044115,su_am,primary_school,median_pt_minutes,12.0000
10044115,su_am,primary_school,share_within_30,0.9844
10044115,su_am,primary_school,share_within_60,0.9844
10044115,su_am,rail_station,median_pt_car_ratio,5.4000
10044115,su_am,rail_station,median_pt_minutes,28.0000
10044115,su_am,rail_station,share_within_30,0.5304
10044115,su_am,rail_station,share_within_60,0.7269
10044115,su_am,secondary_school,median_pt_car_ratio,4.0000
10044115,su_am,secondary_school,median_pt_minutes,20.0000
10044115,su_am,secondary_school,share_within_30,0.7637
10044115,su_am,secondary_school,share_within_60,0.8892
10044115,su_am,supermarket,median_pt_car_ratio,3.3330
10044115,su_am,supermarket,median_pt_minutes,9.0000
10044115,su_am,supermarket,share_within_30,0.9793
10044115,su_am,supermarket,share_within_60,0.9793
10044115,wd_am,30,mean_reachable_population_pt,19914.0000
10044115,wd_am,45,mean_reachable_population_pt,60594.0000
10044115,wd_am,60,mean_reachable_population_pt,141405.0000
10044115,wd_am,gp,median_pt_car_ratio,3.8570
10044115,wd_am,gp,median_pt_minutes,16.0000
10044115,wd_am,gp,share_within_30,0.9200
10044115,wd_am,gp,share_within_60,1.0000
10044115,wd_am,gp_strict,median_pt_car_ratio,3.8000
10044115,wd_am,gp_strict,median_pt_minutes,25.0000
10044115,wd_am,gp_strict,share_within_30,0.6963
10044115,wd_am,gp_strict,share_within_60,1.0000
10044115,wd_am,hospital,median_pt_car_ratio,4.8570
10044115,wd_am,hospital,median_pt_minutes,29.0000
10044115,wd_am,hospital,share_within_30,0.5784
10044115,wd_am,hospital,share_within_60,1.0000
10044115,wd_am,pharmacy,median_pt_car_ratio,4.3330
10044115,wd_am,pharmacy,median_pt_minutes,10.0000
10044115,wd_am,pharmacy,share_within_30,0.9287
10044115,wd_am,pharmacy,share_within_60,1.0000
10044115,wd_am,primary_school,median_pt_car_ratio,3.3330
10044115,wd_am,primary_school,median_pt_minutes,12.0000
10044115,wd_am,primary_school,share_within_30,0.9844
10044115,wd_am,primary_school,share_within_60,1.0000
10044115,wd_am,rail_station,median_pt_car_ratio,3.6150
10044115,wd_am,rail_station,median_pt_minutes,22.0000
10044115,wd_am,rail_station,share_within_30,0.8185
10044115,wd_am,rail_station,share_within_60,1.0000
10044115,wd_am,secondary_school,median_pt_car_ratio,3.6670
10044115,wd_am,secondary_school,median_pt_minutes,19.0000
10044115,wd_am,secondary_school,share_within_30,0.8524
10044115,wd_am,secondary_school,share_within_60,1.0000
10044115,wd_am,supermarket,median_pt_car_ratio,3.3330
10044115,wd_am,supermarket,median_pt_minutes,9.0000
10044115,wd_am,supermarket,share_within_30,0.9793
10044115,wd_am,supermarket,share_within_60,1.0000
10044115,wd_pm,30,mean_reachable_population_pt,16760.0000
10044115,wd_pm,45,mean_reachable_population_pt,44716.0000
10044115,wd_pm,60,mean_reachable_population_pt,98647.0000
10044115,wd_pm,gp,median_pt_car_ratio,4.0000
10044115,wd_pm,gp,median_pt_minutes,17.0000
10044115,wd_pm,gp,share_within_30,0.8842
10044115,wd_pm,gp,share_within_60,0.9997
10044115,wd_pm,gp_strict,median_pt_car_ratio,4.1110
10044115,wd_pm,gp_strict,median_pt_minutes,26.0000
10044115,wd_pm,gp_strict,share_within_30,0.6577
10044115,wd_pm,gp_strict,share_within_60,0.9765
10044115,wd_pm,hospital,median_pt_car_ratio,5.2500
10044115,wd_pm,hospital,median_pt_minutes,31.0000
10044115,wd_pm,hospital,share_within_30,0.4692
10044115,wd_pm,hospital,share_within_60,0.9942
10044115,wd_pm,pharmacy,median_pt_car_ratio,4.3330
10044115,wd_pm,pharmacy,median_pt_minutes,10.0000
10044115,wd_pm,pharmacy,share_within_30,0.9114
10044115,wd_pm,pharmacy,share_within_60,0.9997
10044115,wd_pm,primary_school,median_pt_car_ratio,3.3330
10044115,wd_pm,primary_school,median_pt_minutes,12.0000
10044115,wd_pm,primary_school,share_within_30,0.9844
10044115,wd_pm,primary_school,share_within_60,0.9998
10044115,wd_pm,rail_station,median_pt_car_ratio,4.0000
10044115,wd_pm,rail_station,median_pt_minutes,24.0000
10044115,wd_pm,rail_station,share_within_30,0.7249
10044115,wd_pm,rail_station,share_within_60,0.9897
10044115,wd_pm,secondary_school,median_pt_car_ratio,3.8000
10044115,wd_pm,secondary_school,median_pt_minutes,19.0000
10044115,wd_pm,secondary_school,share_within_30,0.8292
10044115,wd_pm,secondary_school,share_within_60,0.9997
10044115,wd_pm,supermarket,median_pt_car_ratio,3.3330
10044115,wd_pm,supermarket,median_pt_minutes,9.0000
10044115,wd_pm,supermarket,share_within_30,0.9793
10044115,wd_pm,supermarket,share_within_60,0.9998
10044116,car,30,mean_reachable_population_car,542086.0000
10044116,car,45,mean_reachable_population_car,1032189.0000
10044116,car,60,mean_reachable_population_car,1323193.0000
10044116,car,gp,median_car_minutes,7.0000
10044116,car,gp_strict,median_car_minutes,8.0000
10044116,car,hospital,median_car_minutes,15.0000
10044116,car,pharmacy,median_car_minutes,2.0000
10044116,car,primary_school,median_car_minutes,4.0000
10044116,car,rail_station,median_car_minutes,13.0000
10044116,car,secondary_school,median_car_minutes,6.0000
10044116,car,supermarket,median_car_minutes,3.0000
10044116,su_am,30,mean_reachable_population_pt,5552.0000
10044116,su_am,45,mean_reachable_population_pt,5605.0000
10044116,su_am,60,mean_reachable_population_pt,5605.0000
10044116,su_am,gp,median_pt_car_ratio,10.0000
10044116,su_am,gp,median_pt_minutes,99.0000
10044116,su_am,gp,share_within_30,0.3850
10044116,su_am,gp,share_within_60,0.3850
10044116,su_am,gp_strict,median_pt_car_ratio,12.7780
10044116,su_am,gp_strict,median_pt_minutes,115.0000
10044116,su_am,gp_strict,share_within_30,0.2090
10044116,su_am,gp_strict,share_within_60,0.2090
10044116,su_am,hospital,median_pt_car_ratio,
10044116,su_am,hospital,median_pt_minutes,
10044116,su_am,hospital,share_within_30,0.0000
10044116,su_am,hospital,share_within_60,0.0000
10044116,su_am,pharmacy,median_pt_car_ratio,4.2500
10044116,su_am,pharmacy,median_pt_minutes,9.0000
10044116,su_am,pharmacy,share_within_30,0.9510
10044116,su_am,pharmacy,share_within_60,0.9518
10044116,su_am,primary_school,median_pt_car_ratio,4.0000
10044116,su_am,primary_school,median_pt_minutes,16.0000
10044116,su_am,primary_school,share_within_30,0.7408
10044116,su_am,primary_school,share_within_60,0.7408
10044116,su_am,rail_station,median_pt_car_ratio,8.6920
10044116,su_am,rail_station,median_pt_minutes,113.0000
10044116,su_am,rail_station,share_within_30,0.0000
10044116,su_am,rail_station,share_within_60,0.0000
10044116,su_am,secondary_school,median_pt_car_ratio,5.3330
10044116,su_am,secondary_school,median_pt_minutes,27.0000
10044116,su_am,secondary_school,share_within_30,0.5297
10044116,su_am,secondary_school,share_within_60,0.5549
10044116,su_am,supermarket,median_pt_car_ratio,4.5000
10044116,su_am,supermarket,median_pt_minutes,13.0000
10044116,su_am,supermarket,share_within_30,0.7896
10044116,su_am,supermarket,share_within_60,0.7896
10044116,wd_am,30,mean_reachable_population_pt,5987.0000
10044116,wd_am,45,mean_reachable_population_pt,18433.0000
10044116,wd_am,60,mean_reachable_population_pt,51488.0000
10044116,wd_am,gp,median_pt_car_ratio,5.3750
10044116,wd_am,gp,median_pt_minutes,42.0000
10044116,wd_am,gp,share_within_30,0.3850
10044116,wd_am,gp,share_within_60,0.9521
10044116,wd_am,gp_strict,median_pt_car_ratio,5.3750
10044116,wd_am,gp_strict,median_pt_minutes,46.0000
10044116,wd_am,gp_strict,share_within_30,0.2090
10044116,wd_am,gp_strict,share_within_60,0.9521
10044116,wd_am,hospital,median_pt_car_ratio,4.0000
10044116,wd_am,hospital,median_pt_minutes,56.0000
10044116,wd_am,hospital,share_within_30,0.0000
10044116,wd_am,hospital,share_within_60,0.5647
10044116,wd_am,pharmacy,median_pt_car_ratio,4.2500
10044116,wd_am,pharmacy,median_pt_minutes,9.0000
10044116,wd_am,pharmacy,share_within_30,0.9510
10044116,wd_am,pharmacy,share_within_60,0.9997
10044116,wd_am,primary_school,median_pt_car_ratio,4.0000
10044116,wd_am,primary_school,median_pt_minutes,16.0000
10044116,wd_am,primary_school,share_within_30,0.7408
10044116,wd_am,primary_school,share_within_60,0.9997
10044116,wd_am,rail_station,median_pt_car_ratio,3.5450
10044116,wd_am,rail_station,median_pt_minutes,44.0000
10044116,wd_am,rail_station,share_within_30,0.0004
10044116,wd_am,rail_station,share_within_60,0.7725
10044116,wd_am,secondary_school,median_pt_car_ratio,4.0000
10044116,wd_am,secondary_school,median_pt_minutes,27.0000
10044116,wd_am,secondary_school,share_within_30,0.5297
10044116,wd_am,secondary_school,share_within_60,0.9970
10044116,wd_am,supermarket,median_pt_car_ratio,4.5000
10044116,wd_am,supermarket,median_pt_minutes,13.0000
10044116,wd_am,supermarket,share_within_30,0.7896
10044116,wd_am,supermarket,share_within_60,0.9997
10044116,wd_pm,30,mean_reachable_population_pt,5886.0000
10044116,wd_pm,45,mean_reachable_population_pt,12485.0000
10044116,wd_pm,60,mean_reachable_population_pt,33772.0000
10044116,wd_pm,gp,median_pt_car_ratio,5.5000
10044116,wd_pm,gp,median_pt_minutes,44.0000
10044116,wd_pm,gp,share_within_30,0.3850
10044116,wd_pm,gp,share_within_60,0.9798
10044116,wd_pm,gp_strict,median_pt_car_ratio,5.5000
10044116,wd_pm,gp_strict,median_pt_minutes,45.0000
10044116,wd_pm,gp_strict,share_within_30,0.2090
10044116,wd_pm,gp_strict,share_within_60,0.8039
10044116,wd_pm,hospital,median_pt_car_ratio,4.6430
10044116,wd_pm,hospital,median_pt_minutes,59.0000
10044116,wd_pm,hospital,share_within_30,0.0000
10044116,wd_pm,hospital,share_within_60,0.5527
10044116,wd_pm,pharmacy,median_pt_car_ratio,4.2500
10044116,wd_pm,pharmacy,median_pt_minutes,9.0000
10044116,wd_pm,pharmacy,share_within_30,0.9510
10044116,wd_pm,pharmacy,share_within_60,0.9997
10044116,wd_pm,primary_school,median_pt_car_ratio,4.0000
10044116,wd_pm,primary_school,median_pt_minutes,16.0000
10044116,wd_pm,primary_school,share_within_30,0.7408
10044116,wd_pm,primary_school,share_within_60,0.7898
10044116,wd_pm,rail_station,median_pt_car_ratio,4.2730
10044116,wd_pm,rail_station,median_pt_minutes,49.0000
10044116,wd_pm,rail_station,share_within_30,0.0000
10044116,wd_pm,rail_station,share_within_60,0.6136
10044116,wd_pm,secondary_school,median_pt_car_ratio,5.3330
10044116,wd_pm,secondary_school,median_pt_minutes,27.0000
10044116,wd_pm,secondary_school,share_within_30,0.5297
10044116,wd_pm,secondary_school,share_within_60,0.6135
10044116,wd_pm,supermarket,median_pt_car_ratio,4.5000
10044116,wd_pm,supermarket,median_pt_minutes,13.0000
10044116,wd_pm,supermarket,share_within_30,0.7896
10044116,wd_pm,supermarket,share_within_60,0.7898
10044117,car,30,mean_reachable_population_car,231100.0000
10044117,car,45,mean_reachable_population_car,791360.0000
10044117,car,60,mean_reachable_population_car,1269796.0000
10044117,car,gp,median_car_minutes,5.0000
10044117,car,gp_strict,median_car_minutes,11.0000
10044117,car,hospital,median_car_minutes,12.0000
10044117,car,pharmacy,median_car_minutes,3.0000
10044117,car,primary_school,median_car_minutes,5.0000
10044117,car,rail_station,median_car_minutes,15.0000
10044117,car,secondary_school,median_car_minutes,10.0000
10044117,car,supermarket,median_car_minutes,3.0000
10044117,su_am,30,mean_reachable_population_pt,5364.0000
10044117,su_am,45,mean_reachable_population_pt,5495.0000
10044117,su_am,60,mean_reachable_population_pt,6071.0000
10044117,su_am,gp,median_pt_car_ratio,8.1110
10044117,su_am,gp,median_pt_minutes,68.0000
10044117,su_am,gp,share_within_30,0.4188
10044117,su_am,gp,share_within_60,0.4199
10044117,su_am,gp_strict,median_pt_car_ratio,10.4440
10044117,su_am,gp_strict,median_pt_minutes,85.0000
10044117,su_am,gp_strict,share_within_30,0.0000
10044117,su_am,gp_strict,share_within_60,0.0011
10044117,su_am,hospital,median_pt_car_ratio,7.6000
10044117,su_am,hospital,median_pt_minutes,96.0000
10044117,su_am,hospital,share_within_30,0.0000
10044117,su_am,hospital,share_within_60,0.0000
10044117,su_am,pharmacy,median_pt_car_ratio,4.0000
10044117,su_am,pharmacy,median_pt_minutes,12.0000
10044117,su_am,pharmacy,share_within_30,0.8993
10044117,su_am,pharmacy,share_within_60,0.9702
10044117,su_am,primary_school,median_pt_car_ratio,3.6000
10044117,su_am,primary_school,median_pt_minutes,17.0000
10044117,su_am,primary_school,share_within_30,0.8919
10044117,su_am,primary_school,share_within_60,0.9608
10044117,su_am,rail_station,median_pt_car_ratio,5.7860
10044117,su_am,rail_station,median_pt_minutes,85.0000
10044117,su_am,rail_station,share_within_30,0.0000
10044117,su_am,rail_station,share_within_60,0.0000
10044117,su_am,secondary_school,median_pt_car_ratio,6.0000
10044117,su_am,secondary_school,median_pt_minutes,54.0000
10044117,su_am,secondary_school,share_within_30,0.4562
10044117,su_am,secondary_school,share_within_60,0.5250
10044117,su_am,supermarket,median_pt_car_ratio,3.6670
10044117,su_am,supermarket,median_pt_minutes,12.0000
10044117,su_am,supermarket,share_within_30,0.9229
10044117,su_am,supermarket,share_within_60,0.9936
10044117,wd_am,30,mean_reachable_population_pt,5738.0000
10044117,wd_am,45,mean_reachable_population_pt,9642.0000
10044117,wd_am,60,mean_reachable_population_pt,23293.0000
10044117,wd_am,gp,median_pt_car_ratio,5.8570
10044117,wd_am,gp,median_pt_minutes,39.0000
10044117,wd_am,gp,share_within_30,0.4242
10044117,wd_am,gp,share_within_60,0.9951
10044117,wd_am,gp_strict,median_pt_car_ratio,5.1820
10044117,wd_am,gp_strict,median_pt_minutes,53.0000
10044117,wd_am,gp_strict,share_within_30,0.0000
10044117,wd_am,gp_strict,share_within_60,0.8345
10044117,wd_am,hospital,median_pt_car_ratio,4.3570
10044117,wd_am,hospital,median_pt_minutes,53.0000
10044117,wd_am,hospital,share_within_30,0.0000
10044117,wd_am,hospital,share_within_60,0.8053
10044117,wd_am,pharmacy,median_pt_car_ratio,4.0000
10044117,wd_am,pharmacy,median_pt_minutes,12.0000
10044117,wd_am,pharmacy,share_within_30,0.9282
10044117,wd_am,pharmacy,share_within_60,0.9980
10044117,wd_am,primary_school,median_pt_car_ratio,3.6000
10044117,wd_am,primary_school,median_pt_minutes,17.0000
10044117,wd_am,primary_school,share_within_30,0.8919
10044117,wd_am,primary_school,share_within_60,0.9980
10044117,wd_am,rail_station,median_pt_car_ratio,3.2780
10044117,wd_am,rail_station,median_pt_minutes,50.0000
10044117,wd_am,rail_station,share_within_30,0.0000
10044117,wd_am,rail_station,share_within_60,0.9658
10044117,wd_am,secondary_school,median_pt_car_ratio,3.0000
10044117,wd_am,secondary_school,median_pt_minutes,28.0000
10044117,wd_am,secondary_school,share_within_30,0.5849
10044117,wd_am,secondary_school,share_within_60,0.9978
10044117,wd_am,supermarket,median_pt_car_ratio,3.6670
10044117,wd_am,supermarket,median_pt_minutes,12.0000
10044117,wd_am,supermarket,share_within_30,0.9281
10044117,wd_am,supermarket,share_within_60,0.9980
10044117,wd_pm,30,mean_reachable_population_pt,5364.0000
10044117,wd_pm,45,mean_reachable_population_pt,6477.0000
10044117,wd_pm,60,mean_reachable_population_pt,15819.0000
10044117,wd_pm,gp,median_pt_car_ratio,7.0000
10044117,wd_pm,gp,median_pt_minutes,42.0000
10044117,wd_pm,gp,share_within_30,0.4188
10044117,wd_pm,gp,share_within_60,0.8303
10044117,wd_pm,gp_strict,median_pt_car_ratio,5.6000
10044117,wd_pm,gp_strict,median_pt_minutes,62.0000
10044117,wd_pm,gp_strict,share_within_30,0.0000
10044117,wd_pm,gp_strict,share_within_60,0.4536
10044117,wd_pm,hospital,median_pt_car_ratio,5.7000
10044117,wd_pm,hospital,median_pt_minutes,66.0000
10044117,wd_pm,hospital,share_within_30,0.0000
10044117,wd_pm,hospital,share_within_60,0.4828
10044117,wd_pm,pharmacy,median_pt_car_ratio,4.0000
10044117,wd_pm,pharmacy,median_pt_minutes,12.0000
10044117,wd_pm,pharmacy,share_within_30,0.8993
10044117,wd_pm,pharmacy,share_within_60,0.9796
10044117,wd_pm,primary_school,median_pt_car_ratio,3.6000
10044117,wd_pm,primary_school,median_pt_minutes,17.0000
10044117,wd_pm,primary_school,share_within_30,0.8919
10044117,wd_pm,primary_school,share_within_60,0.9770
10044117,wd_pm,rail_station,median_pt_car_ratio,4.0710
10044117,wd_pm,rail_station,median_pt_minutes,59.0000
10044117,wd_pm,rail_station,share_within_30,0.0000
10044117,wd_pm,rail_station,share_within_60,0.5255
10044117,wd_pm,secondary_school,median_pt_car_ratio,3.8180
10044117,wd_pm,secondary_school,median_pt_minutes,43.0000
10044117,wd_pm,secondary_school,share_within_30,0.4562
10044117,wd_pm,secondary_school,share_within_60,0.8241
10044117,wd_pm,supermarket,median_pt_car_ratio,3.6670
10044117,wd_pm,supermarket,median_pt_minutes,12.0000
10044117,wd_pm,supermarket,share_within_30,0.9229
10044117,wd_pm,supermarket,share_within_60,0.9976
10044118,car,30,mean_reachable_population_car,527626.0000
10044118,car,45,mean_reachable_population_car,1003487.0000
10044118,car,60,mean_reachable_population_car,1304186.0000
10044118,car,gp,median_car_minutes,7.0000
10044118,car,gp_strict,median_car_minutes,9.0000
10044118,car,hospital,median_car_minutes,12.0000
10044118,car,pharmacy,median_car_minutes,3.0000
10044118,car,primary_school,median_car_minutes,4.0000
10044118,car,rail_station,median_car_minutes,10.0000
10044118,car,secondary_school,median_car_minutes,9.0000
10044118,car,supermarket,median_car_minutes,3.0000
10044118,su_am,30,mean_reachable_population_pt,8350.0000
10044118,su_am,45,mean_reachable_population_pt,8571.0000
10044118,su_am,60,mean_reachable_population_pt,8614.0000
10044118,su_am,gp,median_pt_car_ratio,21.2000
10044118,su_am,gp,median_pt_minutes,106.0000
10044118,su_am,gp,share_within_30,0.0405
10044118,su_am,gp,share_within_60,0.0405
10044118,su_am,gp_strict,median_pt_car_ratio,
10044118,su_am,gp_strict,median_pt_minutes,
10044118,su_am,gp_strict,share_within_30,0.0000
10044118,su_am,gp_strict,share_within_60,0.0018
10044118,su_am,hospital,median_pt_car_ratio,
10044118,su_am,hospital,median_pt_minutes,
10044118,su_am,hospital,share_within_30,0.0009
10044118,su_am,hospital,share_within_60,0.0009
10044118,su_am,pharmacy,median_pt_car_ratio,4.6670
10044118,su_am,pharmacy,median_pt_minutes,14.0000
10044118,su_am,pharmacy,share_within_30,0.7429
10044118,su_am,pharmacy,share_within_60,0.7429
10044118,su_am,primary_school,median_pt_car_ratio,2.6670
10044118,su_am,primary_school,median_pt_minutes,9.0000
10044118,su_am,primary_school,share_within_30,0.9630
10044118,su_am,primary_school,share_within_60,0.9630
10044118,su_am,rail_station,median_pt_car_ratio,
10044118,su_am,rail_station,median_pt_minutes,
10044118,su_am,rail_station,share_within_30,0.0340
10044118,su_am,rail_station,share_within_60,0.0340
10044118,su_am,secondary_school,median_pt_car_ratio,
10044118,su_am,secondary_school,median_pt_minutes,
10044118,su_am,secondary_school,share_within_30,0.0450
10044118,su_am,secondary_school,share_within_60,0.0458
10044118,su_am,supermarket,median_pt_car_ratio,4.3330
10044118,su_am,supermarket,median_pt_minutes,14.0000
10044118,su_am,supermarket,share_within_30,0.9271
10044118,su_am,supermarket,share_within_60,0.9280
10044118,wd_am,30,mean_reachable_population_pt,9413.0000
10044118,wd_am,45,mean_reachable_population_pt,21779.0000
10044118,wd_am,60,mean_reachable_population_pt,57046.0000
10044118,wd_am,gp,median_pt_car_ratio,4.8570
10044118,wd_am,gp,median_pt_minutes,33.0000
10044118,wd_am,gp,share_within_30,0.3766
10044118,wd_am,gp,share_within_60,1.0000
10044118,wd_am,gp_strict,median_pt_car_ratio,4.9090
10044118,wd_am,gp_strict,median_pt_minutes,46.0000
10044118,wd_am,gp_strict,share_within_30,0.0004
10044118,wd_am,gp_strict,share_within_60,1.0000
10044118,wd_am,hospital,median_pt_car_ratio,4.6670
10044118,wd_am,hospital,median_pt_minutes,55.0000
10044118,wd_am,hospital,share_within_30,0.0009
10044118,wd_am,hospital,share_within_60,0.7341
10044118,wd_am,pharmacy,median_pt_car_ratio,4.6670
10044118,wd_am,pharmacy,median_pt_minutes,14.0000
10044118,wd_am,pharmacy,share_within_30,0.7429
10044118,wd_am,pharmacy,share_within_60,1.0000
10044118,wd_am,primary_school,median_pt_car_ratio,2.6670
10044118,wd_am,primary_school,median_pt_minutes,9.0000
10044118,wd_am,primary_school,share_within_30,0.9630
10044118,wd_am,primary_school,share_within_60,1.0000
10044118,wd_am,rail_station,median_pt_car_ratio,3.8000
10044118,wd_am,rail_station,median_pt_minutes,41.0000
10044118,wd_am,rail_station,share_within_30,0.0340
10044118,wd_am,rail_station,share_within_60,0.9593
10044118,wd_am,secondary_school,median_pt_car_ratio,4.2860
10044118,wd_am,secondary_school,median_pt_minutes,35.0000
10044118,wd_am,secondary_school,share_within_30,0.2614
10044118,wd_am,secondary_school,share_within_60,0.9660
10044118,wd_am,supermarket,median_pt_car_ratio,4.3330
10044118,wd_am,supermarket,median_pt_minutes,14.0000
10044118,wd_am,supermarket,share_within_30,0.9462
10044118,wd_am,supermarket,share_within_60,1.0000
10044118,wd_pm,30,mean_reachable_population_pt,8351.0000
10044118,wd_pm,45,mean_reachable_population_pt,13232.0000
10044118,wd_pm,60,mean_reachable_population_pt,31046.0000
10044118,wd_pm,gp,median_pt_car_ratio,6.1670
10044118,wd_pm,gp,median_pt_minutes,40.0000
10044118,wd_pm,gp,share_within_30,0.0405
10044118,wd_pm,gp,share_within_60,0.8817
10044118,wd_pm,gp_strict,median_pt_car_ratio,6.1000
10044118,wd_pm,gp_strict,median_pt_minutes,55.0000
10044118,wd_pm,gp_strict,share_within_30,0.0000
10044118,wd_pm,gp_strict,share_within_60,0.6246
10044118,wd_pm,hospital,median_pt_car_ratio,5.2310
10044118,wd_pm,hospital,median_pt_minutes,61.0000
10044118,wd_pm,hospital,share_within_30,0.0009
10044118,wd_pm,hospital,share_within_60,0.4989
10044118,wd_pm,pharmacy,median_pt_car_ratio,4.6670
10044118,wd_pm,pharmacy,median_pt_minutes,14.0000
10044118,wd_pm,pharmacy,share_within_30,0.7429
10044118,wd_pm,pharmacy,share_within_60,0.8889
10044118,wd_pm,primary_school,median_pt_car_ratio,2.6670
10044118,wd_pm,primary_school,median_pt_minutes,9.0000
10044118,wd_pm,primary_school,share_within_30,0.9630
10044118,wd_pm,primary_school,share_within_60,1.0000
10044118,wd_pm,rail_station,median_pt_car_ratio,4.7000
10044118,wd_pm,rail_station,median_pt_minutes,47.0000
10044118,wd_pm,rail_station,share_within_30,0.0340
10044118,wd_pm,rail_station,share_within_60,0.7438
10044118,wd_pm,secondary_school,median_pt_car_ratio,5.1250
10044118,wd_pm,secondary_school,median_pt_minutes,42.0000
10044118,wd_pm,secondary_school,share_within_30,0.0450
10044118,wd_pm,secondary_school,share_within_60,0.8817
10044118,wd_pm,supermarket,median_pt_car_ratio,4.3330
10044118,wd_pm,supermarket,median_pt_minutes,14.0000
10044118,wd_pm,supermarket,share_within_30,0.9271
10044118,wd_pm,supermarket,share_within_60,1.0000
10044119,car,30,mean_reachable_population_car,352446.0000
10044119,car,45,mean_reachable_population_car,782703.0000
10044119,car,60,mean_reachable_population_car,1111815.0000
10044119,car,gp,median_car_minutes,3.0000
10044119,car,gp_strict,median_car_minutes,10.0000
10044119,car,hospital,median_car_minutes,15.0000
10044119,car,pharmacy,median_car_minutes,3.0000
10044119,car,primary_school,median_car_minutes,4.0000
10044119,car,rail_station,median_car_minutes,15.0000
10044119,car,secondary_school,median_car_minutes,15.0000
10044119,car,supermarket,median_car_minutes,4.0000
10044119,su_am,30,mean_reachable_population_pt,4841.0000
10044119,su_am,45,mean_reachable_population_pt,4878.0000
10044119,su_am,60,mean_reachable_population_pt,4886.0000
10044119,su_am,gp,median_pt_car_ratio,4.4000
10044119,su_am,gp,median_pt_minutes,11.0000
10044119,su_am,gp,share_within_30,0.8300
10044119,su_am,gp,share_within_60,0.8625
10044119,su_am,gp_strict,median_pt_car_ratio,
10044119,su_am,gp_strict,median_pt_minutes,
10044119,su_am,gp_strict,share_within_30,0.0000
10044119,su_am,gp_strict,share_within_60,0.0008
10044119,su_am,hospital,median_pt_car_ratio,7.5330
10044119,su_am,hospital,median_pt_minutes,113.0000
10044119,su_am,hospital,share_within_30,0.0000
10044119,su_am,hospital,share_within_60,0.0000
10044119,su_am,pharmacy,median_pt_car_ratio,4.0000
10044119,su_am,pharmacy,median_pt_minutes,11.0000
10044119,su_am,pharmacy,share_within_30,0.8776
10044119,su_am,pharmacy,share_within_60,0.8784
10044119,su_am,primary_school,median_pt_car_ratio,3.2500
10044119,su_am,primary_school,median_pt_minutes,10.0000
10044119,su_am,primary_school,share_within_30,0.8430
10044119,su_am,primary_school,share_within_60,0.8535
10044119,su_am,rail_station,median_pt_car_ratio,
10044119,su_am,rail_station,median_pt_minutes,
10044119,su_am,rail_station,share_within_30,0.0000
10044119,su_am,rail_station,share_within_60,0.0000
10044119,su_am,secondary_school,median_pt_car_ratio,7.4670
10044119,su_am,secondary_school,median_pt_minutes,112.0000
10044119,su_am,secondary_school,share_within_30,0.0000
10044119,su_am,secondary_school,share_within_60,0.0000
10044119,su_am,supermarket,median_pt_car_ratio,4.0000
10044119,su_am,supermarket,median_pt_minutes,18.0000
10044119,su_am,supermarket,share_within_30,0.8456
10044119,su_am,supermarket,share_within_60,0.8464
10044119,wd_am,30,mean_reachable_population_pt,5280.0000
10044119,wd_am,45,mean_reachable_population_pt,13171.0000
10044119,wd_am,60,mean_reachable_population_pt,28205.0000
10044119,wd_am,gp,median_pt_car_ratio,4.4000
10044119,wd_am,gp,median_pt_minutes,11.0000
10044119,wd_am,gp,share_within_30,0.8300
10044119,wd_am,gp,share_within_60,0.9998
10044119,wd_am,gp_strict,median_pt_car_ratio,5.5000
10044119,wd_am,gp_strict,median_pt_minutes,63.0000
10044119,wd_am,gp_strict,share_within_30,0.0000
10044119,wd_am,gp_strict,share_within_60,0.4503
10044119,wd_am,hospital,median_pt_car_ratio,3.7330
10044119,wd_am,hospital,median_pt_minutes,54.0000
10044119,wd_am,hospital,share_within_30,0.0000
10044119,wd_am,hospital,share_within_60,0.9155
10044119,wd_am,pharmacy,median_pt_car_ratio,4.0000
10044119,wd_am,pharmacy,median_pt_minutes,11.0000
10044119,wd_am,pharmacy,share_within_30,0.8776
10044119,wd_am,pharmacy,share_within_60,0.9998
10044119,wd_am,primary_school,median_pt_car_ratio,3.2500
10044119,wd_am,primary_school,median_pt_minutes,10.0000
10044119,wd_am,primary_school,share_within_30,0.8630
10044119,wd_am,primary_school,share_within_60,0.9998
10044119,wd_am,rail_station,median_pt_car_ratio,4.1250
10044119,wd_am,rail_station,median_pt_minutes,61.0000
10044119,wd_am,rail_station,share_within_30,0.0000
10044119,wd_am,rail_station,share_within_60,0.4504
10044119,wd_am,secondary_school,median_pt_car_ratio,3.5830
10044119,wd_am,secondary_school,median_pt_minutes,53.0000
10044119,wd_am,secondary_school,share_within_30,0.0000
10044119,wd_am,secondary_school,share_within_60,0.9349
10044119,wd_am,supermarket,median_pt_car_ratio,4.0000
10044119,wd_am,supermarket,median_pt_minutes,18.0000
10044119,wd_am,supermarket,share_within_30,0.8456
10044119,wd_am,supermarket,share_within_60,0.9998
10044119,wd_pm,30,mean_reachable_population_pt,4858.0000
10044119,wd_pm,45,mean_reachable_population_pt,7772.0000
10044119,wd_pm,60,mean_reachable_population_pt,15792.0000
10044119,wd_pm,gp,median_pt_car_ratio,4.4000
10044119,wd_pm,gp,median_pt_minutes,11.0000
10044119,wd_pm,gp,share_within_30,0.8300
10044119,wd_pm,gp,share_within_60,0.9309
10044119,wd_pm,gp_strict,median_pt_car_ratio,7.6000
10044119,wd_pm,gp_strict,median_pt_minutes,75.0000
10044119,wd_pm,gp_strict,share_within_30,0.0000
10044119,wd_pm,gp_strict,share_within_60,0.1348
10044119,wd_pm,hospital,median_pt_car_ratio,4.3850
10044119,wd_pm,hospital,median_pt_minutes,67.0000
10044119,wd_pm,hospital,share_within_30,0.0000
10044119,wd_pm,hospital,share_within_60,0.2569
10044119,wd_pm,pharmacy,median_pt_car_ratio,4.0000
10044119,wd_pm,pharmacy,median_pt_minutes,11.0000
10044119,wd_pm,pharmacy,share_within_30,0.8776
10044119,wd_pm,pharmacy,share_within_60,0.8993
10044119,wd_pm,primary_school,median_pt_car_ratio,3.2500
10044119,wd_pm,primary_school,median_pt_minutes,10.0000
10044119,wd_pm,primary_school,share_within_30,0.8430
10044119,wd_pm,primary_school,share_within_60,0.8993
10044119,wd_pm,rail_station,median_pt_car_ratio,4.6000
10044119,wd_pm,rail_station,median_pt_minutes,71.0000
10044119,wd_pm,rail_station,share_within_30,0.0000
10044119,wd_pm,rail_station,share_within_60,0.2143
10044119,wd_pm,secondary_school,median_pt_car_ratio,4.1880
10044119,wd_pm,secondary_school,median_pt_minutes,66.0000
10044119,wd_pm,secondary_school,share_within_30,0.0000
10044119,wd_pm,secondary_school,share_within_60,0.3554
10044119,wd_pm,supermarket,median_pt_car_ratio,4.0000
10044119,wd_pm,supermarket,median_pt_minutes,18.0000
10044119,wd_pm,supermarket,share_within_30,0.8456
10044119,wd_pm,supermarket,share_within_60,0.8987
10044120,car,30,mean_reachable_population_car,434126.0000
10044120,car,45,mean_reachable_population_car,831757.0000
10044120,car,60,mean_reachable_population_car,1154184.0000
10044120,car,gp,median_car_minutes,2.0000
10044120,car,gp_strict,median_car_minutes,3.0000
10044120,car,hospital,median_car_minutes,14.0000
10044120,car,pharmacy,median_car_minutes,3.0000
10044120,car,primary_school,median_car_minutes,3.0000
10044120,car,rail_station,median_car_minutes,9.0000
10044120,car,secondary_school,median_car_minutes,6.0000
10044120,car,supermarket,median_car_minutes,3.0000
10044120,su_am,30,mean_reachable_population_pt,9752.0000
10044120,su_am,45,mean_reachable_population_pt,17625.0000
10044120,su_am,60,mean_reachable_population_pt,27740.0000
10044120,su_am,gp,median_pt_car_ratio,3.6000
10044120,su_am,gp,median_pt_minutes,9.0000
10044120,su_am,gp,share_within_30,0.9928
10044120,su_am,gp,share_within_60,1.0000
10044120,su_am,gp_strict,median_pt_car_ratio,3.8330
10044120,su_am,gp_strict,median_pt_minutes,12.0000
10044120,su_am,gp_strict,share_within_30,0.9928
10044120,su_am,gp_strict,share_within_60,1.0000
10044120,su_am,hospital,median_pt_car_ratio,6.0710
10044120,su_am,hospital,median_pt_minutes,86.0000
10044120,su_am,hospital,share_within_30,0.0000
10044120,su_am,hospital,share_within_60,0.0000
10044120,su_am,pharmacy,median_pt_car_ratio,5.0000
10044120,su_am,pharmacy,median_pt_minutes,15.0000
10044120,su_am,pharmacy,share_within_30,0.9696
10044120,su_am,pharmacy,share_within_60,1.0000
10044120,su_am,primary_school,median_pt_car_ratio,3.6670
10044120,su_am,primary_school,median_pt_minutes,11.0000
10044120,su_am,primary_school,share_within_30,0.9696
10044120,su_am,primary_school,share_within_60,1.0000
10044120,su_am,rail_station,median_pt_car_ratio,5.7780
10044120,su_am,rail_station,median_pt_minutes,53.0000
10044120,su_am,rail_station,share_within_30,0.1652
10044120,su_am,rail_station,share_within_60,0.9156
10044120,su_am,secondary_school,median_pt_car_ratio,4.0000
10044120,su_am,secondary_school,median_pt_minutes,21.0000
10044120,su_am,secondary_school,share_within_30,0.6824
10044120,su_am,secondary_school,share_within_60,1.0000
10044120,su_am,supermarket,median_pt_car_ratio,3.6670
10044120,su_am,supermarket,median_pt_minutes,13.0000
10044120,su_am,supermarket,share_within_30,0.9741
10044120,su_am,supermarket,share_within_60,1.0000
10044120,wd_am,30,mean_reachable_population_pt,11333.0000
10044120,wd_am,45,mean_reachable_population_pt,28186.0000
10044120,wd_am,60,mean_reachable_population_pt,78968.0000
10044120,wd_am,gp,median_pt_car_ratio,3.6000
10044120,wd_am,gp,median_pt_minutes,9.0000
10044120,wd_am,gp,share_within_30,1.0000
10044120,wd_am,gp,share_within_60,1.0000
10044120,wd_am,gp_strict,median_pt_car_ratio,3.8330
10044120,wd_am,gp_strict,median_pt_minutes,12.0000
10044120,wd_am,gp_strict,share_within_30,1.0000
10044120,wd_am,gp_strict,share_within_60,1.0000
10044120,wd_am,hospital,median_pt_car_ratio,3.8460
10044120,wd_am,hospital,median_pt_minutes,53.0000
10044120,wd_am,hospital,share_within_30,0.0000
10044120,wd_am,hospital,share_within_60,0.6996
10044120,wd_am,pharmacy,median_pt_car_ratio,5.0000
10044120,wd_am,pharmacy,median_pt_minutes,15.0000
10044120,wd_am,pharmacy,share_within_30,1.0000
10044120,wd_am,pharmacy,share_within_60,1.0000
10044120,wd_am,primary_school,median_pt_car_ratio,3.6670
10044120,wd_am,primary_school,median_pt_minutes,11.0000
10044120,wd_am,primary_school,share_within_30,0.9890
10044120,wd_am,primary_school,share_within_60,1.0000
10044120,wd_am,rail_station,median_pt_car_ratio,4.6250
10044120,wd_am,rail_station,median_pt_minutes,35.0000
10044120,wd_am,rail_station,share_within_30,0.2725
10044120,wd_am,rail_station,share_within_60,0.9014
10044120,wd_am,secondary_school,median_pt_car_ratio,3.7500
10044120,wd_am,secondary_school,median_pt_minutes,21.0000
10044120,wd_am,secondary_school,share_within_30,0.6861
10044120,wd_am,secondary_school,share_within_60,1.0000
10044120,wd_am,supermarket,median_pt_car_ratio,3.6670
10044120,wd_am,supermarket,median_pt_minutes,13.0000
10044120,wd_am,supermarket,share_within_30,1.0000
10044120,wd_am,supermarket,share_within_60,1.0000
10044120,wd_pm,30,mean_reachable_population_pt,10429.0000
10044120,wd_pm,45,mean_reachable_population_pt,23898.0000
10044120,wd_pm,60,mean_reachable_population_pt,49774.0000
10044120,wd_pm,gp,median_pt_car_ratio,3.6000
10044120,wd_pm,gp,median_pt_minutes,9.0000
10044120,wd_pm,gp,share_within_30,1.0000
10044120,wd_pm,gp,share_within_60,1.0000
10044120,wd_pm,gp_strict,median_pt_car_ratio,3.8330
10044120,wd_pm,gp_strict,median_pt_minutes,12.0000
10044120,wd_pm,gp_strict,share_within_30,1.0000
10044120,wd_pm,gp_strict,share_within_60,1.0000
10044120,wd_pm,hospital,median_pt_car_ratio,4.4000
10044120,wd_pm,hospital,median_pt_minutes,61.0000
10044120,wd_pm,hospital,share_within_30,0.0000
10044120,wd_pm,hospital,share_within_60,0.4988
10044120,wd_pm,pharmacy,median_pt_car_ratio,5.0000
10044120,wd_pm,pharmacy,median_pt_minutes,15.0000
10044120,wd_pm,pharmacy,share_within_30,1.0000
10044120,wd_pm,pharmacy,share_within_60,1.0000
10044120,wd_pm,primary_school,median_pt_car_ratio,3.6670
10044120,wd_pm,primary_school,median_pt_minutes,11.0000
10044120,wd_pm,primary_school,share_within_30,0.9696
10044120,wd_pm,primary_school,share_within_60,1.0000
10044120,wd_pm,rail_station,median_pt_car_ratio,4.6670
10044120,wd_pm,rail_station,median_pt_minutes,38.0000
10044120,wd_pm,rail_station,share_within_30,0.1674
10044120,wd_pm,rail_station,share_within_60,0.9601
10044120,wd_pm,secondary_school,median_pt_car_ratio,3.7500
10044120,wd_pm,secondary_school,median_pt_minutes,21.0000
10044120,wd_pm,secondary_school,share_within_30,0.6861
10044120,wd_pm,secondary_school,share_within_60,1.0000
10044120,wd_pm,supermarket,median_pt_car_ratio,3.6670
10044120,wd_pm,supermarket,median_pt_minutes,13.0000
10044120,wd_pm,supermarket,share_within_30,1.0000
10044120,wd_pm,supermarket,share_within_60,1.0000
10044121,car,30,mean_reachable_population_car,376773.0000
10044121,car,45,mean_reachable_population_car,838076.0000
10044121,car,60,mean_reachable_population_car,1175875.0000
10044121,car,gp,median_car_minutes,5.0000
10044121,car,gp_strict,median_car_minutes,5.0000
10044121,car,hospital,median_car_minutes,6.0000
10044121,car,pharmacy,median_car_minutes,5.0000
10044121,car,primary_school,median_car_minutes,6.0000
10044121,car,rail_station,median_car_minutes,12.0000
10044121,car,secondary_school,median_car_minutes,12.0000
10044121,car,supermarket,median_car_minutes,5.0000
10044121,su_am,30,mean_reachable_population_pt,4083.0000
10044121,su_am,45,mean_reachable_population_pt,4141.0000
10044121,su_am,60,mean_reachable_population_pt,4234.0000
10044121,su_am,gp,median_pt_car_ratio,5.7500
10044121,su_am,gp,median_pt_minutes,24.0000
10044121,su_am,gp,share_within_30,0.5100
10044121,su_am,gp,share_within_60,0.5100
10044121,su_am,gp_strict,median_pt_car_ratio,5.7500
10044121,su_am,gp_strict,median_pt_minutes,24.0000
10044121,su_am,gp_strict,share_within_30,0.5100
10044121,su_am,gp_strict,share_within_60,0.5100
10044121,su_am,hospital,median_pt_car_ratio,4.4000
10044121,su_am,hospital,median_pt_minutes,24.0000
10044121,su_am,hospital,share_within_30,0.5044
10044121,su_am,hospital,share_within_60,0.5115
10044121,su_am,pharmacy,median_pt_car_ratio,5.6670
10044121,su_am,pharmacy,median_pt_minutes,24.0000
10044121,su_am,pharmacy,share_within_30,0.5100
10044121,su_am,pharmacy,share_within_60,0.5100
10044121,su_am,primary_school,median_pt_car_ratio,4.8000
10044121,su_am,primary_school,median_pt_minutes,24.0000
10044121,su_am,primary_school,share_within_30,0.5100
10044121,su_am,primary_school,share_within_60,0.5100
10044121,su_am,rail_station,median_pt_car_ratio,8.5000
10044121,su_am,rail_station,median_pt_minutes,85.0000
10044121,su_am,rail_station,share_within_30,0.0000
10044121,su_am,rail_station,share_within_60,0.0095
10044121,su_am,secondary_school,median_pt_car_ratio,8.5000
10044121,su_am,secondary_school,median_pt_minutes,85.0000
10044121,su_am,secondary_school,share_within_30,0.0095
10044121,su_am,secondary_school,share_within_60,0.0200
10044121,su_am,supermarket,median_pt_car_ratio,5.1670
10044121,su_am,supermarket,median_pt_minutes,26.0000
10044121,su_am,supermarket,share_within_30,0.5026
10044121,su_am,supermarket,share_within_60,0.5029
10044121,wd_am,30,mean_reachable_population_pt,4954.0000
10044121,wd_am,45,mean_reachable_population_pt,17485.0000
10044121,wd_am,60,mean_reachable_population_pt,49514.0000
10044121,wd_am,gp,median_pt_car_ratio,4.0000
10044121,wd_am,gp,median_pt_minutes,24.0000
10044121,wd_am,gp,share_within_30,0.5100
10044121,wd_am,gp,share_within_60,1.0000
10044121,wd_am,gp_strict,median_pt_car_ratio,4.1540
10044121,wd_am,gp_strict,median_pt_minutes,24.0000
10044121,wd_am,gp_strict,share_within_30,0.5100
10044121,wd_am,gp_strict,share_within_60,0.9994
10044121,wd_am,hospital,median_pt_car_ratio,3.5710
10044121,wd_am,hospital,median_pt_minutes,24.0000
10044121,wd_am,hospital,share_within_30,0.5044
10044121,wd_am,hospital,share_within_60,0.9994
10044121,wd_am,pharmacy,median_pt_car_ratio,4.0000
10044121,wd_am,pharmacy,median_pt_minutes,24.0000
10044121,wd_am,pharmacy,share_within_30,0.5100
10044121,wd_am,pharmacy,share_within_60,0.9997
10044121,wd_am,primary_school,median_pt_car_ratio,3.8330
10044121,wd_am,primary_school,median_pt_minutes,24.0000
10044121,wd_am,primary_school,share_within_30,0.5100
10044121,wd_am,primary_school,share_within_60,0.9994
10044121,wd_am,rail_station,median_pt_car_ratio,3.7500
10044121,wd_am,rail_station,median_pt_minutes,50.0000
10044121,wd_am,rail_station,share_within_30,0.1847
10044121,wd_am,rail_station,share_within_60,0.8982
10044121,wd_am,secondary_school,median_pt_car_ratio,3.5710
10044121,wd_am,secondary_school,median_pt_minutes,44.0000
10044121,wd_am,secondary_school,share_within_30,0.1949
10044121,wd_am,secondary_school,share_within_60,0.9443
10044121,wd_am,supermarket,median_pt_car_ratio,3.7500
10044121,wd_am,supermarket,median_pt_minutes,26.0000
10044121,wd_am,supermarket,share_within_30,0.5026
10044121,wd_am,supermarket,share_within_60,1.0000
10044121,wd_pm,30,mean_reachable_population_pt,4117.0000
10044121,wd_pm,45,mean_reachable_population_pt,7263.0000
10044121,wd_pm,60,mean_reachable_population_pt,20943.0000
10044121,wd_pm,gp,median_pt_car_ratio,5.7500
10044121,wd_pm,gp,median_pt_minutes,24.0000
10044121,wd_pm,gp,share_within_30,0.5100
10044121,wd_pm,gp,share_within_60,0.6553
10044121,wd_pm,gp_strict,median_pt_car_ratio,5.7500
10044121,wd_pm,gp_strict,median_pt_minutes,24.0000
10044121,wd_pm,gp_strict,share_within_30,0.5100
10044121,wd_pm,gp_strict,share_within_60,0.6553
10044121,wd_pm,hospital,median_pt_car_ratio,4.4000
10044121,wd_pm,hospital,median_pt_minutes,24.0000
10044121,wd_pm,hospital,share_within_30,0.5044
10044121,wd_pm,hospital,share_within_60,0.6526
10044121,wd_pm,pharmacy,median_pt_car_ratio,5.6670
10044121,wd_pm,pharmacy,median_pt_minutes,24.0000
10044121,wd_pm,pharmacy,share_within_30,0.5100
10044121,wd_pm,pharmacy,share_within_60,0.6553
10044121,wd_pm,primary_school,median_pt_car_ratio,4.8000
10044121,wd_pm,primary_school,median_pt_minutes,24.0000
10044121,wd_pm,primary_school,share_within_30,0.5100
10044121,wd_pm,primary_school,share_within_60,0.6511
10044121,wd_pm,rail_station,median_pt_car_ratio,5.2500
10044121,wd_pm,rail_station,median_pt_minutes,63.0000
10044121,wd_pm,rail_station,share_within_30,0.0000
10044121,wd_pm,rail_station,share_within_60,0.4976
10044121,wd_pm,secondary_school,median_pt_car_ratio,5.2500
10044121,wd_pm,secondary_school,median_pt_minutes,58.0000
10044121,wd_pm,secondary_school,share_within_30,0.0095
10044121,wd_pm,secondary_school,share_within_60,0.5087
10044121,wd_pm,supermarket,median_pt_car_ratio,5.0770
10044121,wd_pm,supermarket,median_pt_minutes,26.0000
10044121,wd_pm,supermarket,share_within_30,0.5026
10044121,wd_pm,supermarket,share_within_60,0.6511
10044122,car,30,mean_reachable_population_car,507549.0000
10044122,car,45,mean_reachable_population_car,942663.0000
10044122,car,60,mean_reachable_population_car,1250105.0000
10044122,car,gp,median_car_minutes,2.0000
10044122,car,gp_strict,median_car_minutes,9.0000
10044122,car,hospital,median_car_minutes,12.0000
10044122,car,pharmacy,median_car_minutes,2.0000
10044122,car,primary_school,median_car_minutes,3.0000
10044122,car,rail_station,median_car_minutes,4.0000
10044122,car,secondary_school,median_car_minutes,3.0000
10044122,car,supermarket,median_car_minutes,5.0000
10044122,su_am,30,mean_reachable_population_pt,9883.0000
10044122,su_am,45,mean_reachable_population_pt,16186.0000
10044122,su_am,60,mean_reachable_population_pt,44740.0000
10044122,su_am,gp,median_pt_car_ratio,4.0000
10044122,su_am,gp,median_pt_minutes,10.0000
10044122,su_am,gp,share_within_30,0.9996
10044122,su_am,gp,share_within_60,0.9996
10044122,su_am,gp_strict,median_pt_car_ratio,5.0000
10044122,su_am,gp_strict,median_pt_minutes,45.0000
10044122,su_am,gp_strict,share_within_30,0.2556
10044122,su_am,gp_strict,share_within_60,0.9768
10044122,su_am,hospital,median_pt_car_ratio,5.6150
10044122,su_am,hospital,median_pt_minutes,68.0000
10044122,su_am,hospital,share_within_30,0.0000
10044122,su_am,hospital,share_within_60,0.1592
10044122,su_am,pharmacy,median_pt_car_ratio,3.0000
10044122,su_am,pharmacy,median_pt_minutes,11.0000
10044122,su_am,pharmacy,share_within_30,0.9996
10044122,su_am,pharmacy,share_within_60,0.9996
10044122,su_am,primary_school,median_pt_car_ratio,3.3330
10044122,su_am,primary_school,median_pt_minutes,8.0000
10044122,su_am,primary_school,share_within_30,1.0000
10044122,su_am,primary_school,share_within_60,1.0000
10044122,su_am,rail_station,median_pt_car_ratio,4.0000
10044122,su_am,rail_station,median_pt_minutes,16.0000
10044122,su_am,rail_station,share_within_30,0.9691
10044122,su_am,rail_station,share_within_60,0.9691
10044122,su_am,secondary_school,median_pt_car_ratio,3.4000
10044122,su_am,secondary_school,median_pt_minutes,8.0000
10044122,su_am,secondary_school,share_within_30,0.9996
10044122,su_am,secondary_school,share_within_60,0.9996
10044122,su_am,supermarket,median_pt_car_ratio,3.6000
10044122,su_am,supermarket,median_pt_minutes,18.0000
10044122,su_am,supermarket,share_within_30,0.8731
10044122,su_am,supermarket,share_within_60,0.8731
10044122,wd_am,30,mean_reachable_population_pt,12521.0000
10044122,wd_am,45,mean_reachable_population_pt,53189.0000
10044122,wd_am,60,mean_reachable_population_pt,165446.0000
10044122,wd_am,gp,median_pt_car_ratio,4.0000
10044122,wd_am,gp,median_pt_minutes,10.0000
10044122,wd_am,gp,share_within_30,0.9996
10044122,wd_am,gp,share_within_60,1.0000
10044122,wd_am,gp_strict,median_pt_car_ratio,3.7500
10044122,wd_am,gp_strict,median_pt_minutes,30.0000
10044122,wd_am,gp_strict,share_within_30,0.5866
10044122,wd_am,gp_strict,share_within_60,1.0000
10044122,wd_am,hospital,median_pt_car_ratio,3.6670
10044122,wd_am,hospital,median_pt_minutes,44.0000
10044122,wd_am,hospital,share_within_30,0.0000
10044122,wd_am,hospital,share_within_60,1.0000
10044122,wd_am,pharmacy,median_pt_car_ratio,3.0000
10044122,wd_am,pharmacy,median_pt_minutes,11.0000
10044122,wd_am,pharmacy,share_within_30,0.9996
10044122,wd_am,pharmacy,share_within_60,1.0000
10044122,wd_am,primary_school,median_pt_car_ratio,3.3330
10044122,wd_am,primary_school,median_pt_minutes,8.0000
10044122,wd_am,primary_school,share_within_30,1.0000
10044122,wd_am,primary_school,share_within_60,1.0000
10044122,wd_am,rail_station,median_pt_car_ratio,4.0000
10044122,wd_am,rail_station,median_pt_minutes,16.0000
10044122,wd_am,rail_station,share_within_30,0.9691
10044122,wd_am,rail_station,share_within_60,1.0000
10044122,wd_am,secondary_school,median_pt_car_ratio,3.4000
10044122,wd_am,secondary_school,median_pt_minutes,8.0000
10044122,wd_am,secondary_school,share_within_30,0.9996
10044122,wd_am,secondary_school,share_within_60,1.0000
10044122,wd_am,supermarket,median_pt_car_ratio,3.6000
10044122,wd_am,supermarket,median_pt_minutes,18.0000
10044122,wd_am,supermarket,share_within_30,0.8731
10044122,wd_am,supermarket,share_within_60,1.0000
10044122,wd_pm,30,mean_reachable_population_pt,10861.0000
10044122,wd_pm,45,mean_reachable_population_pt,35004.0000
10044122,wd_pm,60,mean_reachable_population_pt,120906.0000
10044122,wd_pm,gp,median_pt_car_ratio,4.0000
10044122,wd_pm,gp,median_pt_minutes,10.0000
10044122,wd_pm,gp,share_within_30,0.9996
10044122,wd_pm,gp,share_within_60,1.0000
10044122,wd_pm,gp_strict,median_pt_car_ratio,4.2860
10044122,wd_pm,gp_strict,median_pt_minutes,36.0000
10044122,wd_pm,gp_strict,share_within_30,0.2556
10044122,wd_pm,gp_strict,share_within_60,1.0000
10044122,wd_pm,hospital,median_pt_car_ratio,3.9170
10044122,wd_pm,hospital,median_pt_minutes,47.0000
10044122,wd_pm,hospital,share_within_30,0.0000
10044122,wd_pm,hospital,share_within_60,1.0000
10044122,wd_pm,pharmacy,median_pt_car_ratio,3.0000
10044122,wd_pm,pharmacy,median_pt_minutes,11.0000
10044122,wd_pm,pharmacy,share_within_30,0.9996
10044122,wd_pm,pharmacy,share_within_60,1.0000
10044122,wd_pm,primary_school,median_pt_car_ratio,3.3330
10044122,wd_pm,primary_school,median_pt_minutes,8.0000
10044122,wd_pm,primary_school,share_within_30,1.0000
10044122,wd_pm,primary_school,share_within_60,1.0000
10044122,wd_pm,rail_station,median_pt_car_ratio,4.0000
10044122,wd_pm,rail_station,median_pt_minutes,16.0000
10044122,wd_pm,rail_station,share_within_30,0.9691
10044122,wd_pm,rail_station,share_within_60,1.0000
10044122,wd_pm,secondary_school,median_pt_car_ratio,3.4000
10044122,wd_pm,secondary_school,median_pt_minutes,8.0000
10044122,wd_pm,secondary_school,share_within_30,0.9996
10044122,wd_pm,secondary_school,share_within_60,1.0000
10044122,wd_pm,supermarket,median_pt_car_ratio,3.6000
10044122,wd_pm,supermarket,median_pt_minutes,18.0000
10044122,wd_pm,supermarket,share_within_30,0.8731
10044122,wd_pm,supermarket,share_within_60,1.0000
10044123,car,30,mean_reachable_population_car,459217.0000
10044123,car,45,mean_reachable_population_car,925827.0000
10044123,car,60,mean_reachable_population_car,1243598.0000
10044123,car,gp,median_car_minutes,2.0000
10044123,car,gp_strict,median_car_minutes,11.0000
10044123,car,hospital,median_car_minutes,7.0000
10044123,car,pharmacy,median_car_minutes,2.0000
10044123,car,primary_school,median_car_minutes,4.0000
10044123,car,rail_station,median_car_minutes,6.0000
10044123,car,secondary_school,median_car_minutes,5.0000
10044123,car,supermarket,median_car_minutes,3.0000
10044123,su_am,30,mean_reachable_population_pt,9608.0000
10044123,su_am,45,mean_reachable_population_pt,10644.0000
10044123,su_am,60,mean_reachable_population_pt,33696.0000
10044123,su_am,gp,median_pt_car_ratio,3.2500
10044123,su_am,gp,median_pt_minutes,8.0000
10044123,su_am,gp,share_within_30,1.0000
10044123,su_am,gp,share_within_60,1.0000
10044123,su_am,gp_strict,median_pt_car_ratio,4.7000
10044123,su_am,gp_strict,median_pt_minutes,48.0000
10044123,su_am,gp_strict,share_within_30,0.0000
10044123,su_am,gp_strict,share_within_60,0.9939
10044123,su_am,hospital,median_pt_car_ratio,9.2500
10044123,su_am,hospital,median_pt_minutes,65.0000
10044123,su_am,hospital,share_within_30,0.0000
10044123,su_am,hospital,share_within_60,0.0602
10044123,su_am,pharmacy,median_pt_car_ratio,5.0000
10044123,su_am,pharmacy,median_pt_minutes,9.0000
10044123,su_am,pharmacy,share_within_30,1.0000
10044123,su_am,pharmacy,share_within_60,1.0000
10044123,su_am,primary_school,median_pt_car_ratio,2.3330
10044123,su_am,primary_school,median_pt_minutes,11.0000
10044123,su_am,primary_school,share_within_30,1.0000
10044123,su_am,primary_school,share_within_60,1.0000
10044123,su_am,rail_station,median_pt_car_ratio,1.6670
10044123,su_am,rail_station,median_pt_minutes,10.0000
10044123,su_am,rail_station,share_within_30,1.0000
10044123,su_am,rail_station,share_within_60,1.0000
10044123,su_am,secondary_school,median_pt_car_ratio,2.5000
10044123,su_am,secondary_school,median_pt_minutes,10.0000
10044123,su_am,secondary_school,share_within_30,0.9973
10044123,su_am,secondary_school,share_within_60,1.0000
10044123,su_am,supermarket,median_pt_car_ratio,3.4000
10044123,su_am,supermarket,median_pt_minutes,8.0000
10044123,su_am,supermarket,share_within_30,1.0000
10044123,su_am,supermarket,share_within_60,1.0000
10044123,wd_am,30,mean_reachable_population_pt,22040.0000
10044123,wd_am,45,mean_reachable_population_pt,80169.0000
10044123,wd_am,60,mean_reachable_population_pt,194984.0000
10044123,wd_am,gp,median_pt_car_ratio,3.2500
10044123,wd_am,gp,median_pt_minutes,8.0000
10044123,wd_am,gp,share_within_30,1.0000
10044123,wd_am,gp,share_within_60,1.0000
10044123,wd_am,gp_strict,median_pt_car_ratio,2.7000
10044123,wd_am,gp_strict,median_pt_minutes,29.0000
10044123,wd_am,gp_strict,share_within_30,0.6387
10044123,wd_am,gp_strict,share_within_60,1.0000
10044123,wd_am,hospital,median_pt_car_ratio,4.4290
10044123,wd_am,hospital,median_pt_minutes,35.0000
10044123,wd_am,hospital,share_within_30,0.1325
10044123,wd_am,hospital,share_within_60,1.0000
10044123,wd_am,pharmacy,median_pt_car_ratio,5.0000
10044123,wd_am,pharmacy,median_pt_minutes,9.0000
10044123,wd_am,pharmacy,share_within_30,1.0000
10044123,wd_am,pharmacy,share_within_60,1.0000
10044123,wd_am,primary_school,median_pt_car_ratio,2.3330
10044123,wd_am,primary_school,median_pt_minutes,11.0000
10044123,wd_am,primary_school,share_within_30,1.0000
10044123,wd_am,primary_school,share_within_60,1.0000
10044123,wd_am,rail_station,median_pt_car_ratio,1.6670
10044123,wd_am,rail_station,median_pt_minutes,10.0000
10044123,wd_am,rail_station,share_within_30,1.0000
10044123,wd_am,rail_station,share_within_60,1.0000
10044123,wd_am,secondary_school,median_pt_car_ratio,2.5000
10044123,wd_am,secondary_school,median_pt_minutes,10.0000
10044123,wd_am,secondary_school,share_within_30,0.9973
10044123,wd_am,secondary_school,share_within_60,1.0000
10044123,wd_am,supermarket,median_pt_car_ratio,3.4000
10044123,wd_am,supermarket,median_pt_minutes,8.0000
10044123,wd_am,supermarket,share_within_30,1.0000
10044123,wd_am,supermarket,share_within_60,1.0000
10044123,wd_pm,30,mean_reachable_population_pt,15965.0000
10044123,wd_pm,45,mean_reachable_population_pt,57115.0000
10044123,wd_pm,60,mean_reachable_population_pt,158038.0000
10044123,wd_pm,gp,median_pt_car_ratio,3.2500
10044123,wd_pm,gp,median_pt_minutes,8.0000
10044123,wd_pm,gp,share_within_30,1.0000
10044123,wd_pm,gp,share_within_60,1.0000
10044123,wd_pm,gp_strict,median_pt_car_ratio,2.8180
10044123,wd_pm,gp_strict,median_pt_minutes,31.0000
10044123,wd_pm,gp_strict,share_within_30,0.4944
10044123,wd_pm,gp_strict,share_within_60,1.0000
10044123,wd_pm,hospital,median_pt_car_ratio,4.7500
10044123,wd_pm,hospital,median_pt_minutes,38.0000
10044123,wd_pm,hospital,share_within_30,0.0000
10044123,wd_pm,hospital,share_within_60,1.0000
10044123,wd_pm,pharmacy,median_pt_car_ratio,5.0000
10044123,wd_pm,pharmacy,median_pt_minutes,9.0000
10044123,wd_pm,pharmacy,share_within_30,1.0000
10044123,wd_pm,pharmacy,share_within_60,1.0000
10044123,wd_pm,primary_school,median_pt_car_ratio,2.3330
10044123,wd_pm,primary_school,median_pt_minutes,11.0000
10044123,wd_pm,primary_school,share_within_30,1.0000
10044123,wd_pm,primary_school,share_within_60,1.0000
10044123,wd_pm,rail_station,median_pt_car_ratio,1.6670
10044123,wd_pm,rail_station,median_pt_minutes,10.0000
10044123,wd_pm,rail_station,share_within_30,1.0000
10044123,wd_pm,rail_station,share_within_60,1.0000
10044123,wd_pm,secondary_school,median_pt_car_ratio,2.5000
10044123,wd_pm,secondary_school,median_pt_minutes,10.0000
10044123,wd_pm,secondary_school,share_within_30,0.9973
10044123,wd_pm,secondary_school,share_within_60,1.0000
10044123,wd_pm,supermarket,median_pt_car_ratio,3.4000
10044123,wd_pm,supermarket,median_pt_minutes,8.0000
10044123,wd_pm,supermarket,share_within_30,1.0000
10044123,wd_pm,supermarket,share_within_60,1.0000
10045111,car,30,mean_reachable_population_car,500231.0000
10045111,car,45,mean_reachable_population_car,1045664.0000
10045111,car,60,mean_reachable_population_car,1263075.0000
10045111,car,gp,median_car_minutes,4.0000
10045111,car,gp_strict,median_car_minutes,8.0000
10045111,car,hospital,median_car_minutes,12.0000
10045111,car,pharmacy,median_car_minutes,3.0000
10045111,car,primary_school,median_car_minutes,4.0000
10045111,car,rail_station,median_car_minutes,5.0000
10045111,car,secondary_school,median_car_minutes,12.0000
10045111,car,supermarket,median_car_minutes,5.0000
10045111,su_am,30,mean_reachable_population_pt,8774.0000
10045111,su_am,45,mean_reachable_population_pt,20198.0000
10045111,su_am,60,mean_reachable_population_pt,51315.0000
10045111,su_am,gp,median_pt_car_ratio,5.0000
10045111,su_am,gp,median_pt_minutes,21.0000
10045111,su_am,gp,share_within_30,0.8558
10045111,su_am,gp,share_within_60,0.9966
10045111,su_am,gp_strict,median_pt_car_ratio,5.2500
10045111,su_am,gp_strict,median_pt_minutes,42.0000
10045111,su_am,gp_strict,share_within_30,0.2452
10045111,su_am,gp_strict,share_within_60,0.8942
10045111,su_am,hospital,median_pt_car_ratio,4.5000
10045111,su_am,hospital,median_pt_minutes,55.0000
10045111,su_am,hospital,share_within_30,0.0000
10045111,su_am,hospital,share_within_60,0.6585
10045111,su_am,pharmacy,median_pt_car_ratio,4.0000
10045111,su_am,pharmacy,median_pt_minutes,11.0000
10045111,su_am,pharmacy,share_within_30,0.8765
10045111,su_am,pharmacy,share_within_60,0.9966
10045111,su_am,primary_school,median_pt_car_ratio,3.2500
10045111,su_am,primary_school,median_pt_minutes,11.0000
10045111,su_am,primary_school,share_within_30,0.9172
10045111,su_am,primary_school,share_within_60,0.9966
10045111,su_am,rail_station,median_pt_car_ratio,4.7500
10045111,su_am,rail_station,median_pt_minutes,28.0000
10045111,su_am,rail_station,share_within_30,0.5230
10045111,su_am,rail_station,share_within_60,0.9036
10045111,su_am,secondary_school,median_pt_car_ratio,4.5830
10045111,su_am,secondary_school,median_pt_minutes,49.0000
10045111,su_am,secondary_school,share_within_30,0.0000
10045111,su_am,secondary_school,share_within_60,0.7430
10045111,su_am,supermarket,median_pt_car_ratio,3.3330
10045111,su_am,supermarket,median_pt_minutes,13.0000
10045111,su_am,supermarket,share_within_30,0.9142
10045111,su_am,supermarket,share_within_60,0.9966
10045111,wd_am,30,mean_reachable_population_pt,9193.0000
10045111,wd_am,45,mean_reachable_population_pt,26819.0000
10045111,wd_am,60,mean_reachable_population_pt,81046.0000
10045111,wd_am,gp,median_pt_car_ratio,5.0000
10045111,wd_am,gp,median_pt_minutes,22.0000
10045111,wd_am,gp,share_within_30,0.8668
10045111,wd_am,gp,share_within_60,1.0000
10045111,wd_am,gp_strict,median_pt_car_ratio,5.0000
10045111,wd_am,gp_strict,median_pt_minutes,40.0000
10045111,wd_am,gp_strict,share_within_30,0.2562
10045111,wd_am,gp_strict,share_within_60,0.9408
10045111,wd_am,hospital,median_pt_car_ratio,3.8820
10045111,wd_am,hospital,median_pt_minutes,49.0000
10045111,wd_am,hospital,share_within_30,0.0000
10045111,wd_am,hospital,share_within_60,0.7920
10045111,wd_am,pharmacy,median_pt_car_ratio,4.0000
10045111,wd_am,pharmacy,median_pt_minutes,11.0000
10045111,wd_am,pharmacy,share_within_30,0.9453
10045111,wd_am,pharmacy,share_within_60,1.0000
10045111,wd_am,primary_school,median_pt_car_ratio,3.2500
10045111,wd_am,primary_school,median_pt_minutes,11.0000
10045111,wd_am,primary_school,share_within_30,0.9282
10045111,wd_am,primary_school,share_within_60,1.0000
10045111,wd_am,rail_station,median_pt_car_ratio,4.2000
10045111,wd_am,rail_station,median_pt_minutes,25.0000
10045111,wd_am,rail_station,share_within_30,0.6524
10045111,wd_am,rail_station,share_within_60,1.0000
10045111,wd_am,secondary_school,median_pt_car_ratio,4.0000
10045111,wd_am,secondary_school,median_pt_minutes,46.0000
10045111,wd_am,secondary_school,share_within_30,0.0000
10045111,wd_am,secondary_school,share_within_60,0.9518
10045111,wd_am,supermarket,median_pt_car_ratio,3.3330
10045111,wd_am,supermarket,median_pt_minutes,13.0000
10045111,wd_am,supermarket,share_within_30,0.9620
10045111,wd_am,supermarket,share_within_60,1.0000
10045111,wd_pm,30,mean_reachable_population_pt,8855.0000
10045111,wd_pm,45,mean_reachable_population_pt,20370.0000
10045111,wd_pm,60,mean_reachable_population_pt,61092.0000
10045111,wd_pm,gp,median_pt_car_ratio,5.0000
10045111,wd_pm,gp,median_pt_minutes,21.0000
10045111,wd_pm,gp,share_within_30,0.8558
10045111,wd_pm,gp,share_within_60,0.9408
10045111,wd_pm,gp_strict,median_pt_car_ratio,5.3330
10045111,wd_pm,gp_strict,median_pt_minutes,42.0000
10045111,wd_pm,gp_strict,share_within_30,0.2452
10045111,wd_pm,gp_strict,share_within_60,0.8976
10045111,wd_pm,hospital,median_pt_car_ratio,4.0000
10045111,wd_pm,hospital,median_pt_minutes,57.0000
10045111,wd_pm,hospital,share_within_30,0.0000
10045111,wd_pm,hospital,share_within_60,0.6953
10045111,wd_pm,pharmacy,median_pt_car_ratio,4.0000
10045111,wd_pm,pharmacy,median_pt_minutes,11.0000
10045111,wd_pm,pharmacy,share_within_30,0.8765
10045111,wd_pm,pharmacy,share_within_60,0.9527
10045111,wd_pm,primary_school,median_pt_car_ratio,3.2500
10045111,wd_pm,primary_school,median_pt_minutes,11.0000
10045111,wd_pm,primary_school,share_within_30,0.9172
10045111,wd_pm,primary_school,share_within_60,0.9523
10045111,wd_pm,rail_station,median_pt_car_ratio,4.5000
10045111,wd_pm,rail_station,median_pt_minutes,28.0000
10045111,wd_pm,rail_station,share_within_30,0.5813
10045111,wd_pm,rail_station,share_within_60,0.9442
10045111,wd_pm,secondary_school,median_pt_car_ratio,4.1670
10045111,wd_pm,secondary_school,median_pt_minutes,51.0000
10045111,wd_pm,secondary_school,share_within_30,0.0000
10045111,wd_pm,secondary_school,share_within_60,0.8329
10045111,wd_pm,supermarket,median_pt_car_ratio,3.3330
10045111,wd_pm,supermarket,median_pt_minutes,13.0000
10045111,wd_pm,supermarket,share_within_30,0.9414
10045111,wd_pm,supermarket,share_within_60,1.0000
10045112,car,30,mean_reachable_population_car,399448.0000
10045112,car,45,mean_reachable_population_car,896000.0000
10045112,car,60,mean_reachable_population_car,1182479.0000
10045112,car,gp,median_car_minutes,5.0000
10045112,car,gp_strict,median_car_minutes,6.0000
10045112,car,hospital,median_car_minutes,18.0000
10045112,car,pharmacy,median_car_minutes,5.0000
10045112,car,primary_school,median_car_minutes,5.0000
10045112,car,rail_station,median_car_minutes,7.0000
10045112,car,secondary_school,median_car_minutes,9.0000
10045112,car,supermarket,median_car_minutes,4.0000
10045112,su_am,30,mean_reachable_population_pt,2821.0000
10045112,su_am,45,mean_reachable_population_pt,5909.0000
10045112,su_am,60,mean_reachable_population_pt,20949.0000
10045112,su_am,gp,median_pt_car_ratio,5.2000
10045112,su_am,gp,median_pt_minutes,24.0000
10045112,su_am,gp,share_within_30,0.6140
10045112,su_am,gp,share_within_60,0.9559
10045112,su_am,gp_strict,median_pt_car_ratio,5.3330
10045112,su_am,gp_strict,median_pt_minutes,29.0000
10045112,su_am,gp_strict,share_within_30,0.5634
10045112,su_am,gp_strict,share_within_60,0.9187
10045112,su_am,hospital,median_pt_car_ratio,4.2000
10045112,su_am,hospital,median_pt_minutes,77.0000
10045112,su_am,hospital,share_within_30,0.0000
10045112,su_am,hospital,share_within_60,0.1337
10045112,su_am,pharmacy,median_pt_car_ratio,5.2500
10045112,su_am,pharmacy,median_pt_minutes,27.0000
10045112,su_am,pharmacy,share_within_30,0.6120
10045112,su_am,pharmacy,share_within_60,0.9187
10045112,su_am,primary_school,median_pt_car_ratio,3.6670
10045112,su_am,primary_school,median_pt_minutes,20.0000
10045112,su_am,primary_school,share_within_30,0.6693
10045112,su_am,primary_school,share_within_60,0.9643
10045112,su_am,rail_station,median_pt_car_ratio,4.9090
10045112,su_am,rail_station,median_pt_minutes,29.0000
10045112,su_am,rail_station,share_within_30,0.5029
10045112,su_am,rail_station,share_within_60,0.8310
10045112,su_am,secondary_school,median_pt_car_ratio,4.0000
10045112,su_am,secondary_school,median_pt_minutes,44.0000
10045112,su_am,secondary_school,share_within_30,0.3372
10045112,su_am,secondary_school,share_within_60,0.8872
10045112,su_am,supermarket,median_pt_car_ratio,5.0000
10045112,su_am,supermarket,median_pt_minutes,18.0000
10045112,su_am,supermarket,share_within_30,0.7183
10045112,su_am,supermarket,share_within_60,0.9184
10045112,wd_am,30,mean_reachable_population_pt,3691.0000
10045112,wd_am,45,mean_reachable_population_pt,12839.0000
10045112,wd_am,60,mean_reachable_population_pt,42074.0000
10045112,wd_am,gp,median_pt_car_ratio,4.4000
10045112,wd_am,gp,median_pt_minutes,22.0000
10045112,wd_am,gp,share_within_30,0.7727
10045112,wd_am,gp,share_within_60,0.9724
10045112,wd_am,gp_strict,median_pt_car_ratio,4.5000
10045112,wd_am,gp_strict,median_pt_minutes,25.0000
10045112,wd_am,gp_strict,share_within_30,0.6852
10045112,wd_am,gp_strict,share_within_60,0.9197
10045112,wd_am,hospital,median_pt_car_ratio,3.6000
10045112,wd_am,hospital,median_pt_minutes,64.0000
10045112,wd_am,hospital,share_within_30,0.0000
10045112,wd_am,hospital,share_within_60,0.3646
10045112,wd_am,pharmacy,median_pt_car_ratio,4.1430
10045112,wd_am,pharmacy,median_pt_minutes,24.0000
10045112,wd_am,pharmacy,share_within_30,0.7450
10045112,wd_am,pharmacy,share_within_60,0.9197
10045112,wd_am,primary_school,median_pt_car_ratio,3.3750
10045112,wd_am,primary_school,median_pt_minutes,20.0000
10045112,wd_am,primary_school,share_within_30,0.8537
10045112,wd_am,primary_school,share_within_60,0.9726
10045112,wd_am,rail_station,median_pt_car_ratio,4.2220
10045112,wd_am,rail_station,median_pt_minutes,29.0000
10045112,wd_am,rail_station,share_within_30,0.5667
10045112,wd_am,rail_station,share_within_60,0.9197
10045112,wd_am,secondary_school,median_pt_car_ratio,3.4290
10045112,wd_am,secondary_school,median_pt_minutes,32.0000
10045112,wd_am,secondary_school,share_within_30,0.3948
10045112,wd_am,secondary_school,share_within_60,0.9192
10045112,wd_am,supermarket,median_pt_car_ratio,4.5000
10045112,wd_am,supermarket,median_pt_minutes,18.0000
10045112,wd_am,supermarket,share_within_30,0.8586
10045112,wd_am,supermarket,share_within_60,0.9200
10045112,wd_pm,30,mean_reachable_population_pt,2876.0000
10045112,wd_pm,45,mean_reachable_population_pt,7198.0000
10045112,wd_pm,60,mean_reachable_population_pt,23672.0000
10045112,wd_pm,gp,median_pt_car_ratio,5.0000
10045112,wd_pm,gp,median_pt_minutes,23.0000
10045112,wd_pm,gp,share_within_30,0.6140
10045112,wd_pm,gp,share_within_60,0.9559
10045112,wd_pm,gp_strict,median_pt_car_ratio,5.0000
10045112,wd_pm,gp_strict,median_pt_minutes,29.0000
10045112,wd_pm,gp_strict,share_within_30,0.5634
10045112,wd_pm,gp_strict,share_within_60,0.9187
10045112,wd_pm,hospital,median_pt_car_ratio,4.1250
10045112,wd_pm,hospital,median_pt_minutes,79.0000
10045112,wd_pm,hospital,share_within_30,0.0000
10045112,wd_pm,hospital,share_within_60,0.1241
10045112,wd_pm,pharmacy,median_pt_car_ratio,4.8330
10045112,wd_pm,pharmacy,median_pt_minutes,27.0000
10045112,wd_pm,pharmacy,share_within_30,0.6568
10045112,wd_pm,pharmacy,share_within_60,0.9187
10045112,wd_pm,primary_school,median_pt_car_ratio,3.6670
10045112,wd_pm,primary_school,median_pt_minutes,20.0000
10045112,wd_pm,primary_school,share_within_30,0.6693
10045112,wd_pm,primary_school,share_within_60,0.9643
10045112,wd_pm,rail_station,median_pt_car_ratio,4.6000
10045112,wd_pm,rail_station,median_pt_minutes,29.0000
10045112,wd_pm,rail_station,share_within_30,0.5029
10045112,wd_pm,rail_station,share_within_60,0.9086
10045112,wd_pm,secondary_school,median_pt_car_ratio,4.2000
10045112,wd_pm,secondary_school,median_pt_minutes,44.0000
10045112,wd_pm,secondary_school,share_within_30,0.3296
10045112,wd_pm,secondary_school,share_within_60,0.8760
10045112,wd_pm,supermarket,median_pt_car_ratio,5.0000
10045112,wd_pm,supermarket,median_pt_minutes,18.0000
10045112,wd_pm,supermarket,share_within_30,0.7462
10045112,wd_pm,supermarket,share_within_60,0.9184
10045113,car,30,mean_reachable_population_car,153119.0000
10045113,car,45,mean_reachable_population_car,657139.0000
10045113,car,60,mean_reachable_population_car,1068669.0000
10045113,car,gp,median_car_minutes,5.0000
10045113,car,gp_strict,median_car_minutes,5.0000
10045113,car,hospital,median_car_minutes,25.0000
10045113,car,pharmacy,median_car_minutes,5.0000
10045113,car,primary_school,median_car_minutes,6.0000
10045113,car,rail_station,median_car_minutes,19.0000
10045113,car,secondary_school,median_car_minutes,8.0000
10045113,car,supermarket,median_car_minutes,5.0000
10045113,su_am,30,mean_reachable_population_pt,1427.0000
10045113,su_am,45,mean_reachable_population_pt,3109.0000
10045113,su_am,60,mean_reachable_population_pt,10100.0000
10045113,su_am,gp,median_pt_car_ratio,5.5000
10045113,su_am,gp,median_pt_minutes,32.0000
10045113,su_am,gp,share_within_30,0.4865
10045113,su_am,gp,share_within_60,0.8625
10045113,su_am,gp_strict,median_pt_car_ratio,5.5000
10045113,su_am,gp_strict,median_pt_minutes,32.0000
10045113,su_am,gp_strict,share_within_30,0.4865
10045113,su_am,gp_strict,share_within_60,0.8625
10045113,su_am,hospital,median_pt_car_ratio,3.6070
10045113,su_am,hospital,median_pt_minutes,94.0000
10045113,su_am,hospital,share_within_30,0.0000
10045113,su_am,hospital,share_within_60,0.0000
10045113,su_am,pharmacy,median_pt_car_ratio,5.6000
10045113,su_am,pharmacy,median_pt_minutes,32.0000
10045113,su_am,pharmacy,share_within_30,0.4865
10045113,su_am,pharmacy,share_within_60,0.8625
10045113,su_am,primary_school,median_pt_car_ratio,6.8890
10045113,su_am,primary_school,median_pt_minutes,48.0000
10045113,su_am,primary_school,share_within_30,0.1790
10045113,su_am,primary_school,share_within_60,0.8417
10045113,su_am,rail_station,median_pt_car_ratio,3.1580
10045113,su_am,rail_station,median_pt_minutes,64.0000
10045113,su_am,rail_station,share_within_30,0.0000
10045113,su_am,rail_station,share_within_60,0.4506
10045113,su_am,secondary_school,median_pt_car_ratio,5.0000
10045113,su_am,secondary_school,median_pt_minutes,39.0000
10045113,su_am,secondary_school,share_within_30,0.2624
10045113,su_am,secondary_school,share_within_60,0.8625
10045113,su_am,supermarket,median_pt_car_ratio,5.6000
10045113,su_am,supermarket,median_pt_minutes,29.0000
10045113,su_am,supermarket,share_within_30,0.5904
10045113,su_am,supermarket,share_within_60,0.8635
10045113,wd_am,30,mean_reachable_population_pt,1743.0000
10045113,wd_am,45,mean_reachable_population_pt,6399.0000
10045113,wd_am,60,mean_reachable_population_pt,16777.0000
10045113,wd_am,gp,median_pt_car_ratio,5.2000
10045113,wd_am,gp,median_pt_minutes,27.0000
10045113,wd_am,gp,share_within_30,0.6014
10045113,wd_am,gp,share_within_60,0.8625
10045113,wd_am,gp_strict,median_pt_car_ratio,5.2000
10045113,wd_am,gp_strict,median_pt_minutes,27.0000
10045113,wd_am,gp_strict,share_within_30,0.6014
10045113,wd_am,gp_strict,share_within_60,0.8625
10045113,wd_am,hospital,median_pt_car_ratio,3.3200
10045113,wd_am,hospital,median_pt_minutes,87.0000
10045113,wd_am,hospital,share_within_30,0.0000
10045113,wd_am,hospital,share_within_60,0.0000
10045113,wd_am,pharmacy,median_pt_car_ratio,5.2000
10045113,wd_am,pharmacy,median_pt_minutes,26.0000
10045113,wd_am,pharmacy,share_within_30,0.6014
10045113,wd_am,pharmacy,share_within_60,0.8625
10045113,wd_am,primary_school,median_pt_car_ratio,5.0000
10045113,wd_am,primary_school,median_pt_minutes,36.0000
10045113,wd_am,primary_school,share_within_30,0.2283
10045113,wd_am,primary_school,share_within_60,0.8630
10045113,wd_am,rail_station,median_pt_car_ratio,2.8640
10045113,wd_am,rail_station,median_pt_minutes,57.0000
10045113,wd_am,rail_station,share_within_30,0.0000
10045113,wd_am,rail_station,share_within_60,0.5956
10045113,wd_am,secondary_school,median_pt_car_ratio,4.3750
10045113,wd_am,secondary_school,median_pt_minutes,32.0000
10045113,wd_am,secondary_school,share_within_30,0.3215
10045113,wd_am,secondary_school,share_within_60,0.8625
10045113,wd_am,supermarket,median_pt_car_ratio,5.0000
10045113,wd_am,supermarket,median_pt_minutes,26.0000
10045113,wd_am,supermarket,share_within_30,0.7077
10045113,wd_am,supermarket,share_within_60,0.8635
10045113,wd_pm,30,mean_reachable_population_pt,1427.0000
10045113,wd_pm,45,mean_reachable_population_pt,3368.0000
10045113,wd_pm,60,mean_reachable_population_pt,11167.0000
10045113,wd_pm,gp,median_pt_car_ratio,5.5000
10045113,wd_pm,gp,median_pt_minutes,32.0000
10045113,wd_pm,gp,share_within_30,0.4865
10045113,wd_pm,gp,share_within_60,0.8625
10045113,wd_pm,gp_strict,median_pt_car_ratio,5.5000
10045113,wd_pm,gp_strict,median_pt_minutes,32.0000
10045113,wd_pm,gp_strict,share_within_30,0.4865
10045113,wd_pm,gp_strict,share_within_60,0.8625
10045113,wd_pm,hospital,median_pt_car_ratio,3.6400
10045113,wd_pm,hospital,median_pt_minutes,96.0000
10045113,wd_pm,hospital,share_within_30,0.0000
10045113,wd_pm,hospital,share_within_60,0.0000
10045113,wd_pm,pharmacy,median_pt_car_ratio,5.6000
10045113,wd_pm,pharmacy,median_pt_minutes,32.0000
10045113,wd_pm,pharmacy,share_within_30,0.4865
10045113,wd_pm,pharmacy,share_within_60,0.8625
10045113,wd_pm,primary_school,median_pt_car_ratio,6.4290
10045113,wd_pm,primary_school,median_pt_minutes,44.0000
10045113,wd_pm,primary_school,share_within_30,0.1790
10045113,wd_pm,primary_school,share_within_60,0.8619
10045113,wd_pm,rail_station,median_pt_car_ratio,3.1050
10045113,wd_pm,rail_station,median_pt_minutes,63.0000
10045113,wd_pm,rail_station,share_within_30,0.0000
10045113,wd_pm,rail_station,share_within_60,0.4506
10045113,wd_pm,secondary_school,median_pt_car_ratio,5.0000
10045113,wd_pm,secondary_school,median_pt_minutes,39.0000
10045113,wd_pm,secondary_school,share_within_30,0.2624
10045113,wd_pm,secondary_school,share_within_60,0.8625
10045113,wd_pm,supermarket,median_pt_car_ratio,5.6000
10045113,wd_pm,supermarket,median_pt_minutes,29.0000
10045113,wd_pm,supermarket,share_within_30,0.5904
10045113,wd_pm,supermarket,share_within_60,0.8635
10045114,car,30,mean_reachable_population_car,508453.0000
10045114,car,45,mean_reachable_population_car,1033307.0000
10045114,car,60,mean_reachable_population_car,1255010.0000
10045114,car,gp,median_car_minutes,5.0000
10045114,car,gp_strict,median_car_minutes,12.0000
10045114,car,hospital,median_car_minutes,7.0000
10045114,car,pharmacy,median_car_minutes,2.0000
10045114,car,primary_school,median_car_minutes,3.0000
10045114,car,rail_station,median_car_minutes,6.0000
10045114,car,secondary_school,median_car_minutes,5.0000
10045114,car,supermarket,median_car_minutes,3.0000
10045114,su_am,30,mean_reachable_population_pt,10617.0000
10045114,su_am,45,mean_reachable_population_pt,21563.0000
10045114,su_am,60,mean_reachable_population_pt,55239.0000
10045114,su_am,gp,median_pt_car_ratio,4.3330
10045114,su_am,gp,median_pt_minutes,21.0000
10045114,su_am,gp,share_within_30,0.6378
10045114,su_am,gp,share_within_60,0.9279
10045114,su_am,gp_strict,median_pt_car_ratio,5.1430
10045114,su_am,gp_strict,median_pt_minutes,57.0000
10045114,su_am,gp_strict,share_within_30,0.0801
10045114,su_am,gp_strict,share_within_60,0.6154
10045114,su_am,hospital,median_pt_car_ratio,6.0000
10045114,su_am,hospital,median_pt_minutes,47.0000
10045114,su_am,hospital,share_within_30,0.2891
10045114,su_am,hospital,share_within_60,0.7193
10045114,su_am,pharmacy,median_pt_car_ratio,4.5000
10045114,su_am,pharmacy,median_pt_minutes,11.0000
10045114,su_am,pharmacy,share_within_30,0.9002
10045114,su_am,pharmacy,share_within_60,0.9301
10045114,su_am,primary_school,median_pt_car_ratio,3.6000
10045114,su_am,primary_school,median_pt_minutes,11.0000
10045114,su_am,primary_school,share_within_30,0.9305
10045114,su_am,primary_school,share_within_60,0.9962
10045114,su_am,rail_station,median_pt_car_ratio,5.0000
10045114,su_am,rail_station,median_pt_minutes,30.0000
10045114,su_am,rail_station,share_within_30,0.5092
10045114,su_am,rail_station,share_within_60,0.8697
10045114,su_am,secondary_school,median_pt_car_ratio,4.1670
10045114,su_am,secondary_school,median_pt_minutes,19.0000
10045114,su_am,secondary_school,share_within_30,0.6639
10045114,su_am,secondary_school,share_within_60,0.8664
10045114,su_am,supermarket,median_pt_car_ratio,4.5000
10045114,su_am,supermarket,median_pt_minutes,12.0000
10045114,su_am,supermarket,share_within_30,0.8815
10045114,su_am,supermarket,share_within_60,0.9402
10045114,wd_am,30,mean_reachable_population_pt,14671.0000
10045114,wd_am,45,mean_reachable_population_pt,39061.0000
10045114,wd_am,60,mean_reachable_population_pt,96435.0000
10045114,wd_am,gp,median_pt_car_ratio,3.8330
10045114,wd_am,gp,median_pt_minutes,20.0000
10045114,wd_am,gp,share_within_30,0.7720
10045114,wd_am,gp,share_within_60,0.9997
10045114,wd_am,gp_strict,median_pt_car_ratio,3.8890
10045114,wd_am,gp_strict,median_pt_minutes,46.0000
10045114,wd_am,gp_strict,share_within_30,0.1667
10045114,wd_am,gp_strict,share_within_60,0.9546
10045114,wd_am,hospital,median_pt_car_ratio,4.5450
10045114,wd_am,hospital,median_pt_minutes,32.0000
10045114,wd_am,hospital,share_within_30,0.4352
10045114,wd_am,hospital,share_within_60,0.9874
10045114,wd_am,pharmacy,median_pt_car_ratio,4.3330
10045114,wd_am,pharmacy,median_pt_minutes,11.0000
10045114,wd_am,pharmacy,share_within_30,0.9747
10045114,wd_am,pharmacy,share_within_60,0.9996
10045114,wd_am,primary_school,median_pt_car_ratio,3.5000
10045114,wd_am,primary_school,median_pt_minutes,11.0000
10045114,wd_am,primary_school,share_within_30,0.9844
10045114,wd_am,primary_school,share_within_60,0.9997
10045114,wd_am,rail_station,median_pt_car_ratio,4.0000
10045114,wd_am,rail_station,median_pt_minutes,24.0000
10045114,wd_am,rail_station,share_within_30,0.7505
10045114,wd_am,rail_station,share_within_60,0.9996
10045114,wd_am,secondary_school,median_pt_car_ratio,4.0000
10045114,wd_am,secondary_school,median_pt_minutes,19.0000
10045114,wd_am,secondary_school,share_within_30,0.6916
10045114,wd_am,secondary_school,share_within_60,0.9950
10045114,wd_am,supermarket,median_pt_car_ratio,4.3330
10045114,wd_am,supermarket,median_pt_minutes,12.0000
10045114,wd_am,supermarket,share_within_30,0.9336
10045114,wd_am,supermarket,share_within_60,0.9997
10045114,wd_pm,30,mean_reachable_population_pt,11722.0000
10045114,wd_pm,45,mean_reachable_population_pt,26867.0000
10045114,wd_pm,60,mean_reachable_population_pt,64774.0000
10045114,wd_pm,gp,median_pt_car_ratio,3.8180
10045114,wd_pm,gp,median_pt_minutes,21.0000
10045114,wd_pm,gp,share_within_30,0.6603
10045114,wd_pm,gp,share_within_60,0.9975
10045114,wd_pm,gp_strict,median_pt_car_ratio,4.5450
10045114,wd_pm,gp_strict,median_pt_minutes,50.0000
10045114,wd_pm,gp_strict,share_within_30,0.0801
10045114,wd_pm,gp_strict,share_within_60,0.6781
10045114,wd_pm,hospital,median_pt_car_ratio,5.0000
10045114,wd_pm,hospital,median_pt_minutes,38.0000
10045114,wd_pm,hospital,share_within_30,0.2891
10045114,wd_pm,hospital,share_within_60,0.9286
10045114,wd_pm,pharmacy,median_pt_car_ratio,4.5000
10045114,wd_pm,pharmacy,median_pt_minutes,11.0000
10045114,wd_pm,pharmacy,share_within_30,0.9002
10045114,wd_pm,pharmacy,share_within_60,0.9993
10045114,wd_pm,primary_school,median_pt_car_ratio,3.5000
10045114,wd_pm,primary_school,median_pt_minutes,11.0000
10045114,wd_pm,primary_school,share_within_30,0.9732
10045114,wd_pm,primary_school,share_within_60,0.9996
10045114,wd_pm,rail_station,median_pt_car_ratio,4.2860
10045114,wd_pm,rail_station,median_pt_minutes,26.0000
10045114,wd_pm,rail_station,share_within_30,0.6353
10045114,wd_pm,rail_station,share_within_60,0.9570
10045114,wd_pm,secondary_school,median_pt_car_ratio,4.0000
10045114,wd_pm,secondary_school,median_pt_minutes,19.0000
10045114,wd_pm,secondary_school,share_within_30,0.6699
10045114,wd_pm,secondary_school,share_within_60,0.9647
10045114,wd_pm,supermarket,median_pt_car_ratio,4.5000
10045114,wd_pm,supermarket,median_pt_minutes,12.0000
10045114,wd_pm,supermarket,share_within_30,0.9092
10045114,wd_pm,supermarket,share_within_60,0.9995
10045115,car,30,mean_reachable_population_car,663134.0000
10045115,car,45,mean_reachable_population_car,1114643.0000
10045115,car,60,mean_reachable_population_car,1292845.0000
10045115,car,gp,median_car_minutes,3.0000
10045115,car,gp_strict,median_car_minutes,8.0000
10045115,car,hospital,median_car_minutes,8.0000
10045115,car,pharmacy,median_car_minutes,3.0000
10045115,car,primary_school,median_car_minutes,4.0000
10045115,car,rail_station,median_car_minutes,5.0000
10045115,car,secondary_school,median_car_minutes,6.0000
10045115,car,supermarket,median_car_minutes,3.0000
10045115,su_am,30,mean_reachable_population_pt,4696.0000
10045115,su_am,45,mean_reachable_population_pt,15872.0000
10045115,su_am,60,mean_reachable_population_pt,63701.0000
10045115,su_am,gp,median_pt_car_ratio,4.0000
10045115,su_am,gp,median_pt_minutes,14.0000
10045115,su_am,gp,share_within_30,0.9668
10045115,su_am,gp,share_within_60,1.0000
10045115,su_am,gp_strict,median_pt_car_ratio,5.1250
10045115,su_am,gp_strict,median_pt_minutes,41.0000
10045115,su_am,gp_strict,share_within_30,0.4333
10045115,su_am,gp_strict,share_within_60,0.9402
10045115,su_am,hospital,median_pt_car_ratio,7.6250
10045115,su_am,hospital,median_pt_minutes,64.0000
10045115,su_am,hospital,share_within_30,0.0285
10045115,su_am,hospital,share_within_60,0.2839
10045115,su_am,pharmacy,median_pt_car_ratio,4.5000
10045115,su_am,pharmacy,median_pt_minutes,14.0000
10045115,su_am,pharmacy,share_within_30,0.9676
10045115,su_am,pharmacy,share_within_60,1.0000
10045115,su_am,primary_school,median_pt_car_ratio,3.0000
10045115,su_am,primary_school,median_pt_minutes,16.0000
10045115,su_am,primary_school,share_within_30,0.9470
10045115,su_am,primary_school,share_within_60,1.0000
10045115,su_am,rail_station,median_pt_car_ratio,2.8330
10045115,su_am,rail_station,median_pt_minutes,17.0000
10045115,su_am,rail_station,share_within_30,0.9696
10045115,su_am,rail_station,share_within_60,1.0000
10045115,su_am,secondary_school,median_pt_car_ratio,4.3330
10045115,su_am,secondary_school,median_pt_minutes,27.0000
10045115,su_am,secondary_school,share_within_30,0.5287
10045115,su_am,secondary_school,share_within_60,1.0000
10045115,su_am,supermarket,median_pt_car_ratio,3.0000
10045115,su_am,supermarket,median_pt_minutes,10.0000
10045115,su_am,supermarket,share_within_30,0.9991
10045115,su_am,supermarket,share_within_60,1.0000
10045115,wd_am,30,mean_reachable_population_pt,5309.0000
10045115,wd_am,45,mean_reachable_population_pt,23337.0000
10045115,wd_am,60,mean_reachable_population_pt,96569.0000
10045115,wd_am,gp,median_pt_car_ratio,4.0000
10045115,wd_am,gp,median_pt_minutes,14.0000
10045115,wd_am,gp,share_within_30,0.9668
10045115,wd_am,gp,share_within_60,1.0000
10045115,wd_am,gp_strict,median_pt_car_ratio,5.1110
10045115,wd_am,gp_strict,median_pt_minutes,41.0000
10045115,wd_am,gp_strict,share_within_30,0.4333
10045115,wd_am,gp_strict,share_within_60,0.9991
10045115,wd_am,hospital,median_pt_car_ratio,6.1000
10045115,wd_am,hospital,median_pt_minutes,49.0000
10045115,wd_am,hospital,share_within_30,0.0285
10045115,wd_am,hospital,share_within_60,0.7746
10045115,wd_am,pharmacy,median_pt_car_ratio,4.5000
10045115,wd_am,pharmacy,median_pt_minutes,14.0000
10045115,wd_am,pharmacy,share_within_30,0.9991
10045115,wd_am,pharmacy,share_within_60,1.0000
10045115,wd_am,primary_school,median_pt_car_ratio,3.0000
10045115,wd_am,primary_school,median_pt_minutes,16.0000
10045115,wd_am,primary_school,share_within_30,0.9663
10045115,wd_am,primary_school,share_within_60,1.0000
10045115,wd_am,rail_station,median_pt_car_ratio,2.8330
10045115,wd_am,rail_station,median_pt_minutes,17.0000
10045115,wd_am,rail_station,share_within_30,0.9789
10045115,wd_am,rail_station,share_within_60,1.0000
10045115,wd_am,secondary_school,median_pt_car_ratio,3.8570
10045115,wd_am,secondary_school,median_pt_minutes,27.0000
10045115,wd_am,secondary_school,share_within_30,0.6009
10045115,wd_am,secondary_school,share_within_60,1.0000
10045115,wd_am,supermarket,median_pt_car_ratio,3.0000
10045115,wd_am,supermarket,median_pt_minutes,10.0000
10045115,wd_am,supermarket,share_within_30,0.9991
10045115,wd_am,supermarket,share_within_60,1.0000
10045115,wd_pm,30,mean_reachable_population_pt,4655.0000
10045115,wd_pm,45,mean_reachable_population_pt,15341.0000
10045115,wd_pm,60,mean_reachable_population_pt,65960.0000
10045115,wd_pm,gp,median_pt_car_ratio,4.0000
10045115,wd_pm,gp,median_pt_minutes,14.0000
10045115,wd_pm,gp,share_within_30,0.9668
10045115,wd_pm,gp,share_within_60,1.0000
10045115,wd_pm,gp_strict,median_pt_car_ratio,5.1250
10045115,wd_pm,gp_strict,median_pt_minutes,41.0000
10045115,wd_pm,gp_strict,share_within_30,0.4333
10045115,wd_pm,gp_strict,share_within_60,0.9402
10045115,wd_pm,hospital,median_pt_car_ratio,6.8000
10045115,wd_pm,hospital,median_pt_minutes,58.0000
10045115,wd_pm,hospital,share_within_30,0.0285
10045115,wd_pm,hospital,share_within_60,0.6768
10045115,wd_pm,pharmacy,median_pt_car_ratio,4.5000
10045115,wd_pm,pharmacy,median_pt_minutes,14.0000
10045115,wd_pm,pharmacy,share_within_30,0.9676
10045115,wd_pm,pharmacy,share_within_60,1.0000
10045115,wd_pm,primary_school,median_pt_car_ratio,3.0000
10045115,wd_pm,primary_school,median_pt_minutes,16.0000
10045115,wd_pm,primary_school,share_within_30,0.9470
10045115,wd_pm,primary_school,share_within_60,1.0000
10045115,wd_pm,rail_station,median_pt_car_ratio,2.8330
10045115,wd_pm,rail_station,median_pt_minutes,17.0000
10045115,wd_pm,rail_station,share_within_30,0.9696
10045115,wd_pm,rail_station,share_within_60,1.0000
10045115,wd_pm,secondary_school,median_pt_car_ratio,4.3330
10045115,wd_pm,secondary_school,median_pt_minutes,27.0000
10045115,wd_pm,secondary_school,share_within_30,0.5287
10045115,wd_pm,secondary_school,share_within_60,1.0000
10045115,wd_pm,supermarket,median_pt_car_ratio,3.0000
10045115,wd_pm,supermarket,median_pt_minutes,10.0000
10045115,wd_pm,supermarket,share_within_30,0.9991
10045115,wd_pm,supermarket,share_within_60,1.0000
10045116,car,30,mean_reachable_population_car,348943.0000
10045116,car,45,mean_reachable_population_car,811342.0000
10045116,car,60,mean_reachable_population_car,1146211.0000
10045116,car,gp,median_car_minutes,5.0000
10045116,car,gp_strict,median_car_minutes,5.0000
10045116,car,hospital,median_car_minutes,22.0000
10045116,car,pharmacy,median_car_minutes,5.0000
10045116,car,primary_school,median_car_minutes,5.0000
10045116,car,rail_station,median_car_minutes,13.0000
10045116,car,secondary_school,median_car_minutes,10.0000
10045116,car,supermarket,median_car_minutes,6.0000
10045116,su_am,30,mean_reachable_population_pt,2341.0000
10045116,su_am,45,mean_reachable_population_pt,4982.0000
10045116,su_am,60,mean_reachable_population_pt,16202.0000
10045116,su_am,gp,median_pt_car_ratio,6.1430
10045116,su_am,gp,median_pt_minutes,42.0000
10045116,su_am,gp,share_within_30,0.4060
10045116,su_am,gp,share_within_60,0.9994
10045116,su_am,gp_strict,median_pt_car_ratio,6.1430
10045116,su_am,gp_strict,median_pt_minutes,43.0000
10045116,su_am,gp_strict,share_within_30,0.4006
10045116,su_am,gp_strict,share_within_60,0.9994
10045116,su_am,hospital,median_pt_car_ratio,3.6840
10045116,su_am,hospital,median_pt_minutes,79.0000
10045116,su_am,hospital,share_within_30,0.0000
10045116,su_am,hospital,share_within_60,0.0000
10045116,su_am,pharmacy,median_pt_car_ratio,6.0000
10045116,su_am,pharmacy,median_pt_minutes,29.0000
10045116,su_am,pharmacy,share_within_30,0.5226
10045116,su_am,pharmacy,share_within_60,0.9994
10045116,su_am,primary_school,median_pt_car_ratio,4.6360
10045116,su_am,primary_school,median_pt_minutes,30.0000
10045116,su_am,primary_school,share_within_30,0.5304
10045116,su_am,primary_school,share_within_60,0.9949
10045116,su_am,rail_station,median_pt_car_ratio,4.6920
10045116,su_am,rail_station,median_pt_minutes,67.0000
10045116,su_am,rail_station,share_within_30,0.0014
10045116,su_am,rail_station,share_within_60,0.3958
10045116,su_am,secondary_school,median_pt_car_ratio,4.7500
10045116,su_am,secondary_school,median_pt_minutes,54.0000
10045116,su_am,secondary_school,share_within_30,0.2482
10045116,su_am,secondary_school,share_within_60,0.8062
10045116,su_am,supermarket,median_pt_car_ratio,6.0000
10045116,su_am,supermarket,median_pt_minutes,37.0000
10045116,su_am,supermarket,share_within_30,0.3721
10045116,su_am,supermarket,share_within_60,0.9970
10045116,wd_am,30,mean_reachable_population_pt,2680.0000
10045116,wd_am,45,mean_reachable_population_pt,8435.0000
10045116,wd_am,60,mean_reachable_population_pt,32479.0000
10045116,wd_am,gp,median_pt_car_ratio,6.0000
10045116,wd_am,gp,median_pt_minutes,33.0000
10045116,wd_am,gp,share_within_30,0.4665
10045116,wd_am,gp,share_within_60,0.9994
10045116,wd_am,gp_strict,median_pt_car_ratio,6.0000
10045116,wd_am,gp_strict,median_pt_minutes,33.0000
10045116,wd_am,gp_strict,share_within_30,0.4611
10045116,wd_am,gp_strict,share_within_60,0.9994
10045116,wd_am,hospital,median_pt_car_ratio,3.4400
10045116,wd_am,hospital,median_pt_minutes,77.0000
10045116,wd_am,hospital,share_within_30,0.0000
10045116,wd_am,hospital,share_within_60,0.0009
10045116,wd_am,pharmacy,median_pt_car_ratio,5.8750
10045116,wd_am,pharmacy,median_pt_minutes,25.0000
10045116,wd_am,pharmacy,share_within_30,0.5306
10045116,wd_am,pharmacy,share_within_60,0.9994
10045116,wd_am,primary_school,median_pt_car_ratio,3.9000
10045116,wd_am,primary_school,median_pt_minutes,27.0000
10045116,wd_am,primary_school,share_within_30,0.5888
10045116,wd_am,primary_school,share_within_60,0.9991
10045116,wd_am,rail_station,median_pt_car_ratio,4.2730
10045116,wd_am,rail_station,median_pt_minutes,61.0000
10045116,wd_am,rail_station,share_within_30,0.0026
10045116,wd_am,rail_station,share_within_60,0.4993
10045116,wd_am,secondary_school,median_pt_car_ratio,4.2500
10045116,wd_am,secondary_school,median_pt_minutes,45.0000
10045116,wd_am,secondary_school,share_within_30,0.2536
10045116,wd_am,secondary_school,share_within_60,0.9895
10045116,wd_am,supermarket,median_pt_car_ratio,5.0000
10045116,wd_am,supermarket,median_pt_minutes,30.0000
10045116,wd_am,supermarket,share_within_30,0.5817
10045116,wd_am,supermarket,share_within_60,0.9994
10045116,wd_pm,30,mean_reachable_population_pt,2489.0000
10045116,wd_pm,45,mean_reachable_population_pt,5561.0000
10045116,wd_pm,60,mean_reachable_population_pt,21496.0000
10045116,wd_pm,gp,median_pt_car_ratio,6.0000
10045116,wd_pm,gp,median_pt_minutes,40.0000
10045116,wd_pm,gp,share_within_30,0.4376
10045116,wd_pm,gp,share_within_60,0.9994
10045116,wd_pm,gp_strict,median_pt_car_ratio,6.0000
10045116,wd_pm,gp_strict,median_pt_minutes,40.0000
10045116,wd_pm,gp_strict,share_within_30,0.4322
10045116,wd_pm,gp_strict,share_within_60,0.9994
10045116,wd_pm,hospital,median_pt_car_ratio,3.4760
10045116,wd_pm,hospital,median_pt_minutes,77.0000
10045116,wd_pm,hospital,share_within_30,0.0000
10045116,wd_pm,hospital,share_within_60,0.0000
10045116,wd_pm,pharmacy,median_pt_car_ratio,5.8000
10045116,wd_pm,pharmacy,median_pt_minutes,25.0000
10045116,wd_pm,pharmacy,share_within_30,0.5294
10045116,wd_pm,pharmacy,share_within_60,0.9994
10045116,wd_pm,primary_school,median_pt_car_ratio,4.6670
10045116,wd_pm,primary_school,median_pt_minutes,30.0000
10045116,wd_pm,primary_school,share_within_30,0.5304
10045116,wd_pm,primary_school,share_within_60,0.9949
10045116,wd_pm,rail_station,median_pt_car_ratio,4.6670
10045116,wd_pm,rail_station,median_pt_minutes,65.0000
10045116,wd_pm,rail_station,share_within_30,0.0014
10045116,wd_pm,rail_station,share_within_60,0.4167
10045116,wd_pm,secondary_school,median_pt_car_ratio,4.4170
10045116,wd_pm,secondary_school,median_pt_minutes,49.0000
10045116,wd_pm,secondary_school,share_within_30,0.2482
10045116,wd_pm,secondary_school,share_within_60,0.9735
10045116,wd_pm,supermarket,median_pt_car_ratio,5.6000
10045116,wd_pm,supermarket,median_pt_minutes,34.0000
10045116,wd_pm,supermarket,share_within_30,0.4387
10045116,wd_pm,supermarket,share_within_60,0.9984
10045117,car,30,mean_reachable_population_car,585705.0000
10045117,car,45,mean_reachable_population_car,1069662.0000
10045117,car,60,mean_reachable_population_car,1265584.0000
10045117,car,gp,median_car_minutes,4.0000
10045117,car,gp_strict,median_car_minutes,5.0000
10045117,car,hospital,median_car_minutes,9.0000
10045117,car,pharmacy,median_car_minutes,4.0000
10045117,car,primary_school,median_car_minutes,4.0000
10045117,car,rail_station,median_car_minutes,5.0000
10045117,car,secondary_school,median_car_minutes,8.0000
10045117,car,supermarket,median_car_minutes,4.0000
10045117,su_am,30,mean_reachable_population_pt,11139.0000
10045117,su_am,45,mean_reachable_population_pt,22300.0000
10045117,su_am,60,mean_reachable_population_pt,82857.0000
10045117,su_am,gp,median_pt_car_ratio,4.4000
10045117,su_am,gp,median_pt_minutes,16.0000
10045117,su_am,gp,share_within_30,0.8952
10045117,su_am,gp,share_within_60,0.9554
10045117,su_am,gp_strict,median_pt_car_ratio,4.0000
10045117,su_am,gp_strict,median_pt_minutes,22.0000
10045117,su_am,gp_strict,share_within_30,0.7363
10045117,su_am,gp_strict,share_within_60,0.9553
10045117,su_am,hospital,median_pt_car_ratio,4.7690
10045117,su_am,hospital,median_pt_minutes,45.0000
10045117,su_am,hospital,share_within_30,0.3906
10045117,su_am,hospital,share_within_60,0.7751
10045117,su_am,pharmacy,median_pt_car_ratio,3.6670
10045117,su_am,pharmacy,median_pt_minutes,13.0000
10045117,su_am,pharmacy,share_within_30,0.9680
10045117,su_am,pharmacy,share_within_60,0.9996
10045117,su_am,primary_school,median_pt_car_ratio,3.0000
10045117,su_am,primary_school,median_pt_minutes,10.0000
10045117,su_am,primary_school,share_within_30,0.9445
10045117,su_am,primary_school,share_within_60,0.9900
10045117,su_am,rail_station,median_pt_car_ratio,3.7500
10045117,su_am,rail_station,median_pt_minutes,19.0000
10045117,su_am,rail_station,share_within_30,0.8294
10045117,su_am,rail_station,share_within_60,0.9492
10045117,su_am,secondary_school,median_pt_car_ratio,3.1540
10045117,su_am,secondary_school,median_pt_minutes,24.0000
10045117,su_am,secondary_school,share_within_30,0.6219
10045117,su_am,secondary_school,share_within_60,0.9552
10045117,su_am,supermarket,median_pt_car_ratio,4.0000
10045117,su_am,supermarket,median_pt_minutes,12.0000
10045117,su_am,supermarket,share_within_30,0.8767
10045117,su_am,supermarket,share_within_60,0.9383
10045117,wd_am,30,mean_reachable_population_pt,13037.0000
10045117,wd_am,45,mean_reachable_population_pt,41376.0000
10045117,wd_am,60,mean_reachable_population_pt,130237.0000
10045117,wd_am,gp,median_pt_car_ratio,4.2000
10045117,wd_am,gp,median_pt_minutes,16.0000
10045117,wd_am,gp,share_within_30,0.9279
10045117,wd_am,gp,share_within_60,1.0000
10045117,wd_am,gp_strict,median_pt_car_ratio,3.8000
10045117,wd_am,gp_strict,median_pt_minutes,21.0000
10045117,wd_am,gp_strict,share_within_30,0.8524
10045117,wd_am,gp_strict,share_within_60,0.9997
10045117,wd_am,hospital,median_pt_car_ratio,3.8570
10045117,wd_am,hospital,median_pt_minutes,35.0000
10045117,wd_am,hospital,share_within_30,0.4360
10045117,wd_am,hospital,share_within_60,0.9494
10045117,wd_am,pharmacy,median_pt_car_ratio,3.6670
10045117,wd_am,pharmacy,median_pt_minutes,13.0000
10045117,wd_am,pharmacy,share_within_30,0.9882
10045117,wd_am,pharmacy,share_within_60,1.0000
10045117,wd_am,primary_school,median_pt_car_ratio,3.0000
10045117,wd_am,primary_school,median_pt_minutes,10.0000
10045117,wd_am,primary_school,share_within_30,0.9723
10045117,wd_am,primary_school,share_within_60,1.0000
10045117,wd_am,rail_station,median_pt_car_ratio,3.6670
10045117,wd_am,rail_station,median_pt_minutes,19.0000
10045117,wd_am,rail_station,share_within_30,0.8777
10045117,wd_am,rail_station,share_within_60,0.9997
10045117,wd_am,secondary_school,median_pt_car_ratio,2.8570
10045117,wd_am,secondary_school,median_pt_minutes,24.0000
10045117,wd_am,secondary_school,share_within_30,0.7179
10045117,wd_am,secondary_school,share_within_60,0.9997
10045117,wd_am,supermarket,median_pt_car_ratio,4.0000
10045117,wd_am,supermarket,median_pt_minutes,12.0000
10045117,wd_am,supermarket,share_within_30,0.9069
10045117,wd_am,supermarket,share_within_60,1.0000
10045117,wd_pm,30,mean_reachable_population_pt,11546.0000
10045117,wd_pm,45,mean_reachable_population_pt,27786.0000
10045117,wd_pm,60,mean_reachable_population_pt,84823.0000
10045117,wd_pm,gp,median_pt_car_ratio,4.4000
10045117,wd_pm,gp,median_pt_minutes,16.0000
10045117,wd_pm,gp,share_within_30,0.8963
10045117,wd_pm,gp,share_within_60,1.0000
10045117,wd_pm,gp_strict,median_pt_car_ratio,3.9000
10045117,wd_pm,gp_strict,median_pt_minutes,22.0000
10045117,wd_pm,gp_strict,share_within_30,0.7819
10045117,wd_pm,gp_strict,share_within_60,0.9997
10045117,wd_pm,hospital,median_pt_car_ratio,4.2500
10045117,wd_pm,hospital,median_pt_minutes,41.0000
10045117,wd_pm,hospital,share_within_30,0.3906
10045117,wd_pm,hospital,share_within_60,0.9295
10045117,wd_pm,pharmacy,median_pt_car_ratio,3.6670
10045117,wd_pm,pharmacy,median_pt_minutes,13.0000
10045117,wd_pm,pharmacy,share_within_30,0.9680
10045117,wd_pm,pharmacy,share_within_60,1.0000
10045117,wd_pm,primary_school,median_pt_car_ratio,3.0000
10045117,wd_pm,primary_school,median_pt_minutes,10.0000
10045117,wd_pm,primary_school,share_within_30,0.9417
10045117,wd_pm,primary_school,share_within_60,0.9997
10045117,wd_pm,rail_station,median_pt_car_ratio,3.7500
10045117,wd_pm,rail_station,median_pt_minutes,19.0000
10045117,wd_pm,rail_station,share_within_30,0.8489
10045117,wd_pm,rail_station,share_within_60,0.9997
10045117,wd_pm,secondary_school,median_pt_car_ratio,2.9090
10045117,wd_pm,secondary_school,median_pt_minutes,24.0000
10045117,wd_pm,secondary_school,share_within_30,0.6378
10045117,wd_pm,secondary_school,share_within_60,0.9713
10045117,wd_pm,supermarket,median_pt_car_ratio,4.0000
10045117,wd_pm,supermarket,median_pt_minutes,12.0000
10045117,wd_pm,supermarket,share_within_30,0.8629
10045117,wd_pm,supermarket,share_within_60,0.9991
10046111,car,30,mean_reachable_population_car,230376.0000
10046111,car,45,mean_reachable_population_car,666388.0000
10046111,car,60,mean_reachable_population_car,1223298.0000
10046111,car,gp,median_car_minutes,3.0000
10046111,car,gp_strict,median_car_minutes,19.0000
10046111,car,hospital,median_car_minutes,14.0000
10046111,car,pharmacy,median_car_minutes,3.0000
10046111,car,primary_school,median_car_minutes,6.0000
10046111,car,rail_station,median_car_minutes,12.0000
10046111,car,secondary_school,median_car_minutes,7.0000
10046111,car,supermarket,median_car_minutes,4.0000
10046111,su_am,30,mean_reachable_population_pt,2327.0000
10046111,su_am,45,mean_reachable_population_pt,2333.0000
10046111,su_am,60,mean_reachable_population_pt,2440.0000
10046111,su_am,gp,median_pt_car_ratio,4.0000
10046111,su_am,gp,median_pt_minutes,8.0000
10046111,su_am,gp,share_within_30,0.7619
10046111,su_am,gp,share_within_60,0.7750
10046111,su_am,gp_strict,median_pt_car_ratio,6.6000
10046111,su_am,gp_strict,median_pt_minutes,117.0000
10046111,su_am,gp_strict,share_within_30,0.0000
10046111,su_am,gp_strict,share_within_60,0.0000
10046111,su_am,hospital,median_pt_car_ratio,
10046111,su_am,hospital,median_pt_minutes,
10046111,su_am,hospital,share_within_30,0.0000
10046111,su_am,hospital,share_within_60,0.0000
10046111,su_am,pharmacy,median_pt_car_ratio,4.0000
10046111,su_am,pharmacy,median_pt_minutes,10.0000
10046111,su_am,pharmacy,share_within_30,0.7619
10046111,su_am,pharmacy,share_within_60,0.7624
10046111,su_am,primary_school,median_pt_car_ratio,9.0000
10046111,su_am,primary_school,median_pt_minutes,83.0000
10046111,su_am,primary_school,share_within_30,0.3199
10046111,su_am,primary_school,share_within_60,0.3774
10046111,su_am,rail_station,median_pt_car_ratio,9.2500
10046111,su_am,rail_station,median_pt_minutes,80.0000
10046111,su_am,rail_station,share_within_30,0.0000
10046111,su_am,rail_station,share_within_60,0.0000
10046111,su_am,secondary_school,median_pt_car_ratio,8.4440
10046111,su_am,secondary_school,median_pt_minutes,78.0000
10046111,su_am,secondary_school,share_within_30,0.3490
10046111,su_am,secondary_school,share_within_60,0.3500
10046111,su_am,supermarket,median_pt_car_ratio,4.0000
10046111,su_am,supermarket,median_pt_minutes,14.0000
10046111,su_am,supermarket,share_within_30,0.7609
10046111,su_am,supermarket,share_within_60,0.7614
10046111,wd_am,30,mean_reachable_population_pt,2341.0000
10046111,wd_am,45,mean_reachable_population_pt,3656.0000
10046111,wd_am,60,mean_reachable_population_pt,8889.0000
10046111,wd_am,gp,median_pt_car_ratio,4.0000
10046111,wd_am,gp,median_pt_minutes,8.0000
10046111,wd_am,gp,share_within_30,0.7713
10046111,wd_am,gp,share_within_60,0.9980
10046111,wd_am,gp_strict,median_pt_car_ratio,4.3330
10046111,wd_am,gp_strict,median_pt_minutes,86.0000
10046111,wd_am,gp_strict,share_within_30,0.0000
10046111,wd_am,gp_strict,share_within_60,0.0000
10046111,wd_am,hospital,median_pt_car_ratio,6.0670
10046111,wd_am,hospital,median_pt_minutes,90.0000
10046111,wd_am,hospital,share_within_30,0.0000
10046111,wd_am,hospital,share_within_60,0.0000
10046111,wd_am,pharmacy,median_pt_car_ratio,4.0000
10046111,wd_am,pharmacy,median_pt_minutes,10.0000
10046111,wd_am,pharmacy,share_within_30,0.7713
10046111,wd_am,pharmacy,share_within_60,0.9972
10046111,wd_am,primary_school,median_pt_car_ratio,5.8890
10046111,wd_am,primary_school,median_pt_minutes,49.0000
10046111,wd_am,primary_school,share_within_30,0.3271
10046111,wd_am,primary_school,share_within_60,0.9750
10046111,wd_am,rail_station,median_pt_car_ratio,5.1670
10046111,wd_am,rail_station,median_pt_minutes,62.0000
10046111,wd_am,rail_station,share_within_30,0.0000
10046111,wd_am,rail_station,share_within_60,0.4667
10046111,wd_am,secondary_school,median_pt_car_ratio,4.3750
10046111,wd_am,secondary_school,median_pt_minutes,35.0000
10046111,wd_am,secondary_school,share_within_30,0.3490
10046111,wd_am,secondary_school,share_within_60,0.9966
10046111,wd_am,supermarket,median_pt_car_ratio,4.0000
10046111,wd_am,supermarket,median_pt_minutes,14.0000
10046111,wd_am,supermarket,share_within_30,0.7703
10046111,wd_am,supermarket,share_within_60,0.9980
10046111,wd_pm,30,mean_reachable_population_pt,2327.0000
10046111,wd_pm,45,mean_reachable_population_pt,2332.0000
10046111,wd_pm,60,mean_reachable_population_pt,2348.0000
10046111,wd_pm,gp,median_pt_car_ratio,4.0000
10046111,wd_pm,gp,median_pt_minutes,8.0000
10046111,wd_pm,gp,share_within_30,0.7619
10046111,wd_pm,gp,share_within_60,0.7619
10046111,wd_pm,gp_strict,median_pt_car_ratio,
10046111,wd_pm,gp_strict,median_pt_minutes,
10046111,wd_pm,gp_strict,share_within_30,0.0000
10046111,wd_pm,gp_strict,share_within_60,0.0000
10046111,wd_pm,hospital,median_pt_car_ratio,
10046111,wd_pm,hospital,median_pt_minutes,
10046111,wd_pm,hospital,share_within_30,0.0000
10046111,wd_pm,hospital,share_within_60,0.0000
10046111,wd_pm,pharmacy,median_pt_car_ratio,4.0000
10046111,wd_pm,pharmacy,median_pt_minutes,10.0000
10046111,wd_pm,pharmacy,share_within_30,0.7619
10046111,wd_pm,pharmacy,share_within_60,0.7619
10046111,wd_pm,primary_school,median_pt_car_ratio,10.2220
10046111,wd_pm,primary_school,median_pt_minutes,91.0000
10046111,wd_pm,primary_school,share_within_30,0.3199
10046111,wd_pm,primary_school,share_within_60,0.3199
10046111,wd_pm,rail_station,median_pt_car_ratio,
10046111,wd_pm,rail_station,median_pt_minutes,
10046111,wd_pm,rail_station,share_within_30,0.0000
10046111,wd_pm,rail_station,share_within_60,0.0000
10046111,wd_pm,secondary_school,median_pt_car_ratio,11.0000
10046111,wd_pm,secondary_school,median_pt_minutes,99.0000
10046111,wd_pm,secondary_school,share_within_30,0.3490
10046111,wd_pm,secondary_school,share_within_60,0.3490
10046111,wd_pm,supermarket,median_pt_car_ratio,4.0000
10046111,wd_pm,supermarket,median_pt_minutes,14.0000
10046111,wd_pm,supermarket,share_within_30,0.7609
10046111,wd_pm,supermarket,share_within_60,0.7609
10046112,car,30,mean_reachable_population_car,322437.0000
10046112,car,45,mean_reachable_population_car,977668.0000
10046112,car,60,mean_reachable_population_car,1347745.0000
10046112,car,gp,median_car_minutes,5.0000
10046112,car,gp_strict,median_car_minutes,7.0000
10046112,car,hospital,median_car_minutes,23.0000
10046112,car,pharmacy,median_car_minutes,3.0000
10046112,car,primary_school,median_car_minutes,5.0000
10046112,car,rail_station,median_car_minutes,11.0000
10046112,car,secondary_school,median_car_minutes,6.0000
10046112,car,supermarket,median_car_minutes,4.0000
10046112,su_am,30,mean_reachable_population_pt,3383.0000
10046112,su_am,45,mean_reachable_population_pt,3614.0000
10046112,su_am,60,mean_reachable_population_pt,7228.0000
10046112,su_am,gp,median_pt_car_ratio,8.8750
10046112,su_am,gp,median_pt_minutes,61.0000
10046112,su_am,gp,share_within_30,0.2682
10046112,su_am,gp,share_within_60,0.4472
10046112,su_am,gp_strict,median_pt_car_ratio,8.6670
10046112,su_am,gp_strict,median_pt_minutes,77.0000
10046112,su_am,gp_strict,share_within_30,0.2682
10046112,su_am,gp_strict,share_within_60,0.2682
10046112,su_am,hospital,median_pt_car_ratio,3.7830
10046112,su_am,hospital,median_pt_minutes,88.0000
10046112,su_am,hospital,share_within_30,0.0000
10046112,su_am,hospital,share_within_60,0.0000
10046112,su_am,pharmacy,median_pt_car_ratio,4.0000
10046112,su_am,pharmacy,median_pt_minutes,9.0000
10046112,su_am,pharmacy,share_within_30,0.8955
10046112,su_am,pharmacy,share_within_60,0.9080
10046112,su_am,primary_school,median_pt_car_ratio,6.0000
10046112,su_am,primary_school,median_pt_minutes,43.0000
10046112,su_am,primary_school,share_within_30,0.4491
10046112,su_am,primary_school,share_within_60,0.6537
10046112,su_am,rail_station,median_pt_car_ratio,5.7270
10046112,su_am,rail_station,median_pt_minutes,63.0000
10046112,su_am,rail_station,share_within_30,0.0000
10046112,su_am,rail_station,share_within_60,0.2850
10046112,su_am,secondary_school,median_pt_car_ratio,6.2500
10046112,su_am,secondary_school,median_pt_minutes,46.0000
10046112,su_am,secondary_school,share_within_30,0.4312
10046112,su_am,secondary_school,share_within_60,0.6273
10046112,su_am,supermarket,median_pt_car_ratio,5.4000
10046112,su_am,supermarket,median_pt_minutes,24.0000
10046112,su_am,supermarket,share_within_30,0.6133
10046112,su_am,supermarket,share_within_60,0.6402
10046112,wd_am,30,mean_reachable_population_pt,5023.0000
10046112,wd_am,45,mean_reachable_population_pt,12888.0000
10046112,wd_am,60,mean_reachable_population_pt,27031.0000
10046112,wd_am,gp,median_pt_car_ratio,5.1430
10046112,wd_am,gp,median_pt_minutes,32.0000
10046112,wd_am,gp,share_within_30,0.4917
10046112,wd_am,gp,share_within_60,0.9994
10046112,wd_am,gp_strict,median_pt_car_ratio,4.3330
10046112,wd_am,gp_strict,median_pt_minutes,35.0000
10046112,wd_am,gp_strict,share_within_30,0.3305
10046112,wd_am,gp_strict,share_within_60,0.9994
10046112,wd_am,hospital,median_pt_car_ratio,3.0000
10046112,wd_am,hospital,median_pt_minutes,72.0000
10046112,wd_am,hospital,share_within_30,0.0000
10046112,wd_am,hospital,share_within_60,0.0000
10046112,wd_am,pharmacy,median_pt_car_ratio,4.0000
10046112,wd_am,pharmacy,median_pt_minutes,9.0000
10046112,wd_am,pharmacy,share_within_30,0.9724
10046112,wd_am,pharmacy,share_within_60,0.9994
10046112,wd_am,primary_school,median_pt_car_ratio,4.3330
10046112,wd_am,primary_school,median_pt_minutes,26.0000
10046112,wd_am,primary_school,share_within_30,0.6997
10046112,wd_am,primary_school,share_within_60,0.9994
10046112,wd_am,rail_station,median_pt_car_ratio,3.6670
10046112,wd_am,rail_station,median_pt_minutes,40.0000
10046112,wd_am,rail_station,share_within_30,0.0699
10046112,wd_am,rail_station,share_within_60,0.9818
10046112,wd_am,secondary_school,median_pt_car_ratio,3.8570
10046112,wd_am,secondary_school,median_pt_minutes,28.0000
10046112,wd_am,secondary_school,share_within_30,0.6345
10046112,wd_am,secondary_school,share_within_60,0.9994
10046112,wd_am,supermarket,median_pt_car_ratio,4.2860
10046112,wd_am,supermarket,median_pt_minutes,20.0000
10046112,wd_am,supermarket,share_within_30,0.9342
10046112,wd_am,supermarket,share_within_60,0.9994
10046112,wd_pm,30,mean_reachable_population_pt,3652.0000
10046112,wd_pm,45,mean_reachable_population_pt,5211.0000
10046112,wd_pm,60,mean_reachable_population_pt,7949.0000
10046112,wd_pm,gp,median_pt_car_ratio,10.1250
10046112,wd_pm,gp,median_pt_minutes,74.0000
10046112,wd_pm,gp,share_within_30,0.2682
10046112,wd_pm,gp,share_within_60,0.4638
10046112,wd_pm,gp_strict,median_pt_car_ratio,8.9000
10046112,wd_pm,gp_strict,median_pt_minutes,75.0000
10046112,wd_pm,gp_strict,share_within_30,0.2682
10046112,wd_pm,gp_strict,share_within_60,0.4151
10046112,wd_pm,hospital,median_pt_car_ratio,4.4760
10046112,wd_pm,hospital,median_pt_minutes,94.0000
10046112,wd_pm,hospital,share_within_30,0.0000
10046112,wd_pm,hospital,share_within_60,0.0000
10046112,wd_pm,pharmacy,median_pt_car_ratio,4.0000
10046112,wd_pm,pharmacy,median_pt_minutes,9.0000
10046112,wd_pm,pharmacy,share_within_30,0.8955
10046112,wd_pm,pharmacy,share_within_60,0.9080
10046112,wd_pm,primary_school,median_pt_car_ratio,6.1110
10046112,wd_pm,primary_school,median_pt_minutes,44.0000
10046112,wd_pm,primary_school,share_within_30,0.4491
10046112,wd_pm,primary_school,share_within_60,0.6401
10046112,wd_pm,rail_station,median_pt_car_ratio,7.5000
10046112,wd_pm,rail_station,median_pt_minutes,85.0000
10046112,wd_pm,rail_station,share_within_30,0.0000
10046112,wd_pm,rail_station,share_within_60,0.2111
10046112,wd_pm,secondary_school,median_pt_car_ratio,4.5710
10046112,wd_pm,secondary_school,median_pt_minutes,33.0000
10046112,wd_pm,secondary_school,share_within_30,0.4312
10046112,wd_pm,secondary_school,share_within_60,0.6394
10046112,wd_pm,supermarket,median_pt_car_ratio,5.2000
10046112,wd_pm,supermarket,median_pt_minutes,24.0000
10046112,wd_pm,supermarket,share_within_30,0.6133
10046112,wd_pm,supermarket,share_within_60,0.6402
10046113,car,30,mean_reachable_population_car,231263.0000
10046113,car,45,mean_reachable_population_car,764819.0000
10046113,car,60,mean_reachable_population_car,1286955.0000
10046113,car,gp,median_car_minutes,6.0000
10046113,car,gp_strict,median_car_minutes,15.0000
10046113,car,hospital,median_car_minutes,20.0000
10046113,car,pharmacy,median_car_minutes,5.0000
10046113,car,primary_school,median_car_minutes,7.0000
10046113,car,rail_station,median_car_minutes,4.0000
10046113,car,secondary_school,median_car_minutes,11.0000
10046113,car,supermarket,median_car_minutes,5.0000
10046113,su_am,30,mean_reachable_population_pt,2187.0000
10046113,su_am,45,mean_reachable_population_pt,3558.0000
10046113,su_am,60,mean_reachable_population_pt,9383.0000
10046113,su_am,gp,median_pt_car_ratio,6.6670
10046113,su_am,gp,median_pt_minutes,42.0000
10046113,su_am,gp,share_within_30,0.2856
10046113,su_am,gp,share_within_60,0.6776
10046113,su_am,gp_strict,median_pt_car_ratio,5.0770
10046113,su_am,gp_strict,median_pt_minutes,75.0000
10046113,su_am,gp_strict,share_within_30,0.0000
10046113,su_am,gp_strict,share_within_60,0.0798
10046113,su_am,hospital,median_pt_car_ratio,4.6110
10046113,su_am,hospital,median_pt_minutes,93.0000
10046113,su_am,hospital,share_within_30,0.0000
10046113,su_am,hospital,share_within_60,0.0000
10046113,su_am,pharmacy,median_pt_car_ratio,7.1250
10046113,su_am,pharmacy,median_pt_minutes,42.0000
10046113,su_am,pharmacy,share_within_30,0.3519
10046113,su_am,pharmacy,share_within_60,0.7213
10046113,su_am,primary_school,median_pt_car_ratio,7.2000
10046113,su_am,primary_school,median_pt_minutes,48.0000
10046113,su_am,primary_school,share_within_30,0.2294
10046113,su_am,primary_school,share_within_60,0.7070
10046113,su_am,rail_station,median_pt_car_ratio,4.1670
10046113,su_am,rail_station,median_pt_minutes,16.0000
10046113,su_am,rail_station,share_within_30,0.7154
10046113,su_am,rail_station,share_within_60,0.7154
10046113,su_am,secondary_school,median_pt_car_ratio,5.8180
10046113,su_am,secondary_school,median_pt_minutes,63.0000
10046113,su_am,secondary_school,share_within_30,0.0000
10046113,su_am,secondary_school,share_within_60,0.3958
10046113,su_am,supermarket,median_pt_car_ratio,7.5000
10046113,su_am,supermarket,median_pt_minutes,36.0000
10046113,su_am,supermarket,share_within_30,0.4909
10046113,su_am,supermarket,share_within_60,0.7110
10046113,wd_am,30,mean_reachable_population_pt,2342.0000
10046113,wd_am,45,mean_reachable_population_pt,7439.0000
10046113,wd_am,60,mean_reachable_population_pt,23631.0000
10046113,wd_am,gp,median_pt_car_ratio,5.5000
10046113,wd_am,gp,median_pt_minutes,35.0000
10046113,wd_am,gp,share_within_30,0.3315
10046113,wd_am,gp,share_within_60,0.9958
10046113,wd_am,gp_strict,median_pt_car_ratio,3.9290
10046113,wd_am,gp_strict,median_pt_minutes,59.0000
10046113,wd_am,gp_strict,share_within_30,0.0000
10046113,wd_am,gp_strict,share_within_60,0.5496
10046113,wd_am,hospital,median_pt_car_ratio,3.6190
10046113,wd_am,hospital,median_pt_minutes,73.0000
10046113,wd_am,hospital,share_within_30,0.0000
10046113,wd_am,hospital,share_within_60,0.0798
10046113,wd_am,pharmacy,median_pt_car_ratio,5.8330
10046113,wd_am,pharmacy,median_pt_minutes,32.0000
10046113,wd_am,pharmacy,share_within_30,0.4556
10046113,wd_am,pharmacy,share_within_60,0.9962
10046113,wd_am,primary_school,median_pt_car_ratio,5.3330
10046113,wd_am,primary_school,median_pt_minutes,43.0000
10046113,wd_am,primary_school,share_within_30,0.2737
10046113,wd_am,primary_school,share_within_60,0.9830
10046113,wd_am,rail_station,median_pt_car_ratio,4.1670
10046113,wd_am,rail_station,median_pt_minutes,16.0000
10046113,wd_am,rail_station,share_within_30,0.7154
10046113,wd_am,rail_station,share_within_60,0.9973
10046113,wd_am,secondary_school,median_pt_car_ratio,5.1820
10046113,wd_am,secondary_school,median_pt_minutes,53.0000
10046113,wd_am,secondary_school,share_within_30,0.0000
10046113,wd_am,secondary_school,share_within_60,0.7857
10046113,wd_am,supermarket,median_pt_car_ratio,5.7500
10046113,wd_am,supermarket,median_pt_minutes,28.0000
10046113,wd_am,supermarket,share_within_30,0.5557
10046113,wd_am,supermarket,share_within_60,0.9904
10046113,wd_pm,30,mean_reachable_population_pt,2241.0000
10046113,wd_pm,45,mean_reachable_population_pt,5023.0000
10046113,wd_pm,60,mean_reachable_population_pt,16581.0000
10046113,wd_pm,gp,median_pt_car_ratio,5.8570
10046113,wd_pm,gp,median_pt_minutes,37.0000
10046113,wd_pm,gp,share_within_30,0.3315
10046113,wd_pm,gp,share_within_60,0.7154
10046113,wd_pm,gp_strict,median_pt_car_ratio,3.9380
10046113,wd_pm,gp_strict,median_pt_minutes,58.0000
10046113,wd_pm,gp_strict,share_within_30,0.0000
10046113,wd_pm,gp_strict,share_within_60,0.6032
10046113,wd_pm,hospital,median_pt_car_ratio,3.8330
10046113,wd_pm,hospital,median_pt_minutes,77.0000
10046113,wd_pm,hospital,share_within_30,0.0000
10046113,wd_pm,hospital,share_within_60,0.0460
10046113,wd_pm,pharmacy,median_pt_car_ratio,6.3750
10046113,wd_pm,pharmacy,median_pt_minutes,36.0000
10046113,wd_pm,pharmacy,share_within_30,0.3979
10046113,wd_pm,pharmacy,share_within_60,0.7213
10046113,wd_pm,primary_school,median_pt_car_ratio,6.7140
10046113,wd_pm,primary_school,median_pt_minutes,45.0000
10046113,wd_pm,primary_school,share_within_30,0.2294
10046113,wd_pm,primary_school,share_within_60,0.7070
10046113,wd_pm,rail_station,median_pt_car_ratio,4.1670
10046113,wd_pm,rail_station,median_pt_minutes,16.0000
10046113,wd_pm,rail_station,share_within_30,0.7154
10046113,wd_pm,rail_station,share_within_60,0.7154
10046113,wd_pm,secondary_school,median_pt_car_ratio,5.3000
10046113,wd_pm,secondary_school,median_pt_minutes,57.0000
10046113,wd_pm,secondary_school,share_within_30,0.0000
10046113,wd_pm,secondary_school,share_within_60,0.6334
10046113,wd_pm,supermarket,median_pt_car_ratio,7.0000
10046113,wd_pm,supermarket,median_pt_minutes,31.0000
10046113,wd_pm,supermarket,share_within_30,0.4909
10046113,wd_pm,supermarket,share_within_60,0.7888
10046114,car,30,mean_reachable_population_car,217691.0000
10046114,car,45,mean_reachable_population_car,791521.0000
10046114,car,60,mean_reachable_population_car,1360303.0000
10046114,car,gp,median_car_minutes,5.0000
10046114,car,gp_strict,median_car_minutes,21.0000
10046114,car,hospital,median_car_minutes,20.0000
10046114,car,pharmacy,median_car_minutes,6.0000
10046114,car,primary_school,median_car_minutes,7.0000
10046114,car,rail_station,median_car_minutes,8.0000
10046114,car,secondary_school,median_car_minutes,10.0000
10046114,car,supermarket,median_car_minutes,5.0000
10046114,su_am,30,mean_reachable_population_pt,1171.0000
10046114,su_am,45,mean_reachable_population_pt,1665.0000
10046114,su_am,60,mean_reachable_population_pt,4621.0000
10046114,su_am,gp,median_pt_car_ratio,7.8570
10046114,su_am,gp,median_pt_minutes,43.0000
10046114,su_am,gp,share_within_30,0.3416
10046114,su_am,gp,share_within_60,0.7783
10046114,su_am,gp_strict,median_pt_car_ratio,3.6670
10046114,su_am,gp_strict,median_pt_minutes,82.0000
10046114,su_am,gp_strict,share_within_30,0.0000
10046114,su_am,gp_strict,share_within_60,0.0228
10046114,su_am,hospital,median_pt_car_ratio,5.3530
10046114,su_am,hospital,median_pt_minutes,99.0000
10046114,su_am,hospital,share_within_30,0.0000
10046114,su_am,hospital,share_within_60,0.0000
10046114,su_am,pharmacy,median_pt_car_ratio,7.5710
10046114,su_am,pharmacy,median_pt_minutes,56.0000
10046114,su_am,pharmacy,share_within_30,0.1836
10046114,su_am,pharmacy,share_within_60,0.6573
10046114,su_am,primary_school,median_pt_car_ratio,6.0000
10046114,su_am,primary_school,median_pt_minutes,52.0000
10046114,su_am,primary_school,share_within_30,0.3334
10046114,su_am,primary_school,share_within_60,0.7238
10046114,su_am,rail_station,median_pt_car_ratio,5.5000
10046114,su_am,rail_station,median_pt_minutes,54.0000
10046114,su_am,rail_station,share_within_30,0.2429
10046114,su_am,rail_station,share_within_60,0.7417
10046114,su_am,secondary_school,median_pt_car_ratio,6.1250
10046114,su_am,secondary_school,median_pt_minutes,62.0000
10046114,su_am,secondary_school,share_within_30,0.1082
10046114,su_am,secondary_school,share_within_60,0.4747
10046114,su_am,supermarket,median_pt_car_ratio,5.6670
10046114,su_am,supermarket,median_pt_minutes,43.0000
10046114,su_am,supermarket,share_within_30,0.4561
10046114,su_am,supermarket,share_within_60,0.7909
10046114,wd_am,30,mean_reachable_population_pt,1522.0000
10046114,wd_am,45,mean_reachable_population_pt,4413.0000
10046114,wd_am,60,mean_reachable_population_pt,15340.0000
10046114,wd_am,gp,median_pt_car_ratio,4.8330
10046114,wd_am,gp,median_pt_minutes,27.0000
10046114,wd_am,gp,share_within_30,0.6973
10046114,wd_am,gp,share_within_60,0.9997
10046114,wd_am,gp_strict,median_pt_car_ratio,3.2380
10046114,wd_am,gp_strict,median_pt_minutes,72.0000
10046114,wd_am,gp_strict,share_within_30,0.0000
10046114,wd_am,gp_strict,share_within_60,0.1823
10046114,wd_am,hospital,median_pt_car_ratio,4.2000
10046114,wd_am,hospital,median_pt_minutes,77.0000
10046114,wd_am,hospital,share_within_30,0.0000
10046114,wd_am,hospital,share_within_60,0.0228
10046114,wd_am,pharmacy,median_pt_car_ratio,5.0000
10046114,wd_am,pharmacy,median_pt_minutes,36.0000
10046114,wd_am,pharmacy,share_within_30,0.3701
10046114,wd_am,pharmacy,share_within_60,0.9982
10046114,wd_am,primary_school,median_pt_car_ratio,4.6670
10046114,wd_am,primary_school,median_pt_minutes,37.0000
10046114,wd_am,primary_school,share_within_30,0.3523
10046114,wd_am,primary_school,share_within_60,0.9981
10046114,wd_am,rail_station,median_pt_car_ratio,4.2730
10046114,wd_am,rail_station,median_pt_minutes,35.0000
10046114,wd_am,rail_station,share_within_30,0.3528
10046114,wd_am,rail_station,share_within_60,0.9656
10046114,wd_am,secondary_school,median_pt_car_ratio,4.2860
10046114,wd_am,secondary_school,median_pt_minutes,39.0000
10046114,wd_am,secondary_school,share_within_30,0.1656
10046114,wd_am,secondary_school,share_within_60,0.9248
10046114,wd_am,supermarket,median_pt_car_ratio,4.8750
10046114,wd_am,supermarket,median_pt_minutes,26.0000
10046114,wd_am,supermarket,share_within_30,0.5826
10046114,wd_am,supermarket,share_within_60,0.9985
10046114,wd_pm,30,mean_reachable_population_pt,1169.0000
10046114,wd_pm,45,mean_reachable_population_pt,2037.0000
10046114,wd_pm,60,mean_reachable_population_pt,8100.0000
10046114,wd_pm,gp,median_pt_car_ratio,7.0000
10046114,wd_pm,gp,median_pt_minutes,39.0000
10046114,wd_pm,gp,share_within_30,0.3702
10046114,wd_pm,gp,share_within_60,0.8515
10046114,wd_pm,gp_strict,median_pt_car_ratio,4.0500
10046114,wd_pm,gp_strict,median_pt_minutes,80.0000
10046114,wd_pm,gp_strict,share_within_30,0.0000
10046114,wd_pm,gp_strict,share_within_60,0.1338
10046114,wd_pm,hospital,median_pt_car_ratio,5.5710
10046114,wd_pm,hospital,median_pt_minutes,98.0000
10046114,wd_pm,hospital,share_within_30,0.0000
10046114,wd_pm,hospital,share_within_60,0.0000
10046114,wd_pm,pharmacy,median_pt_car_ratio,7.1670
10046114,wd_pm,pharmacy,median_pt_minutes,47.0000
10046114,wd_pm,pharmacy,share_within_30,0.1836
10046114,wd_pm,pharmacy,share_within_60,0.6940
10046114,wd_pm,primary_school,median_pt_car_ratio,6.0000
10046114,wd_pm,primary_school,median_pt_minutes,50.0000
10046114,wd_pm,primary_school,share_within_30,0.3334
10046114,wd_pm,primary_school,share_within_60,0.6927
10046114,wd_pm,rail_station,median_pt_car_ratio,5.3330
10046114,wd_pm,rail_station,median_pt_minutes,58.0000
10046114,wd_pm,rail_station,share_within_30,0.2429
10046114,wd_pm,rail_station,share_within_60,0.5260
10046114,wd_pm,secondary_school,median_pt_car_ratio,6.7500
10046114,wd_pm,secondary_school,median_pt_minutes,63.0000
10046114,wd_pm,secondary_school,share_within_30,0.1082
10046114,wd_pm,secondary_school,share_within_60,0.4645
10046114,wd_pm,supermarket,median_pt_car_ratio,6.1430
10046114,wd_pm,supermarket,median_pt_minutes,41.0000
10046114,wd_pm,supermarket,share_within_30,0.4561
10046114,wd_pm,supermarket,share_within_60,0.7355
10046115,car,30,mean_reachable_population_car,251704.0000
10046115,car,45,mean_reachable_population_car,982247.0000
10046115,car,60,mean_reachable_population_car,1399475.0000
10046115,car,gp,median_car_minutes,7.0000
10046115,car,gp_strict,median_car_minutes,18.0000
10046115,car,hospital,median_car_minutes,20.0000
10046115,car,pharmacy,median_car_minutes,3.0000
10046115,car,primary_school,median_car_minutes,7.0000
10046115,car,rail_station,median_car_minutes,16.0000
10046115,car,secondary_school,median_car_minutes,12.0000
10046115,car,supermarket,median_car_minutes,3.0000
10046115,su_am,30,mean_reachable_population_pt,1562.0000
10046115,su_am,45,mean_reachable_population_pt,1787.0000
10046115,su_am,60,mean_reachable_population_pt,2763.0000
10046115,su_am,gp,median_pt_car_ratio,8.6670
10046115,su_am,gp,median_pt_minutes,75.0000
10046115,su_am,gp,share_within_30,0.3498
10046115,su_am,gp,share_within_60,0.3990
10046115,su_am,gp_strict,median_pt_car_ratio,7.0630
10046115,su_am,gp_strict,median_pt_minutes,116.0000
10046115,su_am,gp_strict,share_within_30,0.0000
10046115,su_am,gp_strict,share_within_60,0.0000
10046115,su_am,hospital,median_pt_car_ratio,
10046115,su_am,hospital,median_pt_minutes,
10046115,su_am,hospital,share_within_30,0.0000
10046115,su_am,hospital,share_within_60,0.0000
10046115,su_am,pharmacy,median_pt_car_ratio,8.0000
10046115,su_am,pharmacy,median_pt_minutes,25.0000
10046115,su_am,pharmacy,share_within_30,0.6052
10046115,su_am,pharmacy,share_within_60,0.6540
10046115,su_am,primary_school,median_pt_car_ratio,7.6670
10046115,su_am,primary_school,median_pt_minutes,56.0000
10046115,su_am,primary_school,share_within_30,0.2442
10046115,su_am,primary_school,share_within_60,0.5480
10046115,su_am,rail_station,median_pt_car_ratio,5.6880
10046115,su_am,rail_station,median_pt_minutes,100.0000
10046115,su_am,rail_station,share_within_30,0.0000
10046115,su_am,rail_station,share_within_60,0.0604
10046115,su_am,secondary_school,median_pt_car_ratio,7.7330
10046115,su_am,secondary_school,median_pt_minutes,91.0000
10046115,su_am,secondary_school,share_within_30,0.0000
10046115,su_am,secondary_school,share_within_60,0.0000
10046115,su_am,supermarket,median_pt_car_ratio,5.0000
10046115,su_am,supermarket,median_pt_minutes,17.0000
10046115,su_am,supermarket,share_within_30,0.6284
10046115,su_am,supermarket,share_within_60,0.7134
10046115,wd_am,30,mean_reachable_population_pt,1648.0000
10046115,wd_am,45,mean_reachable_population_pt,3651.0000
10046115,wd_am,60,mean_reachable_population_pt,10291.0000
10046115,wd_am,gp,median_pt_car_ratio,6.0000
10046115,wd_am,gp,median_pt_minutes,45.0000
10046115,wd_am,gp,share_within_30,0.3498
10046115,wd_am,gp,share_within_60,0.9896
10046115,wd_am,gp_strict,median_pt_car_ratio,5.1670
10046115,wd_am,gp_strict,median_pt_minutes,92.0000
10046115,wd_am,gp_strict,share_within_30,0.0000
10046115,wd_am,gp_strict,share_within_60,0.0000
10046115,wd_am,hospital,median_pt_car_ratio,4.9500
10046115,wd_am,hospital,median_pt_minutes,96.0000
10046115,wd_am,hospital,share_within_30,0.0000
10046115,wd_am,hospital,share_within_60,0.0000
10046115,wd_am,pharmacy,median_pt_car_ratio,6.1670
10046115,wd_am,pharmacy,median_pt_minutes,25.0000
10046115,wd_am,pharmacy,share_within_30,0.6116
10046115,wd_am,pharmacy,share_within_60,0.9900
10046115,wd_am,primary_school,median_pt_car_ratio,5.4440
10046115,wd_am,primary_school,median_pt_minutes,47.0000
10046115,wd_am,primary_school,share_within_30,0.2442
10046115,wd_am,primary_school,share_within_60,0.9443
10046115,wd_am,rail_station,median_pt_car_ratio,4.1180
10046115,wd_am,rail_station,median_pt_minutes,70.0000
10046115,wd_am,rail_station,share_within_30,0.0000
10046115,wd_am,rail_station,share_within_60,0.3974
10046115,wd_am,secondary_school,median_pt_car_ratio,5.1000
10046115,wd_am,secondary_school,median_pt_minutes,62.0000
10046115,wd_am,secondary_school,share_within_30,0.0000
10046115,wd_am,secondary_school,share_within_60,0.4504
10046115,wd_am,supermarket,median_pt_car_ratio,5.0000
10046115,wd_am,supermarket,median_pt_minutes,16.0000
10046115,wd_am,supermarket,share_within_30,0.6384
10046115,wd_am,supermarket,share_within_60,0.9900
10046115,wd_pm,30,mean_reachable_population_pt,1562.0000
10046115,wd_pm,45,mean_reachable_population_pt,2436.0000
10046115,wd_pm,60,mean_reachable_population_pt,6952.0000
10046115,wd_pm,gp,median_pt_car_ratio,7.2500
10046115,wd_pm,gp,median_pt_minutes,50.0000
10046115,wd_pm,gp,share_within_30,0.3498
10046115,wd_pm,gp,share_within_60,0.7134
10046115,wd_pm,gp_strict,median_pt_car_ratio,5.4380
10046115,wd_pm,gp_strict,median_pt_minutes,93.0000
10046115,wd_pm,gp_strict,share_within_30,0.0000
10046115,wd_pm,gp_strict,share_within_60,0.0000
10046115,wd_pm,hospital,median_pt_car_ratio,6.5290
10046115,wd_pm,hospital,median_pt_minutes,111.0000
10046115,wd_pm,hospital,share_within_30,0.0000
10046115,wd_pm,hospital,share_within_60,0.0000
10046115,wd_pm,pharmacy,median_pt_car_ratio,7.3330
10046115,wd_pm,pharmacy,median_pt_minutes,25.0000
10046115,wd_pm,pharmacy,share_within_30,0.6052
10046115,wd_pm,pharmacy,share_within_60,0.7137
10046115,wd_pm,primary_school,median_pt_car_ratio,7.0000
10046115,wd_pm,primary_school,median_pt_minutes,52.0000
10046115,wd_pm,primary_school,share_within_30,0.2442
10046115,wd_pm,primary_school,share_within_60,0.6768
10046115,wd_pm,rail_station,median_pt_car_ratio,4.2940
10046115,wd_pm,rail_station,median_pt_minutes,70.0000
10046115,wd_pm,rail_station,share_within_30,0.0000
10046115,wd_pm,rail_station,share_within_60,0.2778
10046115,wd_pm,secondary_school,median_pt_car_ratio,5.1540
10046115,wd_pm,secondary_school,median_pt_minutes,61.0000
10046115,wd_pm,secondary_school,share_within_30,0.0000
10046115,wd_pm,secondary_school,share_within_60,0.4037
10046115,wd_pm,supermarket,median_pt_car_ratio,5.0000
10046115,wd_pm,supermarket,median_pt_minutes,17.0000
10046115,wd_pm,supermarket,share_within_30,0.6284
10046115,wd_pm,supermarket,share_within_60,0.7137
10046116,car,30,mean_reachable_population_car,233678.0000
10046116,car,45,mean_reachable_population_car,806686.0000
10046116,car,60,mean_reachable_population_car,1340238.0000
10046116,car,gp,median_car_minutes,3.0000
10046116,car,gp_strict,median_car_minutes,16.0000
10046116,car,hospital,median_car_minutes,22.0000
10046116,car,pharmacy,median_car_minutes,3.0000
10046116,car,primary_school,median_car_minutes,5.0000
10046116,car,rail_station,median_car_minutes,8.0000
10046116,car,secondary_school,median_car_minutes,12.0000
10046116,car,supermarket,median_car_minutes,4.0000
10046116,su_am,30,mean_reachable_population_pt,3707.0000
10046116,su_am,45,mean_reachable_population_pt,3845.0000
10046116,su_am,60,mean_reachable_population_pt,5547.0000
10046116,su_am,gp,median_pt_car_ratio,4.6670
10046116,su_am,gp,median_pt_minutes,22.0000
10046116,su_am,gp,share_within_30,0.8692
10046116,su_am,gp,share_within_60,0.8692
10046116,su_am,gp_strict,median_pt_car_ratio,5.4670
10046116,su_am,gp_strict,median_pt_minutes,91.0000
10046116,su_am,gp_strict,share_within_30,0.0000
10046116,su_am,gp_strict,share_within_60,0.0000
10046116,su_am,hospital,median_pt_car_ratio,5.0000
10046116,su_am,hospital,median_pt_minutes,109.0000
10046116,su_am,hospital,share_within_30,0.0000
10046116,su_am,hospital,share_within_60,0.0000
10046116,su_am,pharmacy,median_pt_car_ratio,4.6670
10046116,su_am,pharmacy,median_pt_minutes,22.0000
10046116,su_am,pharmacy,share_within_30,0.7600
10046116,su_am,pharmacy,share_within_60,0.7600
10046116,su_am,primary_school,median_pt_car_ratio,5.0000
10046116,su_am,primary_school,median_pt_minutes,20.0000
10046116,su_am,primary_school,share_within_30,0.6723
10046116,su_am,primary_school,share_within_60,0.7490
10046116,su_am,rail_station,median_pt_car_ratio,7.7780
10046116,su_am,rail_station,median_pt_minutes,70.0000
10046116,su_am,rail_station,share_within_30,0.0000
10046116,su_am,rail_station,share_within_60,0.1401
10046116,su_am,secondary_school,median_pt_car_ratio,6.6360
10046116,su_am,secondary_school,median_pt_minutes,82.0000
10046116,su_am,secondary_school,share_within_30,0.0000
10046116,su_am,secondary_school,share_within_60,0.0000
10046116,su_am,supermarket,median_pt_car_ratio,4.0000
10046116,su_am,supermarket,median_pt_minutes,22.0000
10046116,su_am,supermarket,share_within_30,0.7630
10046116,su_am,supermarket,share_within_60,0.7630
10046116,wd_am,30,mean_reachable_population_pt,4706.0000
10046116,wd_am,45,mean_reachable_population_pt,9910.0000
10046116,wd_am,60,mean_reachable_population_pt,23121.0000
10046116,wd_am,gp,median_pt_car_ratio,4.6670
10046116,wd_am,gp,median_pt_minutes,22.0000
10046116,wd_am,gp,share_within_30,0.8692
10046116,wd_am,gp,share_within_60,0.9995
10046116,wd_am,gp_strict,median_pt_car_ratio,3.8820
10046116,wd_am,gp_strict,median_pt_minutes,67.0000
10046116,wd_am,gp_strict,share_within_30,0.0000
10046116,wd_am,gp_strict,share_within_60,0.2602
10046116,wd_am,hospital,median_pt_car_ratio,2.8700
10046116,wd_am,hospital,median_pt_minutes,66.0000
10046116,wd_am,hospital,share_within_30,0.0000
10046116,wd_am,hospital,share_within_60,0.2909
10046116,wd_am,pharmacy,median_pt_car_ratio,4.6670
10046116,wd_am,pharmacy,median_pt_minutes,22.0000
10046116,wd_am,pharmacy,share_within_30,0.7600
10046116,wd_am,pharmacy,share_within_60,0.9995
10046116,wd_am,primary_school,median_pt_car_ratio,5.0000
10046116,wd_am,primary_school,median_pt_minutes,20.0000
10046116,wd_am,primary_school,share_within_30,0.6723
10046116,wd_am,primary_school,share_within_60,0.9970
10046116,wd_am,rail_station,median_pt_car_ratio,4.7780
10046116,wd_am,rail_station,median_pt_minutes,44.0000
10046116,wd_am,rail_station,share_within_30,0.0000
10046116,wd_am,rail_station,share_within_60,0.7884
10046116,wd_am,secondary_school,median_pt_car_ratio,3.8460
10046116,wd_am,secondary_school,median_pt_minutes,50.0000
10046116,wd_am,secondary_school,share_within_30,0.0000
10046116,wd_am,secondary_school,share_within_60,0.7600
10046116,wd_am,supermarket,median_pt_car_ratio,4.0000
10046116,wd_am,supermarket,median_pt_minutes,22.0000
10046116,wd_am,supermarket,share_within_30,0.7630
10046116,wd_am,supermarket,share_within_60,0.9995
10046116,wd_pm,30,mean_reachable_population_pt,3707.0000
10046116,wd_pm,45,mean_reachable_population_pt,4703.0000
10046116,wd_pm,60,mean_reachable_population_pt,10864.0000
10046116,wd_pm,gp,median_pt_car_ratio,4.6670
10046116,wd_pm,gp,median_pt_minutes,22.0000
10046116,wd_pm,gp,share_within_30,0.8692
10046116,wd_pm,gp,share_within_60,0.8692
10046116,wd_pm,gp_strict,median_pt_car_ratio,4.5290
10046116,wd_pm,gp_strict,median_pt_minutes,77.0000
10046116,wd_pm,gp_strict,share_within_30,0.0000
10046116,wd_pm,gp_strict,share_within_60,0.0000
10046116,wd_pm,hospital,median_pt_car_ratio,4.2000
10046116,wd_pm,hospital,median_pt_minutes,95.0000
10046116,wd_pm,hospital,share_within_30,0.0000
10046116,wd_pm,hospital,share_within_60,0.0000
10046116,wd_pm,pharmacy,median_pt_car_ratio,4.6670
10046116,wd_pm,pharmacy,median_pt_minutes,22.0000
10046116,wd_pm,pharmacy,share_within_30,0.7600
10046116,wd_pm,pharmacy,share_within_60,0.7600
10046116,wd_pm,primary_school,median_pt_car_ratio,5.0000
10046116,wd_pm,primary_school,median_pt_minutes,20.0000
10046116,wd_pm,primary_school,share_within_30,0.6723
10046116,wd_pm,primary_school,share_within_60,0.7600
10046116,wd_pm,rail_station,median_pt_car_ratio,6.6670
10046116,wd_pm,rail_station,median_pt_minutes,60.0000
10046116,wd_pm,rail_station,share_within_30,0.0000
10046116,wd_pm,rail_station,share_within_60,0.5667
10046116,wd_pm,secondary_school,median_pt_car_ratio,5.3640
10046116,wd_pm,secondary_school,median_pt_minutes,67.0000
10046116,wd_pm,secondary_school,share_within_30,0.0000
10046116,wd_pm,secondary_school,share_within_60,0.3103
10046116,wd_pm,supermarket,median_pt_car_ratio,4.0000
10046116,wd_pm,supermarket,median_pt_minutes,22.0000
10046116,wd_pm,supermarket,share_within_30,0.7630
10046116,wd_pm,supermarket,share_within_60,0.7630
10046117,car,30,mean_reachable_population_car,273610.0000
10046117,car,45,mean_reachable_population_car,826879.0000
10046117,car,60,mean_reachable_population_car,1295494.0000
10046117,car,gp,median_car_minutes,4.0000
10046117,car,gp_strict,median_car_minutes,12.0000
10046117,car,hospital,median_car_minutes,15.0000
10046117,car,pharmacy,median_car_minutes,4.0000
10046117,car,primary_school,median_car_minutes,5.0000
10046117,car,rail_station,median_car_minutes,7.0000
10046117,car,secondary_school,median_car_minutes,7.0000
10046117,car,supermarket,median_car_minutes,4.0000
10046117,su_am,30,mean_reachable_population_pt,5291.0000
10046117,su_am,45,mean_reachable_population_pt,6452.0000
10046117,su_am,60,mean_reachable_population_pt,18050.0000
10046117,su_am,gp,median_pt_car_ratio,6.0000
10046117,su_am,gp,median_pt_minutes,17.0000
10046117,su_am,gp,share_within_30,0.5902
10046117,su_am,gp,share_within_60,0.8025
10046117,su_am,gp_strict,median_pt_car_ratio,5.8000
10046117,su_am,gp_strict,median_pt_minutes,55.0000
10046117,su_am,gp_strict,share_within_30,0.0134
10046117,su_am,gp_strict,share_within_60,0.5598
10046117,su_am,hospital,median_pt_car_ratio,5.0000
10046117,su_am,hospital,median_pt_minutes,71.0000
10046117,su_am,hospital,share_within_30,0.2010
10046117,su_am,hospital,share_within_60,0.2010
10046117,su_am,pharmacy,median_pt_car_ratio,4.0000
10046117,su_am,pharmacy,median_pt_minutes,13.0000
10046117,su_am,pharmacy,share_within_30,0.7509
10046117,su_am,pharmacy,share_within_60,0.8511
10046117,su_am,primary_school,median_pt_car_ratio,4.1430
10046117,su_am,primary_school,median_pt_minutes,19.0000
10046117,su_am,primary_school,share_within_30,0.6828
10046117,su_am,primary_school,share_within_60,0.8587
10046117,su_am,rail_station,median_pt_car_ratio,4.0000
10046117,su_am,rail_station,median_pt_minutes,23.0000
10046117,su_am,rail_station,share_within_30,0.5807
10046117,su_am,rail_station,share_within_60,0.7269
10046117,su_am,secondary_school,median_pt_car_ratio,5.2500
10046117,su_am,secondary_school,median_pt_minutes,45.0000
10046117,su_am,secondary_school,share_within_30,0.4288
10046117,su_am,secondary_school,share_within_60,0.6609
10046117,su_am,supermarket,median_pt_car_ratio,4.3330
10046117,su_am,supermarket,median_pt_minutes,13.0000
10046117,su_am,supermarket,share_within_30,0.7597
10046117,su_am,supermarket,share_within_60,0.8666
10046117,wd_am,30,mean_reachable_population_pt,6484.0000
10046117,wd_am,45,mean_reachable_population_pt,19806.0000
10046117,wd_am,60,mean_reachable_population_pt,54363.0000
10046117,wd_am,gp,median_pt_car_ratio,5.0000
10046117,wd_am,gp,median_pt_minutes,17.0000
10046117,wd_am,gp,share_within_30,0.6766
10046117,wd_am,gp,share_within_60,0.9398
10046117,wd_am,gp_strict,median_pt_car_ratio,3.8330
10046117,wd_am,gp_strict,median_pt_minutes,41.0000
10046117,wd_am,gp_strict,share_within_30,0.1045
10046117,wd_am,gp_strict,share_within_60,0.8358
10046117,wd_am,hospital,median_pt_car_ratio,3.0590
10046117,wd_am,hospital,median_pt_minutes,50.0000
10046117,wd_am,hospital,share_within_30,0.2010
10046117,wd_am,hospital,share_within_60,0.7520
10046117,wd_am,pharmacy,median_pt_car_ratio,4.0000
10046117,wd_am,pharmacy,median_pt_minutes,13.0000
10046117,wd_am,pharmacy,share_within_30,0.8260
10046117,wd_am,pharmacy,share_within_60,0.9991
10046117,wd_am,primary_school,median_pt_car_ratio,4.0000
10046117,wd_am,primary_school,median_pt_minutes,19.0000
10046117,wd_am,primary_school,share_within_30,0.6828
10046117,wd_am,primary_school,share_within_60,0.9947
10046117,wd_am,rail_station,median_pt_car_ratio,3.6000
10046117,wd_am,rail_station,median_pt_minutes,23.0000
10046117,wd_am,rail_station,share_within_30,0.6498
10046117,wd_am,rail_station,share_within_60,0.9284
10046117,wd_am,secondary_school,median_pt_car_ratio,4.0000
10046117,wd_am,secondary_school,median_pt_minutes,32.0000
10046117,wd_am,secondary_school,share_within_30,0.4900
10046117,wd_am,secondary_school,share_within_60,0.9163
10046117,wd_am,supermarket,median_pt_car_ratio,4.3330
10046117,wd_am,supermarket,median_pt_minutes,13.0000
10046117,wd_am,supermarket,share_within_30,0.8034
10046117,wd_am,supermarket,share_within_60,0.9994
10046117,wd_pm,30,mean_reachable_population_pt,5430.0000
10046117,wd_pm,45,mean_reachable_population_pt,11871.0000
10046117,wd_pm,60,mean_reachable_population_pt,36216.0000
10046117,wd_pm,gp,median_pt_car_ratio,5.3330
10046117,wd_pm,gp,median_pt_minutes,17.0000
10046117,wd_pm,gp,share_within_30,0.6392
10046117,wd_pm,gp,share_within_60,0.8036
10046117,wd_pm,gp_strict,median_pt_car_ratio,4.1820
10046117,wd_pm,gp_strict,median_pt_minutes,43.0000
10046117,wd_pm,gp_strict,share_within_30,0.0475
10046117,wd_pm,gp_strict,share_within_60,0.6769
10046117,wd_pm,hospital,median_pt_car_ratio,4.0770
10046117,wd_pm,hospital,median_pt_minutes,62.0000
10046117,wd_pm,hospital,share_within_30,0.2010
10046117,wd_pm,hospital,share_within_60,0.4737
10046117,wd_pm,pharmacy,median_pt_car_ratio,4.0000
10046117,wd_pm,pharmacy,median_pt_minutes,13.0000
10046117,wd_pm,pharmacy,share_within_30,0.7942
10046117,wd_pm,pharmacy,share_within_60,0.8543
10046117,wd_pm,primary_school,median_pt_car_ratio,4.1430
10046117,wd_pm,primary_school,median_pt_minutes,19.0000
10046117,wd_pm,primary_school,share_within_30,0.6830
10046117,wd_pm,primary_school,share_within_60,0.8597
10046117,wd_pm,rail_station,median_pt_car_ratio,3.8750
10046117,wd_pm,rail_station,median_pt_minutes,21.0000
10046117,wd_pm,rail_station,share_within_30,0.5975
10046117,wd_pm,rail_station,share_within_60,0.7805
10046117,wd_pm,secondary_school,median_pt_car_ratio,4.4000
10046117,wd_pm,secondary_school,median_pt_minutes,33.0000
10046117,wd_pm,secondary_school,share_within_30,0.4900
10046117,wd_pm,secondary_school,share_within_60,0.7701
10046117,wd_pm,supermarket,median_pt_car_ratio,4.3330
10046117,wd_pm,supermarket,median_pt_minutes,13.0000
10046117,wd_pm,supermarket,share_within_30,0.7597
10046117,wd_pm,supermarket,share_within_60,0.8688
10046118,car,30,mean_reachable_population_car,368721.0000
10046118,car,45,mean_reachable_population_car,1065855.0000
10046118,car,60,mean_reachable_population_car,1406793.0000
10046118,car,gp,median_car_minutes,7.0000
10046118,car,gp_strict,median_car_minutes,13.0000
10046118,car,hospital,median_car_minutes,22.0000
10046118,car,pharmacy,median_car_minutes,3.0000
10046118,car,primary_school,median_car_minutes,6.0000
10046118,car,rail_station,median_car_minutes,14.0000
10046118,car,secondary_school,median_car_minutes,9.0000
10046118,car,supermarket,median_car_minutes,4.0000
10046118,su_am,30,mean_reachable_population_pt,2560.0000
10046118,su_am,45,mean_reachable_population_pt,3410.0000
10046118,su_am,60,mean_reachable_population_pt,6361.0000
10046118,su_am,gp,median_pt_car_ratio,6.6670
10046118,su_am,gp,median_pt_minutes,57.0000
10046118,su_am,gp,share_within_30,0.2137
10046118,su_am,gp,share_within_60,0.5640
10046118,su_am,gp_strict,median_pt_car_ratio,7.8330
10046118,su_am,gp_strict,median_pt_minutes,95.0000
10046118,su_am,gp_strict,share_within_30,0.0000
10046118,su_am,gp_strict,share_within_60,0.0000
10046118,su_am,hospital,median_pt_car_ratio,
10046118,su_am,hospital,median_pt_minutes,
10046118,su_am,hospital,share_within_30,0.0000
10046118,su_am,hospital,share_within_60,0.0000
10046118,su_am,pharmacy,median_pt_car_ratio,5.6670
10046118,su_am,pharmacy,median_pt_minutes,12.0000
10046118,su_am,pharmacy,share_within_30,0.6651
10046118,su_am,pharmacy,share_within_60,0.6772
10046118,su_am,primary_school,median_pt_car_ratio,5.7780
10046118,su_am,primary_school,median_pt_minutes,42.0000
10046118,su_am,primary_school,share_within_30,0.4809
10046118,su_am,primary_school,share_within_60,0.6727
10046118,su_am,rail_station,median_pt_car_ratio,5.5380
10046118,su_am,rail_station,median_pt_minutes,86.0000
10046118,su_am,rail_station,share_within_30,0.0000
10046118,su_am,rail_station,share_within_60,0.1721
10046118,su_am,secondary_school,median_pt_car_ratio,6.3080
10046118,su_am,secondary_school,median_pt_minutes,78.0000
10046118,su_am,secondary_school,share_within_30,0.2641
10046118,su_am,secondary_school,share_within_60,0.4494
10046118,su_am,supermarket,median_pt_car_ratio,4.0000
10046118,su_am,supermarket,median_pt_minutes,13.0000
10046118,su_am,supermarket,share_within_30,0.6778
10046118,su_am,supermarket,share_within_60,0.6857
10046118,wd_am,30,mean_reachable_population_pt,2894.0000
10046118,wd_am,45,mean_reachable_population_pt,8819.0000
10046118,wd_am,60,mean_reachable_population_pt,21931.0000
10046118,wd_am,gp,median_pt_car_ratio,5.0000
10046118,wd_am,gp,median_pt_minutes,40.0000
10046118,wd_am,gp,share_within_30,0.2137
10046118,wd_am,gp,share_within_60,0.8589
10046118,wd_am,gp_strict,median_pt_car_ratio,5.4550
10046118,wd_am,gp_strict,median_pt_minutes,67.0000
10046118,wd_am,gp_strict,share_within_30,0.0000
10046118,wd_am,gp_strict,share_within_60,0.1430
10046118,wd_am,hospital,median_pt_car_ratio,3.9200
10046118,wd_am,hospital,median_pt_minutes,91.0000
10046118,wd_am,hospital,share_within_30,0.0000
10046118,wd_am,hospital,share_within_60,0.0000
10046118,wd_am,pharmacy,median_pt_car_ratio,5.0000
10046118,wd_am,pharmacy,median_pt_minutes,12.0000
10046118,wd_am,pharmacy,share_within_30,0.7264
10046118,wd_am,pharmacy,share_within_60,0.9835
10046118,wd_am,primary_school,median_pt_car_ratio,4.5000
10046118,wd_am,primary_school,median_pt_minutes,35.0000
10046118,wd_am,primary_school,share_within_30,0.4809
10046118,wd_am,primary_school,share_within_60,0.9487
10046118,wd_am,rail_station,median_pt_car_ratio,4.0560
10046118,wd_am,rail_station,median_pt_minutes,56.0000
10046118,wd_am,rail_station,share_within_30,0.0000
10046118,wd_am,rail_station,share_within_60,0.6181
10046118,wd_am,secondary_school,median_pt_car_ratio,3.7780
10046118,wd_am,secondary_school,median_pt_minutes,38.0000
10046118,wd_am,secondary_school,share_within_30,0.3015
10046118,wd_am,secondary_school,share_within_60,0.8525
10046118,wd_am,supermarket,median_pt_car_ratio,4.0000
10046118,wd_am,supermarket,median_pt_minutes,13.0000
10046118,wd_am,supermarket,share_within_30,0.6778
10046118,wd_am,supermarket,share_within_60,0.9602
10046118,wd_pm,30,mean_reachable_population_pt,2667.0000
10046118,wd_pm,45,mean_reachable_population_pt,3709.0000
10046118,wd_pm,60,mean_reachable_population_pt,7620.0000
10046118,wd_pm,gp,median_pt_car_ratio,9.8330
10046118,wd_pm,gp,median_pt_minutes,62.0000
10046118,wd_pm,gp,share_within_30,0.2137
10046118,wd_pm,gp,share_within_60,0.4984
10046118,wd_pm,gp_strict,median_pt_car_ratio,8.1670
10046118,wd_pm,gp_strict,median_pt_minutes,102.0000
10046118,wd_pm,gp_strict,share_within_30,0.0000
10046118,wd_pm,gp_strict,share_within_60,0.1304
10046118,wd_pm,hospital,median_pt_car_ratio,
10046118,wd_pm,hospital,median_pt_minutes,
10046118,wd_pm,hospital,share_within_30,0.0000
10046118,wd_pm,hospital,share_within_60,0.0000
10046118,wd_pm,pharmacy,median_pt_car_ratio,5.6670
10046118,wd_pm,pharmacy,median_pt_minutes,12.0000
10046118,wd_pm,pharmacy,share_within_30,0.6651
10046118,wd_pm,pharmacy,share_within_60,0.8214
10046118,wd_pm,primary_school,median_pt_car_ratio,6.3330
10046118,wd_pm,primary_school,median_pt_minutes,50.0000
10046118,wd_pm,primary_school,share_within_30,0.4809
10046118,wd_pm,primary_school,share_within_60,0.6106
10046118,wd_pm,rail_station,median_pt_car_ratio,6.9230
10046118,wd_pm,rail_station,median_pt_minutes,94.0000
10046118,wd_pm,rail_station,share_within_30,0.0000
10046118,wd_pm,rail_station,share_within_60,0.2575
10046118,wd_pm,secondary_school,median_pt_car_ratio,5.5710
10046118,wd_pm,secondary_school,median_pt_minutes,61.0000
10046118,wd_pm,secondary_school,share_within_30,0.2641
10046118,wd_pm,secondary_school,share_within_60,0.4998
10046118,wd_pm,supermarket,median_pt_car_ratio,4.0000
10046118,wd_pm,supermarket,median_pt_minutes,13.0000
10046118,wd_pm,supermarket,share_within_30,0.6778
10046118,wd_pm,supermarket,share_within_60,0.8335
