{"type":"FeatureCollection","features":[{"type":"Feature","geometry":{"type":"Polygon","coordinates":[[[7.07843,49.409],[7.0922,49.40936],[7.09167,49.41835],[7.0779,49.41799],[7.07843,49.409]]]},"properties":{"id":"CRS3035RES1kmN2926000E4109000","pop":10,"ags":"10046112","t_wd_pm_supermarket":57,"t_wd_pm_gp":61,"t_wd_pm_primary_school":71,"t_wd_pm_rail_station":63,"t_wd_pm_pharmacy":59,"t_wd_pm_secondary_school":58,"t_wd_am_primary_school":55,"t_wd_am_rail_station":53,"t_wd_am_supermarket":52,"t_wd_am_hospital":null,"t_wd_am_gp":55,"t_wd_am_pharmacy":40,"t_wd_am_secondary_school":76,"t_su_am_primary_school":71,"t_su_am_rail_station":63,"t_su_am_supermarket":63,"t_su_am_gp":61,"t_su_am_pharmacy":60,"t_su_am_secondary_school":58,"t_wd_pm_hospital":null,"t_su_am_hospital":null,"c_gp":8,"c_hospital":25,"c_pharmacy":6,"c_primary_school":12,"c_rail_station":11,"c_secondary_school":13,"c_supermarket":10,"p30_wd_am":1463,"p45_wd_am":6072,"p60_wd_am":11273,"p30_wd_pm":1463,"p45_wd_pm":4090,"p60_wd_pm":6506,"p30_su_am":1463,"p45_su_am":4090,"p60_su_am":5517,"pc30":118166,"pc45":169758,"pc60":181487}},{"type":"Feature","geometry":{"type":"Polygon","coordinates":[[[7.06412,49.41763],[7.0779,49.41799],[7.07736,49.42697],[7.06358,49.42662],[7.06412,49.41763]]]},"properties":{"id":"CRS3035RES1kmN2927000E4108000","pop":366,"ags":"10046112","t_wd_pm_supermarket":56,"t_wd_pm_gp":11,"t_wd_pm_primary_school":58,"t_wd_pm_rail_station":74,"t_wd_pm_pharmacy":11,"t_wd_pm_secondary_school":60,"t_wd_am_primary_school":26,"t_wd_am_rail_station":63,"t_wd_am_supermarket":27,"t_wd_am_hospital":91,"t_wd_am_gp":11,"t_wd_am_pharmacy":11,"t_wd_am_secondary_school":27,"t_su_am_primary_school":58,"t_su_am_rail_station":74,"t_su_am_supermarket":56,"t_su_am_gp":11,"t_su_am_pharmacy":11,"t_su_am_secondary_school":60,"t_wd_pm_hospital":null,"t_su_am_hospital":null,"c_gp":2,"c_hospital":20,"c_pharmacy":2,"c_primary_school":7,"c_rail_station":11,"c_secondary_school":7,"c_supermarket":6,"p30_wd_am":4992,"p45_wd_am":10025,"p60_wd_am":22214,"p30_wd_pm":2590,"p45_wd_pm":2590,"p60_wd_pm":6505,"p30_su_am":2590,"p45_su_am":2590,"p60_su_am":4992,"pc30":140743,"pc45":177544,"pc60":183743}},{"type":"Feature","geometry":{"type":"Polygon","coordinates":[[[7.0779,49.41799],[7.09167,49.41835],[7.09113,49.42733],[7.07736,49.42697],[7.0779,49.41799]]]},"properties":{"id":"CRS3035RES1kmN2927000E4109000","pop":174,"ags":"10046112","t_wd_pm_supermarket":56,"t_wd_pm_gp":9,"t_wd_pm_primary_school":58,"t_wd_pm_rail_station":74,"t_wd_pm_pharmacy":9,"t_wd_pm_secondary_school":60,"t_wd_am_primary_school":24,"t_wd_am_rail_station":61,"t_wd_am_supermarket":24,"t_wd_am_hospital":91,"t_wd_am_gp":9,"t_wd_am_pharmacy":9,"t_wd_am_secondary_school":25,"t_su_am_primary_school":58,"t_su_am_rail_station":74,"t_su_am_supermarket":56,"t_su_am_gp":9,"t_su_am_pharmacy":9,"t_su_am_secondary_school":60,"t_wd_pm_hospital":null,"t_su_am_hospital":null,"c_gp":4,"c_hospital":21,"c_pharmacy":4,"c_primary_school":8,"c_rail_station":13,"c_secondary_school":9,"c_supermarket":8,"p30_wd_am":5847,"p45_wd_am":10540,"p60_wd_am":24077,"p30_wd_pm":2597,"p45_wd_pm":2597,"p60_wd_pm":6512,"p30_su_am":2597,"p45_su_am":2597,"p60_su_am":4999,"pc30":135530,"pc45":177032,"pc60":183519}},{"type":"Feature","geometry":{"type":"Polygon","coordinates":[[[7.14675,49.41975],[7.16052,49.4201],[7.16,49.42909],[7.14622,49.42874],[7.14675,49.41975]]]},"properties":{"id":"CRS3035RES1kmN2927000E4114000","pop":63,"ags":"10046117","t_wd_pm_supermarket":40,"t_wd_pm_gp":37,"t_wd_pm_primary_school":43,"t_wd_pm_rail_station":14,"t_wd_pm_pharmacy":18,"t_wd_pm_secondary_school":47,"t_wd_am_primary_school":34,"t_wd_am_rail_station":14,"t_wd_am_supermarket":32,"t_wd_am_hospital":60,"t_wd_am_gp":29,"t_wd_am_pharmacy":18,"t_wd_am_secondary_school":39,"t_su_am_primary_school":47,"t_su_am_rail_station":14,"t_su_am_supermarket":40,"t_su_am_gp":37,"t_su_am_pharmacy":18,"t_su_am_secondary_school":47,"t_wd_pm_hospital":null,"t_su_am_hospital":null,"c_gp":9,"c_hospital":18,"c_pharmacy":7,"c_primary_school":10,"c_rail_station":8,"c_secondary_school":11,"c_supermarket":9,"p30_wd_am":1957,"p45_wd_am":13691,"p60_wd_am":31804,"p30_wd_pm":1957,"p45_wd_pm":9741,"p60_wd_pm":28579,"p30_su_am":1957,"p45_su_am":5525,"p60_su_am":12793,"pc30":116524,"pc45":167099,"pc60":181198}},{"type":"Feature","geometry":{"type":"Polygon","coordinates":[[[7.16052,49.4201],[7.17429,49.42045],[7.17377,49.42943],[7.16,49.42909],[7.16052,49.4201]]]},"properties":{"id":"CRS3035RES1kmN2927000E4115000","pop":110,"ags":"10046117","t_wd_pm_supermarket":36,"t_wd_pm_gp":33,"t_wd_pm_primary_school":38,"t_wd_pm_rail_station":9,"t_wd_pm_pharmacy":12,"t_wd_pm_secondary_school":43,"t_wd_am_primary_school":29,"t_wd_am_rail_station":9,"t_wd_am_supermarket":30,"t_wd_am_hospital":60,"t_wd_am_gp":27,"t_wd_am_pharmacy":12,"t_wd_am_secondary_school":37,"t_su_am_primary_school":47,"t_su_am_rail_station":9,"t_su_am_supermarket":40,"t_su_am_gp":37,"t_su_am_pharmacy":12,"t_su_am_secondary_school":47,"t_wd_pm_hospital":null,"t_su_am_hospital":null,"c_gp":4,"c_hospital":14,"c_pharmacy":2,"c_primary_school":6,"c_rail_station":3,"c_secondary_school":6,"c_supermarket":4,"p30_wd_am":1963,"p45_wd_am":14596,"p60_wd_am":34245,"p30_wd_pm":3056,"p45_wd_pm":16190,"p60_wd_pm":34128,"p30_su_am":1963,"p45_su_am":5531,"p60_su_am":12799,"pc30":134892,"pc45":175369,"pc60":182611}},{"type":"Feature","geometry":{"type":"Polygon","coordinates":[[[7.22938,49.42182],[7.24315,49.42216],[7.24265,49.43114],[7.22887,49.4308],[7.22938,49.42182]]]},"properties":{"id":"CRS3035RES1kmN2927000E4120000","pop":761,"ags":"10046117","t_wd_pm_supermarket":39,"t_wd_pm_gp":11,"t_wd_pm_primary_school":4,"t_wd_pm_rail_station":61,"t_wd_pm_pharmacy":43,"t_wd_pm_secondary_school":74,"t_wd_am_primary_school":4,"t_wd_am_rail_station":40,"t_wd_am_supermarket":41,"t_wd_am_hospital":50,"t_wd_am_gp":11,"t_wd_am_pharmacy":40,"t_wd_am_secondary_school":46,"t_su_am_primary_school":4,"t_su_am_rail_station":105,"t_su_am_supermarket":111,"t_su_am_gp":11,"t_su_am_pharmacy":110,"t_su_am_secondary_school":118,"t_wd_pm_hospital":null,"t_su_am_hospital":null,"c_gp":3,"c_hospital":17,"c_pharmacy":6,"c_primary_school":1,"c_rail_station":8,"c_secondary_school":10,"c_supermarket":6,"p30_wd_am":5310,"p45_wd_am":12233,"p60_wd_am":28840,"p30_wd_pm":1928,"p45_wd_pm":5539,"p60_wd_pm":11187,"p30_su_am":1928,"p45_su_am":2943,"p60_su_am":4926,"pc30":108407,"pc45":158280,"pc60":179195}},{"type":"Feature","geometry":{"type":"Polygon","coordinates":[[[7.02227,49.42553],[7.03604,49.42589],[7.03549,49.43488],[7.02172,49.43452],[7.02227,49.42553]]]},"properties":{"id":"CRS3035RES1kmN2928000E4105000","pop":758,"ags":"10046112","t_wd_pm_supermarket":null,"t_wd_pm_gp":null,"t_wd_pm_primary_school":null,"t_wd_pm_rail_station":null,"t_wd_pm_pharmacy":null,"t_wd_pm_secondary_school":null,"t_wd_am_primary_school":30,"t_wd_am_rail_station":33,"t_wd_am_supermarket":28,"t_wd_am_hospital":91,"t_wd_am_gp":29,"t_wd_am_pharmacy":27,"t_wd_am_secondary_school":31,"t_su_am_primary_school":null,"t_su_am_rail_station":null,"t_su_am_supermarket":null,"t_su_am_gp":null,"t_su_am_pharmacy":null,"t_su_am_secondary_school":null,"t_wd_pm_hospital":null,"t_su_am_hospital":null,"c_gp":6,"c_hospital":29,"c_pharmacy":6,"c_primary_school":8,"c_rail_station":7,"c_secondary_school":10,"c_supermarket":8,"p30_wd_am":4423,"p45_wd_am":9219,"p60_wd_am":21521,"p30_wd_pm":1025,"p45_wd_pm":2021,"p60_wd_pm":2021,"p30_su_am":1025,"p45_su_am":2021,"p60_su_am":2021,"pc30":136511,"pc45":176092,"pc60":183255}},{"type":"Feature","geometry":{"type":"Polygon","coordinates":[[[7.03604,49.42589],[7.04981,49.42626],[7.04927,49.43524],[7.03549,49.43488],[7.03604,49.42589]]]},"properties":{"id":"CRS3035RES1kmN2928000E4106000","pop":128,"ags":"10046112","t_wd_pm_supermarket":null,"t_wd_pm_gp":null,"t_wd_pm_primary_school":null,"t_wd_pm_rail_station":null,"t_wd_pm_pharmacy":null,"t_wd_pm_secondary_school":null,"t_wd_am_primary_school":23,"t_wd_am_rail_station":26,"t_wd_am_supermarket":21,"t_wd_am_hospital":91,"t_wd_am_gp":22,"t_wd_am_pharmacy":20,"t_wd_am_secondary_school":24,"t_su_am_primary_school":null,"t_su_am_rail_station":null,"t_su_am_supermarket":null,"t_su_am_gp":null,"t_su_am_pharmacy":null,"t_su_am_secondary_school":null,"t_wd_pm_hospital":null,"t_su_am_hospital":null,"c_gp":4,"c_hospital":25,"c_pharmacy":3,"c_primary_school":5,"c_rail_station":5,"c_secondary_school":5,"c_supermarket":4,"p30_wd_am":7163,"p45_wd_am":15711,"p60_wd_am":38601,"p30_wd_pm":1127,"p45_wd_pm":1127,"p60_wd_pm":1127,"p30_su_am":1127,"p45_su_am":1127,"p60_su_am":1127,"pc30":148451,"pc45":178168,"pc60":183959}},{"type":"Feature","geometry":{"type":"Polygon","coordinates":[[[7.06358,49.42662],[7.07736,49.42697],[7.07682,49.43596],[7.06304,49.4356],[7.06358,49.42662]]]},"properties":{"id":"CRS3035RES1kmN2928000E4108000","pop":1074,"ags":"10046112","t_wd_pm_supermarket":56,"t_wd_pm_gp":8,"t_wd_pm_primary_school":58,"t_wd_pm_rail_station":74,"t_wd_pm_pharmacy":8,"t_wd_pm_secondary_school":60,"t_wd_am_primary_school":22,"t_wd_am_rail_station":58,"t_wd_am_supermarket":22,"t_wd_am_hospital":91,"t_wd_am_gp":8,"t_wd_am_pharmacy":8,"t_wd_am_secondary_school":23,"t_su_am_primary_school":58,"t_su_am_rail_station":74,"t_su_am_supermarket":56,"t_su_am_gp":8,"t_su_am_pharmacy":8,"t_su_am_secondary_school":60,"t_wd_pm_hospital":null,"t_su_am_hospital":null,"c_gp":2,"c_hospital":20,"c_pharmacy":2,"c_primary_school":5,"c_rail_station":12,"c_secondary_school":6,"c_supermarket":5,"p30_wd_am":6379,"p45_wd_am":13894,"p60_wd_am":28242,"p30_wd_pm":2637,"p45_wd_pm":2637,"p60_wd_pm":6552,"p30_su_am":2637,"p45_su_am":2637,"p60_su_am":5039,"pc30":145949,"pc45":177700,"pc60":183743}},{"type":"Feature","geometry":{"type":"Polygon","coordinates":[[[7.07736,49.42697],[7.09113,49.42733],[7.09059,49.43632],[7.07682,49.43596],[7.07736,49.42697]]]},"properties":{"id":"CRS3035RES1kmN2928000E4109000","pop":841,"ags":"10046112","t_wd_pm_supermarket":56,"t_wd_pm_gp":6,"t_wd_pm_primary_school":58,"t_wd_pm_rail_station":74,"t_wd_pm_pharmacy":6,"t_wd_pm_secondary_school":60,"t_wd_am_primary_school":25,"t_wd_am_rail_station":62,"t_wd_am_supermarket":25,"t_wd_am_hospital":91,"t_wd_am_gp":6,"t_wd_am_pharmacy":6,"t_wd_am_secondary_school":26,"t_su_am_primary_school":58,"t_su_am_rail_station":74,"t_su_am_supermarket":56,"t_su_am_gp":6,"t_su_am_pharmacy":6,"t_su_am_secondary_school":60,"t_wd_pm_hospital":null,"t_su_am_hospital":null,"c_gp":5,"c_hospital":22,"c_pharmacy":5,"c_primary_school":8,"c_rail_station":14,"c_secondary_school":9,"c_supermarket":7,"p30_wd_am":5039,"p45_wd_am":10305,"p60_wd_am":22479,"p30_wd_pm":2637,"p45_wd_pm":2637,"p60_wd_pm":6552,"p30_su_am":2637,"p45_su_am":2637,"p60_su_am":5039,"pc30":133622,"pc45":176594,"pc60":183142}},{"type":"Feature","geometry":{"type":"Polygon","coordinates":[[[7.09113,49.42733],[7.1049,49.42769],[7.10437,49.43667],[7.09059,49.43632],[7.09113,49.42733]]]},"properties":{"id":"CRS3035RES1kmN2928000E4110000","pop":50,"ags":"10046112","t_wd_pm_supermarket":56,"t_wd_pm_gp":29,"t_wd_pm_primary_school":58,"t_wd_pm_rail_station":74,"t_wd_pm_pharmacy":29,"t_wd_pm_secondary_school":60,"t_wd_am_primary_school":32,"t_wd_am_rail_station":69,"t_wd_am_supermarket":33,"t_wd_am_hospital":91,"t_wd_am_gp":29,"t_wd_am_pharmacy":29,"t_wd_am_secondary_school":32,"t_su_am_primary_school":58,"t_su_am_rail_station":74,"t_su_am_supermarket":56,"t_su_am_gp":29,"t_su_am_pharmacy":29,"t_su_am_secondary_school":60,"t_wd_pm_hospital":null,"t_su_am_hospital":null,"c_gp":5,"c_hospital":18,"c_pharmacy":5,"c_primary_school":8,"c_rail_station":10,"c_secondary_school":10,"c_supermarket":8,"p30_wd_am":3372,"p45_wd_am":7850,"p60_wd_am":10978,"p30_wd_pm":2872,"p45_wd_pm":2872,"p60_wd_pm":7200,"p30_su_am":2872,"p45_su_am":2872,"p60_su_am":5321,"pc30":138272,"pc45":177374,"pc60":183764}},{"type":"Feature","geometry":{"type":"Polygon","coordinates":[[[7.11868,49.42804],[7.13245,49.42839],[7.13192,49.43738],[7.11815,49.43702],[7.11868,49.42804]]]},"properties":{"id":"CRS3035RES1kmN2928000E4112000","pop":133,"ags":"10046117","t_wd_pm_supermarket":null,"t_wd_pm_gp":null,"t_wd_pm_primary_school":30,"t_wd_pm_rail_station":null,"t_wd_pm_pharmacy":null,"t_wd_pm_secondary_school":null,"t_wd_am_primary_school":24,"t_wd_am_rail_station":33,"t_wd_am_supermarket":37,"t_wd_am_hospital":63,"t_wd_am_gp":31,"t_wd_am_pharmacy":32,"t_wd_am_secondary_school":35,"t_su_am_primary_school":30,"t_su_am_rail_station":null,"t_su_am_supermarket":null,"t_su_am_gp":null,"t_su_am_pharmacy":null,"t_su_am_secondary_school":null,"t_wd_pm_hospital":null,"t_su_am_hospital":null,"c_gp":5,"c_hospital":15,"c_pharmacy":5,"c_primary_school":4,"c_rail_station":7,"c_secondary_school":10,"c_supermarket":9,"p30_wd_am":2129,"p45_wd_am":19066,"p60_wd_am":49433,"p30_wd_pm":1157,"p45_wd_pm":1157,"p60_wd_pm":1157,"p30_su_am":1157,"p45_su_am":1157,"p60_su_am":1157,"pc30":138203,"pc45":176597,"pc60":182797}},{"type":"Feature","geometry":{"type":"Polygon","coordinates":[[[7.14622,49.42874],[7.16,49.42909],[7.15947,49.43807],[7.1457,49.43773],[7.14622,49.42874]]]},"properties":{"id":"CRS3035RES1kmN2928000E4114000","pop":779,"ags":"10046117","t_wd_pm_supermarket":33,"t_wd_pm_gp":30,"t_wd_pm_primary_school":35,"t_wd_pm_rail_station":6,"t_wd_pm_pharmacy":10,"t_wd_pm_secondary_school":40,"t_wd_am_primary_school":31,"t_wd_am_rail_station":6,"t_wd_am_supermarket":29,"t_wd_am_hospital":60,"t_wd_am_gp":26,"t_wd_am_pharmacy":10,"t_wd_am_secondary_school":36,"t_su_am_primary_school":47,"t_su_am_rail_station":6,"t_su_am_supermarket":40,"t_su_am_gp":37,"t_su_am_pharmacy":10,"t_su_am_secondary_school":47,"t_wd_pm_hospital":null,"t_su_am_hospital":null,"c_gp":5,"c_hospital":15,"c_pharmacy":3,"c_primary_school":7,"c_rail_station":4,"c_secondary_school":7,"c_supermarket":5,"p30_wd_am":1966,"p45_wd_am":14785,"p60_wd_am":34656,"p30_wd_pm":3059,"p45_wd_pm":19407,"p60_wd_pm":37448,"p30_su_am":1966,"p45_su_am":5534,"p60_su_am":12802,"pc30":130088,"pc45":174778,"pc60":182611}},{"type":"Feature","geometry":{"type":"Polygon","coordinates":[[[7.16,49.42909],[7.17377,49.42943],[7.17325,49.43842],[7.15947,49.43807],[7.16,49.42909]]]},"properties":{"id":"CRS3035RES1kmN2928000E4115000","pop":1005,"ags":"10046117","t_wd_pm_supermarket":35,"t_wd_pm_gp":32,"t_wd_pm_primary_school":37,"t_wd_pm_rail_station":8,"t_wd_pm_pharmacy":8,"t_wd_pm_secondary_school":42,"t_wd_am_primary_school":31,"t_wd_am_rail_station":8,"t_wd_am_supermarket":30,"t_wd_am_hospital":60,"t_wd_am_gp":27,"t_wd_am_pharmacy":8,"t_wd_am_secondary_school":37,"t_su_am_primary_school":47,"t_su_am_rail_station":8,"t_su_am_supermarket":40,"t_su_am_gp":37,"t_su_am_pharmacy":8,"t_su_am_secondary_school":47,"t_wd_pm_hospital":null,"t_su_am_hospital":null,"c_gp":7,"c_hospital":14,"c_pharmacy":2,"c_primary_school":8,"c_rail_station":3,"c_secondary_school":9,"c_supermarket":6,"p30_wd_am":1970,"p45_wd_am":14789,"p60_wd_am":34245,"p30_wd_pm":3063,"p45_wd_pm":16391,"p60_wd_pm":37106,"p30_su_am":1970,"p45_su_am":5538,"p60_su_am":12806,"pc30":132779,"pc45":175369,"pc60":182611}},{"type":"Feature","geometry":{"type":"Polygon","coordinates":[[[7.17377,49.42943],[7.18755,49.42978],[7.18703,49.43876],[7.17325,49.43842],[7.17377,49.42943]]]},"properties":{"id":"CRS3035RES1kmN2928000E4116000","pop":6,"ags":"10046117","t_wd_pm_supermarket":46,"t_wd_pm_gp":43,"t_wd_pm_primary_school":50,"t_wd_pm_rail_station":21,"t_wd_pm_pharmacy":20,"t_wd_pm_secondary_school":53,"t_wd_am_primary_school":40,"t_wd_am_rail_station":21,"t_wd_am_supermarket":39,"t_wd_am_hospital":65,"t_wd_am_gp":36,"t_wd_am_pharmacy":20,"t_wd_am_secondary_school":46,"t_su_am_primary_school":53,"t_su_am_rail_station":21,"t_su_am_supermarket":46,"t_su_am_gp":43,"t_su_am_pharmacy":20,"t_su_am_secondary_school":53,"t_wd_pm_hospital":null,"t_su_am_hospital":null,"c_gp":9,"c_hospital":13,"c_pharmacy":4,"c_primary_school":10,"c_rail_station":5,"c_secondary_school":11,"c_supermarket":8,"p30_wd_am":1900,"p45_wd_am":6561,"p60_wd_am":21187,"p30_wd_pm":1900,"p45_wd_pm":2993,"p60_wd_pm":19352,"p30_su_am":1900,"p45_su_am":1900,"p60_su_am":10691,"pc30":124408,"pc45":173519,"pc60":182611}},{"type":"Feature","geometry":{"type":"Polygon","coordinates":[[[7.22887,49.4308],[7.24265,49.43114],[7.24214,49.44013],[7.22836,49.43979],[7.22887,49.4308]]]},"properties":{"id":"CRS3035RES1kmN2928000E4120000","pop":382,"ags":"10046117","t_wd_pm_supermarket":31,"t_wd_pm_gp":27,"t_wd_pm_primary_school":20,"t_wd_pm_rail_station":106,"t_wd_pm_pharmacy":35,"t_wd_pm_secondary_school":119,"t_wd_am_primary_school":20,"t_wd_am_rail_station":53,"t_wd_am_supermarket":25,"t_wd_am_hospital":50,"t_wd_am_gp":27,"t_wd_am_pharmacy":31,"t_wd_am_secondary_school":49,"t_su_am_primary_school":20,"t_su_am_rail_station":111,"t_su_am_supermarket":117,"t_su_am_gp":27,"t_su_am_pharmacy":116,"t_su_am_secondary_school":null,"t_wd_pm_hospital":null,"t_su_am_hospital":null,"c_gp":5,"c_hospital":16,"c_pharmacy":6,"c_primary_school":4,"c_rail_station":9,"c_secondary_school":10,"c_supermarket":6,"p30_wd_am":3269,"p45_wd_am":6590,"p60_wd_am":26660,"p30_wd_pm":2512,"p45_wd_pm":5249,"p60_wd_pm":8318,"p30_su_am":2068,"p45_su_am":3075,"p60_su_am":4743,"pc30":109065,"pc45":158461,"pc60":179195}},{"type":"Feature","geometry":{"type":"Polygon","coordinates":[[[7.24265,49.43114],[7.25642,49.43148],[7.25591,49.44046],[7.24214,49.44013],[7.24265,49.43114]]]},"properties":{"id":"CRS3035RES1kmN2928000E4121000","pop":8,"ags":"10046117","t_wd_pm_supermarket":40,"t_wd_pm_gp":48,"t_wd_pm_primary_school":29,"t_wd_pm_rail_station":111,"t_wd_pm_pharmacy":44,"t_wd_pm_secondary_school":null,"t_wd_am_primary_school":29,"t_wd_am_rail_station":54,"t_wd_am_supermarket":50,"t_wd_am_hospital":50,"t_wd_am_gp":45,"t_wd_am_pharmacy":53,"t_wd_am_secondary_school":50,"t_su_am_primary_school":29,"t_su_am_rail_station":111,"t_su_am_supermarket":117,"t_su_am_gp":48,"t_su_am_pharmacy":116,"t_su_am_secondary_school":null,"t_wd_pm_hospital":null,"t_su_am_hospital":null,"c_gp":5,"c_hospital":17,"c_pharmacy":6,"c_primary_school":5,"c_rail_station":9,"c_secondary_school":10,"c_supermarket":5,"p30_wd_am":1175,"p45_wd_am":1888,"p60_wd_am":12558,"p30_wd_pm":1175,"p45_wd_pm":2902,"p60_wd_pm":7588,"p30_su_am":1175,"p45_su_am":1261,"p60_su_am":4117,"pc30":107631,"pc45":159221,"pc60":179195}},{"type":"Feature","geometry":{"type":"Polygon","coordinates":[[[7.02172,49.43452],[7.03549,49.43488],[7.03495,49.44386],[7.02117,49.4435],[7.02172,49.43452]]]},"properties":{"id":"CRS3035RES1kmN2929000E4105000","pop":136,"ags":"10046112","t_wd_pm_supermarket":null,"t_wd_pm_gp":null,"t_wd_pm_primary_school":null,"t_wd_pm_rail_station":null,"t_wd_pm_pharmacy":null,"t_wd_pm_secondary_school":null,"t_wd_am_primary_school":27,"t_wd_am_rail_station":30,"t_wd_am_supermarket":25,"t_wd_am_hospital":91,"t_wd_am_gp":26,"t_wd_am_pharmacy":24,"t_wd_am_secondary_school":28,"t_su_am_primary_school":null,"t_su_am_rail_station":null,"t_su_am_supermarket":null,"t_su_am_gp":null,"t_su_am_pharmacy":null,"t_su_am_secondary_school":null,"t_wd_pm_hospital":null,"t_su_am_hospital":null,"c_gp":4,"c_hospital":27,"c_pharmacy":4,"c_primary_school":6,"c_rail_station":6,"c_secondary_school":7,"c_supermarket":6,"p30_wd_am":4586,"p45_wd_am":9219,"p60_wd_am":26664,"p30_wd_pm":1028,"p45_wd_pm":1028,"p60_wd_pm":1028,"p30_su_am":1028,"p45_su_am":1028,"p60_su_am":1028,"pc30":143101,"pc45":177933,"pc60":183358}},{"type":"Feature","geometry":{"type":"Polygon","coordinates":[[[7.03549,49.43488],[7.04927,49.43524],[7.04872,49.44423],[7.03495,49.44386],[7.03549,49.43488]]]},"properties":{"id":"CRS3035RES1kmN2929000E4106000","pop":3,"ags":"10046112","t_wd_pm_supermarket":null,"t_wd_pm_gp":null,"t_wd_pm_primary_school":null,"t_wd_pm_rail_station":null,"t_wd_pm_pharmacy":null,"t_wd_pm_secondary_school":null,"t_wd_am_primary_school":24,"t_wd_am_rail_station":29,"t_wd_am_supermarket":22,"t_wd_am_hospital":91,"t_wd_am_gp":25,"t_wd_am_pharmacy":21,"t_wd_am_secondary_school":26,"t_su_am_primary_school":null,"t_su_am_rail_station":null,"t_su_am_supermarket":null,"t_su_am_gp":null,"t_su_am_pharmacy":null,"t_su_am_secondary_school":null,"t_wd_pm_hospital":null,"t_su_am_hospital":null,"c_gp":5,"c_hospital":27,"c_pharmacy":5,"c_primary_school":7,"c_rail_station":6,"c_secondary_school":7,"c_supermarket":6,"p30_wd_am":5926,"p45_wd_am":9259,"p60_wd_am":28946,"p30_wd_pm":1127,"p45_wd_pm":1127,"p60_wd_pm":1127,"p30_su_am":1127,"p45_su_am":1127,"p60_su_am":1127,"pc30":144174,"pc45":177933,"pc60":183358}},{"type":"Feature","geometry":{"type":"Polygon","coordinates":[[[7.04927,49.43524],[7.06304,49.4356],[7.0625,49.44459],[7.04872,49.44423],[7.04927,49.43524]]]},"properties":{"id":"CRS3035RES1kmN2929000E4107000","pop":99,"ags":"10046112","t_wd_pm_supermarket":16,"t_wd_pm_gp":45,"t_wd_pm_primary_school":16,"t_wd_pm_rail_station":74,"t_wd_pm_pharmacy":14,"t_wd_pm_secondary_school":13,"t_wd_am_primary_school":16,"t_wd_am_rail_station":32,"t_wd_am_supermarket":16,"t_wd_am_hospital":91,"t_wd_am_gp":28,"t_wd_am_pharmacy":14,"t_wd_am_secondary_school":13,"t_su_am_primary_school":16,"t_su_am_rail_station":60,"t_su_am_supermarket":16,"t_su_am_gp":64,"t_su_am_pharmacy":14,"t_su_am_secondary_school":13,"t_wd_pm_hospital":null,"t_su_am_hospital":null,"c_gp":4,"c_hospital":23,"c_pharmacy":2,"c_primary_school":4,"c_rail_station":9,"c_secondary_school":5,"c_supermarket":3,"p30_wd_am":5673,"p45_wd_am":16069,"p60_wd_am":40850,"p30_wd_pm":4541,"p45_wd_pm":5615,"p60_wd_pm":8634,"p30_su_am":4541,"p45_su_am":4541,"p60_su_am":8202,"pc30":147557,"pc45":177155,"pc60":183795}},{"type":"Feature","geometry":{"type":"Polygon","coordinates":[[[7.06304,49.4356],[7.07682,49.43596],[7.07628,49.44494],[7.0625,49.44459],[7.06304,49.4356]]]},"properties":{"id":"CRS3035RES1kmN2929000E4108000","pop":47,"ags":"10046112","t_wd_pm_supermarket":56,"t_wd_pm_gp":13,"t_wd_pm_primary_school":58,"t_wd_pm_rail_station":74,"t_wd_pm_pharmacy":13,"t_wd_pm_secondary_school":60,"t_wd_am_primary_school":24,"t_wd_am_rail_station":61,"t_wd_am_supermarket":25,"t_wd_am_hospital":91,"t_wd_am_gp":13,"t_wd_am_pharmacy":13,"t_wd_am_secondary_school":25,"t_su_am_primary_school":58,"t_su_am_rail_station":74,"t_su_am_supermarket":56,"t_su_am_gp":13,"t_su_am_pharmacy":13,"t_su_am_secondary_school":60,"t_wd_pm_hospital":null,"t_su_am_hospital":null,"c_gp":4,"c_hospital":22,"c_pharmacy":4,"c_primary_school":6,"c_rail_station":12,"c_secondary_school":7,"c_supermarket":5,"p30_wd_am":4989,"p45_wd_am":10437,"p60_wd_am":23040,"p30_wd_pm":2587,"p45_wd_pm":2587,"p60_wd_pm":6502,"p30_su_am":2587,"p45_su_am":2587,"p60_su_am":4989,"pc30":141802,"pc45":176999,"pc60":183142}},{"type":"Feature","geometry":{"type":"Polygon","coordinates":[[[7.07682,49.43596],[7.09059,49.43632],[7.09006,49.4453],[7.07628,49.44494],[7.07682,49.43596]]]},"properties":{"id":"CRS3035RES1kmN2929000E4109000","pop":78,"ags":"10046112","t_wd_pm_supermarket":56,"t_wd_pm_gp":13,"t_wd_pm_primary_school":58,"t_wd_pm_rail_station":74,"t_wd_pm_pharmacy":14,"t_wd_pm_secondary_school":60,"t_wd_am_primary_school":25,"t_wd_am_rail_station":62,"t_wd_am_supermarket":26,"t_wd_am_hospital":91,"t_wd_am_gp":13,"t_wd_am_pharmacy":14,"t_wd_am_secondary_school":26,"t_su_am_primary_school":58,"t_su_am_rail_station":68,"t_su_am_supermarket":56,"t_su_am_gp":13,"t_su_am_pharmacy":14,"t_su_am_secondary_school":60,"t_wd_pm_hospital":null,"t_su_am_hospital":null,"c_gp":4,"c_hospital":22,"c_pharmacy":4,"c_primary_school":7,"c_rail_station":13,"c_secondary_school":7,"c_supermarket":6,"p30_wd_am":5047,"p45_wd_am":10313,"p60_wd_am":22479,"p30_wd_pm":2645,"p45_wd_pm":2645,"p60_wd_pm":6560,"p30_su_am":2645,"p45_su_am":2645,"p60_su_am":7069,"pc30":138103,"pc45":176764,"pc60":183142}},{"type":"Feature","geometry":{"type":"Polygon","coordinates":[[[7.09059,49.43632],[7.10437,49.43667],[7.10384,49.44566],[7.09006,49.4453],[7.09059,49.43632]]]},"properties":{"id":"CRS3035RES1kmN2929000E4110000","pop":7,"ags":"10046112","t_wd_pm_supermarket":56,"t_wd_pm_gp":28,"t_wd_pm_primary_school":58,"t_wd_pm_rail_station":74,"t_wd_pm_pharmacy":28,"t_wd_pm_secondary_school":60,"t_wd_am_primary_school":30,"t_wd_am_rail_station":67,"t_wd_am_supermarket":32,"t_wd_am_hospital":91,"t_wd_am_gp":28,"t_wd_am_pharmacy":28,"t_wd_am_secondary_school":30,"t_su_am_primary_school":58,"t_su_am_rail_station":74,"t_su_am_supermarket":56,"t_su_am_gp":28,"t_su_am_pharmacy":28,"t_su_am_secondary_school":60,"t_wd_pm_hospital":null,"t_su_am_hospital":null,"c_gp":5,"c_hospital":19,"c_pharmacy":5,"c_primary_school":7,"c_rail_station":11,"c_secondary_school":9,"c_supermarket":8,"p30_wd_am":2776,"p45_wd_am":7207,"p60_wd_am":10570,"p30_wd_pm":2276,"p45_wd_pm":2276,"p60_wd_pm":6557,"p30_su_am":2276,"p45_su_am":2276,"p60_su_am":4678,"pc30":138361,"pc45":177495,"pc60":183743}},{"type":"Feature","geometry":{"type":"Polygon","coordinates":[[[7.10437,49.43667],[7.11815,49.43702],[7.11761,49.44601],[7.10384,49.44566],[7.10437,49.43667]]]},"properties":{"id":"CRS3035RES1kmN2929000E4111000","pop":5,"ags":"10046117","t_wd_pm_supermarket":null,"t_wd_pm_gp":null,"t_wd_pm_primary_school":null,"t_wd_pm_rail_station":null,"t_wd_pm_pharmacy":null,"t_wd_pm_secondary_school":null,"t_wd_am_primary_school":35,"t_wd_am_rail_station":44,"t_wd_am_supermarket":43,"t_wd_am_hospital":74,"t_wd_am_gp":38,"t_wd_am_pharmacy":39,"t_wd_am_secondary_school":41,"t_su_am_primary_school":null,"t_su_am_rail_station":null,"t_su_am_supermarket":null,"t_su_am_gp":null,"t_su_am_pharmacy":null,"t_su_am_secondary_school":null,"t_wd_pm_hospital":null,"t_su_am_hospital":null,"c_gp":8,"c_hospital":17,"c_pharmacy":8,"c_primary_school":7,"c_rail_station":8,"c_secondary_school":13,"c_supermarket":11,"p30_wd_am":841,"p45_wd_am":7503,"p60_wd_am":13921,"p30_wd_pm":841,"p45_wd_pm":841,"p60_wd_pm":841,"p30_su_am":841,"p45_su_am":841,"p60_su_am":841,"pc30":133409,"pc45":173039,"pc60":182611}},{"type":"Feature","geometry":{"type":"Polygon","coordinates":[[[7.11815,49.43702],[7.13192,49.43738],[7.13139,49.44636],[7.11761,49.44601],[7.11815,49.43702]]]},"properties":{"id":"CRS3035RES1kmN2929000E4112000","pop":643,"ags":"10046117","t_wd_pm_supermarket":null,"t_wd_pm_gp":null,"t_wd_pm_primary_school":null,"t_wd_pm_rail_station":null,"t_wd_pm_pharmacy":null,"t_wd_pm_secondary_school":null,"t_wd_am_primary_school":29,"t_wd_am_rail_station":38,"t_wd_am_supermarket":40,"t_wd_am_hospital":68,"t_wd_am_gp":33,"t_wd_am_pharmacy":34,"t_wd_am_secondary_school":38,"t_su_am_primary_school":null,"t_su_am_rail_station":null,"t_su_am_supermarket":null,"t_su_am_gp":null,"t_su_am_pharmacy":null,"t_su_am_secondary_school":null,"t_wd_pm_hospital":null,"t_su_am_hospital":null,"c_gp":8,"c_hospital":17,"c_pharmacy":8,"c_primary_school":6,"c_rail_station":8,"c_secondary_school":13,"c_supermarket":11,"p30_wd_am":1010,"p45_wd_am":8694,"p60_wd_am":22947,"p30_wd_pm":1010,"p45_wd_pm":1010,"p60_wd_pm":1010,"p30_su_am":1010,"p45_su_am":1010,"p60_su_am":1010,"pc30":133199,"pc45":172674,"pc60":182611}},{"type":"Feature","geometry":{"type":"Polygon","coordinates":[[[7.13192,49.43738],[7.1457,49.43773],[7.14517,49.44671],[7.13139,49.44636],[7.13192,49.43738]]]},"properties":{"id":"CRS3035RES1kmN2929000E4113000","pop":3,"ags":"10046117","t_wd_pm_supermarket":53,"t_wd_pm_gp":50,"t_wd_pm_primary_school":30,"t_wd_pm_rail_station":26,"t_wd_pm_pharmacy":50,"t_wd_pm_secondary_school":60,"t_wd_am_primary_school":30,"t_wd_am_rail_station":26,"t_wd_am_supermarket":49,"t_wd_am_hospital":67,"t_wd_am_gp":43,"t_wd_am_pharmacy":44,"t_wd_am_secondary_school":47,"t_su_am_primary_school":30,"t_su_am_rail_station":26,"t_su_am_supermarket":53,"t_su_am_gp":50,"t_su_am_pharmacy":50,"t_su_am_secondary_school":60,"t_wd_pm_hospital":null,"t_su_am_hospital":null,"c_gp":8,"c_hospital":13,"c_pharmacy":5,"c_primary_school":7,"c_rail_station":4,"c_secondary_school":9,"c_supermarket":6,"p30_wd_am":2832,"p45_wd_am":4080,"p60_wd_am":21481,"p30_wd_pm":2832,"p45_wd_pm":2832,"p60_wd_pm":14212,"p30_su_am":2832,"p45_su_am":2832,"p60_su_am":7578,"pc30":135497,"pc45":175369,"pc60":182611}},{"type":"Feature","geometry":{"type":"Polygon","coordinates":[[[7.15947,49.43807],[7.17325,49.43842],[7.17273,49.44741],[7.15895,49.44706],[7.15947,49.43807]]]},"properties":{"id":"CRS3035RES1kmN2929000E4115000","pop":7,"ags":"10046117","t_wd_pm_supermarket":52,"t_wd_pm_gp":49,"t_wd_pm_primary_school":53,"t_wd_pm_rail_station":25,"t_wd_pm_pharmacy":27,"t_wd_pm_secondary_school":59,"t_wd_am_primary_school":45,"t_wd_am_rail_station":25,"t_wd_am_supermarket":47,"t_wd_am_hospital":22,"t_wd_am_gp":45,"t_wd_am_pharmacy":27,"t_wd_am_secondary_school":43,"t_su_am_primary_school":59,"t_su_am_rail_station":25,"t_su_am_supermarket":52,"t_su_am_gp":49,"t_su_am_pharmacy":27,"t_su_am_secondary_school":59,"t_wd_pm_hospital":22,"t_su_am_hospital":22,"c_gp":7,"c_hospital":8,"c_pharmacy":7,"c_primary_school":8,"c_rail_station":6,"c_secondary_school":7,"c_supermarket":8,"p30_wd_am":2426,"p45_wd_am":3525,"p60_wd_am":22661,"p30_wd_pm":2426,"p45_wd_pm":2426,"p60_wd_pm":15373,"p30_su_am":2426,"p45_su_am":2426,"p60_su_am":6946,"pc30":125932,"pc45":173211,"pc60":182611}},{"type":"Feature","geometry":{"type":"Polygon","coordinates":[[[7.17325,49.43842],[7.18703,49.43876],[7.18651,49.44775],[7.17273,49.44741],[7.17325,49.43842]]]},"properties":{"id":"CRS3035RES1kmN2929000E4116000","pop":3,"ags":"10046117","t_wd_pm_supermarket":null,"t_wd_pm_gp":null,"t_wd_pm_primary_school":null,"t_wd_pm_rail_station":null,"t_wd_pm_pharmacy":null,"t_wd_pm_secondary_school":null,"t_wd_am_primary_school":53,"t_wd_am_rail_station":54,"t_wd_am_supermarket":50,"t_wd_am_hospital":27,"t_wd_am_gp":50,"t_wd_am_pharmacy":53,"t_wd_am_secondary_school":50,"t_su_am_primary_school":null,"t_su_am_rail_station":null,"t_su_am_supermarket":null,"t_su_am_gp":null,"t_su_am_pharmacy":null,"t_su_am_secondary_school":null,"t_wd_pm_hospital":27,"t_su_am_hospital":27,"c_gp":8,"c_hospital":9,"c_pharmacy":7,"c_primary_school":9,"c_rail_station":7,"c_secondary_school":7,"c_supermarket":9,"p30_wd_am":328,"p45_wd_am":328,"p60_wd_am":7695,"p30_wd_pm":328,"p45_wd_pm":328,"p60_wd_pm":328,"p30_su_am":328,"p45_su_am":328,"p60_su_am":328,"pc30":122695,"pc45":172183,"pc60":181888}},{"type":"Feature","geometry":{"type":"Polygon","coordinates":[[[7.22836,49.43979],[7.24214,49.44013],[7.24163,49.44911],[7.22785,49.44877],[7.22836,49.43979]]]},"properties":{"id":"CRS3035RES1kmN2929000E4120000","pop":116,"ags":"10046117","t_wd_pm_supermarket":31,"t_wd_pm_gp":80,"t_wd_pm_primary_school":43,"t_wd_pm_rail_station":null,"t_wd_pm_pharmacy":35,"t_wd_pm_secondary_school":null,"t_wd_am_primary_school":25,"t_wd_am_rail_station":53,"t_wd_am_supermarket":15,"t_wd_am_hospital":49,"t_wd_am_gp":35,"t_wd_am_pharmacy":17,"t_wd_am_secondary_school":39,"t_su_am_primary_school":null,"t_su_am_rail_station":null,"t_su_am_supermarket":null,"t_su_am_gp":null,"t_su_am_pharmacy":null,"t_su_am_secondary_school":null,"t_wd_pm_hospital":null,"t_su_am_hospital":null,"c_gp":5,"c_hospital":13,"c_pharmacy":3,"c_primary_school":4,"c_rail_station":8,"c_secondary_school":6,"c_supermarket":2,"p30_wd_am":2741,"p45_wd_am":7574,"p60_wd_am":20594,"p30_wd_pm":1045,"p45_wd_pm":2710,"p60_wd_pm":4880,"p30_su_am":1045,"p45_su_am":1059,"p60_su_am":1059,"pc30":117298,"pc45":165739,"pc60":181198}},{"type":"Feature","geometry":{"type":"Polygon","coordinates":[[[7.24214,49.44013],[7.25591,49.44046],[7.25541,49.44945],[7.24163,49.44911],[7.24214,49.44013]]]},"properties":{"id":"CRS3035RES1kmN2929000E4121000","pop":24,"ags":"10046117","t_wd_pm_supermarket":42,"t_wd_pm_gp":80,"t_wd_pm_primary_school":54,"t_wd_pm_rail_station":null,"t_wd_pm_pharmacy":46,"t_wd_pm_secondary_school":null,"t_wd_am_primary_school":53,"t_wd_am_rail_station":54,"t_wd_am_supermarket":50,"t_wd_am_hospital":50,"t_wd_am_gp":50,"t_wd_am_pharmacy":53,"t_wd_am_secondary_school":50,"t_su_am_primary_school":null,"t_su_am_rail_station":null,"t_su_am_supermarket":null,"t_su_am_gp":null,"t_su_am_pharmacy":null,"t_su_am_secondary_school":null,"t_wd_pm_hospital":null,"t_su_am_hospital":null,"c_gp":7,"c_hospital":15,"c_pharmacy":5,"c_primary_school":7,"c_rail_station":11,"c_secondary_school":9,"c_supermarket":4,"p30_wd_am":1002,"p45_wd_am":1002,"p60_wd_am":9527,"p30_wd_pm":1002,"p45_wd_pm":1759,"p60_wd_pm":3607,"p30_su_am":1002,"p45_su_am":1002,"p60_su_am":1002,"pc30":109800,"pc45":161872,"pc60":180011}},{"type":"Feature","geometry":{"type":"Polygon","coordinates":[[[6.99361,49.44277],[7.00739,49.44314],[7.00684,49.45212],[6.99306,49.45175],[6.99361,49.44277]]]},"properties":{"id":"CRS3035RES1kmN2930000E4103000","pop":3,"ags":"10046112","t_wd_pm_supermarket":null,"t_wd_pm_gp":null,"t_wd_pm_primary_school":null,"t_wd_pm_rail_station":null,"t_wd_pm_pharmacy":null,"t_wd_pm_secondary_school":null,"t_wd_am_primary_school":null,"t_wd_am_rail_station":null,"t_wd_am_supermarket":null,"t_wd_am_hospital":null,"t_wd_am_gp":null,"t_wd_am_pharmacy":null,"t_wd_am_secondary_school":null,"t_su_am_primary_school":null,"t_su_am_rail_station":null,"t_su_am_supermarket":null,"t_su_am_gp":null,"t_su_am_pharmacy":null,"t_su_am_secondary_school":null,"t_wd_pm_hospital":null,"t_su_am_hospital":null,"c_gp":4,"c_hospital":30,"c_pharmacy":4,"c_primary_school":7,"c_rail_station":5,"c_secondary_school":9,"c_supermarket":6,"p30_wd_am":31,"p45_wd_am":40,"p60_wd_am":40,"p30_wd_pm":31,"p45_wd_pm":40,"p60_wd_pm":40,"p30_su_am":31,"p45_su_am":40,"p60_su_am":40,"pc30":142471,"pc45":177117,"pc60":183358}},{"type":"Feature","geometry":{"type":"Polygon","coordinates":[[[7.02117,49.4435],[7.03495,49.44386],[7.0344,49.45285],[7.02062,49.45249],[7.02117,49.4435]]]},"properties":{"id":"CRS3035RES1kmN2930000E4105000","pop":3,"ags":"10046112","t_wd_pm_supermarket":29,"t_wd_pm_gp":null,"t_wd_pm_primary_school":29,"t_wd_pm_rail_station":null,"t_wd_pm_pharmacy":29,"t_wd_pm_secondary_school":null,"t_wd_am_primary_school":29,"t_wd_am_rail_station":63,"t_wd_am_supermarket":29,"t_wd_am_hospital":96,"t_wd_am_gp":56,"t_wd_am_pharmacy":29,"t_wd_am_secondary_school":41,"t_su_am_primary_school":29,"t_su_am_rail_station":null,"t_su_am_supermarket":29,"t_su_am_gp":null,"t_su_am_pharmacy":29,"t_su_am_secondary_school":null,"t_wd_pm_hospital":null,"t_su_am_hospital":null,"c_gp":9,"c_hospital":28,"c_pharmacy":6,"c_primary_school":8,"c_rail_station":10,"c_secondary_school":8,"c_supermarket":7,"p30_wd_am":576,"p45_wd_am":4977,"p60_wd_am":8657,"p30_wd_pm":576,"p45_wd_pm":576,"p60_wd_pm":576,"p30_su_am":576,"p45_su_am":576,"p60_su_am":576,"pc30":133594,"pc45":176447,"pc60":183142}},{"type":"Feature","geometry":{"type":"Polygon","coordinates":[[[7.03495,49.44386],[7.04872,49.44423],[7.04818,49.45321],[7.0344,49.45285],[7.03495,49.44386]]]},"properties":{"id":"CRS3035RES1kmN2930000E4106000","pop":160,"ags":"10046112","t_wd_pm_supermarket":12,"t_wd_pm_gp":45,"t_wd_pm_primary_school":13,"t_wd_pm_rail_station":74,"t_wd_pm_pharmacy":13,"t_wd_pm_secondary_school":12,"t_wd_am_primary_school":13,"t_wd_am_rail_station":51,"t_wd_am_supermarket":12,"t_wd_am_hospital":91,"t_wd_am_gp":45,"t_wd_am_pharmacy":13,"t_wd_am_secondary_school":12,"t_su_am_primary_school":13,"t_su_am_rail_station":55,"t_su_am_supermarket":12,"t_su_am_gp":57,"t_su_am_pharmacy":13,"t_su_am_secondary_school":12,"t_wd_pm_hospital":null,"t_su_am_hospital":null,"c_gp":6,"c_hospital":25,"c_pharmacy":3,"c_primary_school":3,"c_rail_station":9,"c_secondary_school":4,"c_supermarket":4,"p30_wd_am":4410,"p45_wd_am":8881,"p60_wd_am":24897,"p30_wd_pm":4410,"p45_wd_pm":5484,"p60_wd_pm":8503,"p30_su_am":4410,"p45_su_am":5381,"p60_su_am":10868,"pc30":143168,"pc45":177006,"pc60":183669}},{"type":"Feature","geometry":{"type":"Polygon","coordinates":[[[7.04872,49.44423],[7.0625,49.44459],[7.06196,49.45357],[7.04818,49.45321],[7.04872,49.44423]]]},"properties":{"id":"CRS3035RES1kmN2930000E4107000","pop":2303,"ags":"10046112","t_wd_pm_supermarket":5,"t_wd_pm_gp":45,"t_wd_pm_primary_school":4,"t_wd_pm_rail_station":71,"t_wd_pm_pharmacy":3,"t_wd_pm_secondary_school":2,"t_wd_am_primary_school":4,"t_wd_am_rail_station":33,"t_wd_am_supermarket":5,"t_wd_am_hospital":88,"t_wd_am_gp":29,"t_wd_am_pharmacy":3,"t_wd_am_secondary_school":2,"t_su_am_primary_school":4,"t_su_am_rail_station":46,"t_su_am_supermarket":5,"t_su_am_gp":48,"t_su_am_pharmacy":3,"t_su_am_secondary_school":2,"t_wd_pm_hospital":null,"t_su_am_hospital":null,"c_gp":4,"c_hospital":23,"c_pharmacy":1,"c_primary_school":3,"c_rail_station":8,"c_secondary_school":2,"c_supermarket":2,"p30_wd_am":7639,"p45_wd_am":18079,"p60_wd_am":40934,"p30_wd_pm":4418,"p45_wd_pm":5620,"p60_wd_pm":10357,"p30_su_am":4568,"p45_su_am":8314,"p60_su_am":17373,"pc30":151603,"pc45":177499,"pc60":183891}},{"type":"Feature","geometry":{"type":"Polygon","coordinates":[[[7.0625,49.44459],[7.07628,49.44494],[7.07574,49.45393],[7.06196,49.45357],[7.0625,49.44459]]]},"properties":{"id":"CRS3035RES1kmN2930000E4108000","pop":492,"ags":"10046112","t_wd_pm_supermarket":10,"t_wd_pm_gp":45,"t_wd_pm_primary_school":11,"t_wd_pm_rail_station":74,"t_wd_pm_pharmacy":8,"t_wd_pm_secondary_school":13,"t_wd_am_primary_school":11,"t_wd_am_rail_station":52,"t_wd_am_supermarket":10,"t_wd_am_hospital":91,"t_wd_am_gp":45,"t_wd_am_pharmacy":8,"t_wd_am_secondary_school":13,"t_su_am_primary_school":11,"t_su_am_rail_station":42,"t_su_am_supermarket":10,"t_su_am_gp":44,"t_su_am_pharmacy":8,"t_su_am_secondary_school":13,"t_wd_pm_hospital":null,"t_su_am_hospital":null,"c_gp":6,"c_hospital":25,"c_pharmacy":2,"c_primary_school":4,"c_rail_station":11,"c_secondary_school":4,"c_supermarket":3,"p30_wd_am":4415,"p45_wd_am":12459,"p60_wd_am":30657,"p30_wd_pm":4415,"p45_wd_pm":5489,"p60_wd_pm":9417,"p30_su_am":4565,"p45_su_am":10865,"p60_su_am":17752,"pc30":148470,"pc45":177350,"pc60":183870}},{"type":"Feature","geometry":{"type":"Polygon","coordinates":[[[7.07628,49.44494],[7.09006,49.4453],[7.08952,49.45429],[7.07574,49.45393],[7.07628,49.44494]]]},"properties":{"id":"CRS3035RES1kmN2930000E4109000","pop":8,"ags":"10046112","t_wd_pm_supermarket":26,"t_wd_pm_gp":50,"t_wd_pm_primary_school":27,"t_wd_pm_rail_station":74,"t_wd_pm_pharmacy":24,"t_wd_pm_secondary_school":29,"t_wd_am_primary_school":26,"t_wd_am_rail_station":63,"t_wd_am_supermarket":26,"t_wd_am_hospital":91,"t_wd_am_gp":45,"t_wd_am_pharmacy":24,"t_wd_am_secondary_school":26,"t_su_am_primary_school":27,"t_su_am_rail_station":41,"t_su_am_supermarket":26,"t_su_am_gp":43,"t_su_am_pharmacy":24,"t_su_am_secondary_school":29,"t_wd_pm_hospital":null,"t_su_am_hospital":null,"c_gp":6,"c_hospital":24,"c_pharmacy":4,"c_primary_school":6,"c_rail_station":13,"c_secondary_school":6,"c_supermarket":5,"p30_wd_am":4341,"p45_wd_am":5717,"p60_wd_am":13866,"p30_wd_pm":4341,"p45_wd_pm":4341,"p60_wd_pm":8226,"p30_su_am":5043,"p45_su_am":10641,"p60_su_am":17010,"pc30":143517,"pc45":177155,"pc60":183743}},{"type":"Feature","geometry":{"type":"Polygon","coordinates":[[[7.11761,49.44601],[7.13139,49.44636],[7.13086,49.45535],[7.11708,49.45499],[7.11761,49.44601]]]},"properties":{"id":"CRS3035RES1kmN2930000E4112000","pop":4,"ags":"10046117","t_wd_pm_supermarket":52,"t_wd_pm_gp":49,"t_wd_pm_primary_school":21,"t_wd_pm_rail_station":25,"t_wd_pm_pharmacy":49,"t_wd_pm_secondary_school":59,"t_wd_am_primary_school":21,"t_wd_am_rail_station":25,"t_wd_am_supermarket":40,"t_wd_am_hospital":64,"t_wd_am_gp":34,"t_wd_am_pharmacy":35,"t_wd_am_secondary_school":38,"t_su_am_primary_school":21,"t_su_am_rail_station":25,"t_su_am_supermarket":52,"t_su_am_gp":49,"t_su_am_pharmacy":49,"t_su_am_secondary_school":59,"t_wd_pm_hospital":null,"t_su_am_hospital":null,"c_gp":13,"c_hospital":27,"c_pharmacy":13,"c_primary_school":13,"c_rail_station":16,"c_secondary_school":15,"c_supermarket":9,"p30_wd_am":2070,"p45_wd_am":7580,"p60_wd_am":39407,"p30_wd_pm":1291,"p45_wd_pm":1294,"p60_wd_pm":14560,"p30_su_am":1291,"p45_su_am":1294,"p60_su_am":6819,"pc30":125944,"pc45":172566,"pc60":182590}},{"type":"Feature","geometry":{"type":"Polygon","coordinates":[[[7.13139,49.44636],[7.14517,49.44671],[7.14464,49.4557],[7.13086,49.45535],[7.13139,49.44636]]]},"properties":{"id":"CRS3035RES1kmN2930000E4113000","pop":176,"ags":"10046117","t_wd_pm_supermarket":30,"t_wd_pm_gp":37,"t_wd_pm_primary_school":10,"t_wd_pm_rail_station":13,"t_wd_pm_pharmacy":37,"t_wd_pm_secondary_school":47,"t_wd_am_primary_school":10,"t_wd_am_rail_station":13,"t_wd_am_supermarket":30,"t_wd_am_hospital":57,"t_wd_am_gp":30,"t_wd_am_pharmacy":31,"t_wd_am_secondary_school":36,"t_su_am_primary_school":10,"t_su_am_rail_station":13,"t_su_am_supermarket":30,"t_su_am_gp":37,"t_su_am_pharmacy":37,"t_su_am_secondary_school":47,"t_wd_pm_hospital":null,"t_su_am_hospital":null,"c_gp":7,"c_hospital":12,"c_pharmacy":5,"c_primary_school":5,"c_rail_station":4,"c_secondary_school":9,"c_supermarket":6,"p30_wd_am":2578,"p45_wd_am":20844,"p60_wd_am":54330,"p30_wd_pm":2440,"p45_wd_pm":13166,"p60_wd_pm":31121,"p30_su_am":2440,"p45_su_am":7902,"p60_su_am":14146,"pc30":140835,"pc45":175369,"pc60":182797}},{"type":"Feature","geometry":{"type":"Polygon","coordinates":[[[7.14517,49.44671],[7.15895,49.44706],[7.15843,49.45604],[7.14464,49.4557],[7.14517,49.44671]]]},"properties":{"id":"CRS3035RES1kmN2930000E4114000","pop":1093,"ags":"10046117","t_wd_pm_supermarket":23,"t_wd_pm_gp":27,"t_wd_pm_primary_school":8,"t_wd_pm_rail_station":2,"t_wd_pm_pharmacy":27,"t_wd_pm_secondary_school":37,"t_wd_am_primary_school":8,"t_wd_am_rail_station":2,"t_wd_am_supermarket":23,"t_wd_am_hospital":54,"t_wd_am_gp":24,"t_wd_am_pharmacy":25,"t_wd_am_secondary_school":31,"t_su_am_primary_school":8,"t_su_am_rail_station":2,"t_su_am_supermarket":23,"t_su_am_gp":35,"t_su_am_pharmacy":28,"t_su_am_secondary_school":45,"t_wd_pm_hospital":null,"t_su_am_hospital":null,"c_gp":5,"c_hospital":10,"c_pharmacy":3,"c_primary_school":4,"c_rail_station":3,"c_secondary_school":6,"c_supermarket":5,"p30_wd_am":9646,"p45_wd_am":26586,"p60_wd_am":54911,"p30_wd_pm":6821,"p45_wd_pm":25856,"p60_wd_pm":39401,"p30_su_am":3403,"p45_su_am":8887,"p60_su_am":18182,"pc30":144903,"pc45":178363,"pc60":183764}},{"type":"Feature","geometry":{"type":"Polygon","coordinates":[[[7.15895,49.44706],[7.17273,49.44741],[7.17221,49.45639],[7.15843,49.45604],[7.15895,49.44706]]]},"properties":{"id":"CRS3035RES1kmN2930000E4115000","pop":89,"ags":"10046117","t_wd_pm_supermarket":27,"t_wd_pm_gp":17,"t_wd_pm_primary_school":20,"t_wd_pm_rail_station":20,"t_wd_pm_pharmacy":22,"t_wd_pm_secondary_school":18,"t_wd_am_primary_school":20,"t_wd_am_rail_station":20,"t_wd_am_supermarket":27,"t_wd_am_hospital":19,"t_wd_am_gp":17,"t_wd_am_pharmacy":22,"t_wd_am_secondary_school":18,"t_su_am_primary_school":20,"t_su_am_rail_station":20,"t_su_am_supermarket":27,"t_su_am_gp":17,"t_su_am_pharmacy":22,"t_su_am_secondary_school":18,"t_wd_pm_hospital":19,"t_su_am_hospital":19,"c_gp":4,"c_hospital":9,"c_pharmacy":5,"c_primary_school":6,"c_rail_station":5,"c_secondary_school":4,"c_supermarket":5,"p30_wd_am":9232,"p45_wd_am":21946,"p60_wd_am":42418,"p30_wd_pm":8788,"p45_wd_pm":16779,"p60_wd_pm":34910,"p30_su_am":8788,"p45_su_am":15330,"p60_su_am":30075,"pc30":137164,"pc45":175383,"pc60":182611}},{"type":"Feature","geometry":{"type":"Polygon","coordinates":[[[7.17273,49.44741],[7.18651,49.44775],[7.18599,49.45674],[7.17221,49.45639],[7.17273,49.44741]]]},"properties":{"id":"CRS3035RES1kmN2930000E4116000","pop":229,"ags":"10046117","t_wd_pm_supermarket":28,"t_wd_pm_gp":25,"t_wd_pm_primary_school":24,"t_wd_pm_rail_station":27,"t_wd_pm_pharmacy":27,"t_wd_pm_secondary_school":20,"t_wd_am_primary_school":24,"t_wd_am_rail_station":27,"t_wd_am_supermarket":28,"t_wd_am_hospital":5,"t_wd_am_gp":25,"t_wd_am_pharmacy":27,"t_wd_am_secondary_school":20,"t_su_am_primary_school":24,"t_su_am_rail_station":27,"t_su_am_supermarket":28,"t_su_am_gp":25,"t_su_am_pharmacy":27,"t_su_am_secondary_school":20,"t_wd_pm_hospital":5,"t_su_am_hospital":5,"c_gp":8,"c_hospital":6,"c_pharmacy":7,"c_primary_school":9,"c_rail_station":7,"c_secondary_school":7,"c_supermarket":9,"p30_wd_am":6709,"p45_wd_am":12985,"p60_wd_am":39212,"p30_wd_pm":6149,"p45_wd_pm":8788,"p60_wd_pm":20599,"p30_su_am":6149,"p45_su_am":8788,"p60_su_am":20642,"pc30":122695,"pc45":172183,"pc60":181888}},{"type":"Feature","geometry":{"type":"Polygon","coordinates":[[[7.18651,49.44775],[7.20029,49.44809],[7.19977,49.45708],[7.18599,49.45674],[7.18651,49.44775]]]},"properties":{"id":"CRS3035RES1kmN2930000E4117000","pop":11,"ags":"10046117","t_wd_pm_supermarket":null,"t_wd_pm_gp":28,"t_wd_pm_primary_school":27,"t_wd_pm_rail_station":null,"t_wd_pm_pharmacy":null,"t_wd_pm_secondary_school":20,"t_wd_am_primary_school":27,"t_wd_am_rail_station":36,"t_wd_am_supermarket":34,"t_wd_am_hospital":10,"t_wd_am_gp":28,"t_wd_am_pharmacy":34,"t_wd_am_secondary_school":20,"t_su_am_primary_school":27,"t_su_am_rail_station":null,"t_su_am_supermarket":null,"t_su_am_gp":28,"t_su_am_pharmacy":null,"t_su_am_secondary_school":20,"t_wd_pm_hospital":10,"t_su_am_hospital":10,"c_gp":3,"c_hospital":10,"c_pharmacy":7,"c_primary_school":5,"c_rail_station":6,"c_secondary_school":3,"c_supermarket":5,"p30_wd_am":3262,"p45_wd_am":8914,"p60_wd_am":17858,"p30_wd_pm":2818,"p45_wd_pm":2818,"p60_wd_pm":2818,"p30_su_am":2818,"p45_su_am":2818,"p60_su_am":2818,"pc30":130145,"pc45":174299,"pc60":182611}},{"type":"Feature","geometry":{"type":"Polygon","coordinates":[[[7.22785,49.44877],[7.24163,49.44911],[7.24112,49.4581],[7.22734,49.45776],[7.22785,49.44877]]]},"properties":{"id":"CRS3035RES1kmN2930000E4120000","pop":444,"ags":"10046117","t_wd_pm_supermarket":31,"t_wd_pm_gp":80,"t_wd_pm_primary_school":43,"t_wd_pm_rail_station":null,"t_wd_pm_pharmacy":35,"t_wd_pm_secondary_school":null,"t_wd_am_primary_school":30,"t_wd_am_rail_station":51,"t_wd_am_supermarket":18,"t_wd_am_hospital":47,"t_wd_am_gp":37,"t_wd_am_pharmacy":23,"t_wd_am_secondary_school":40,"t_su_am_primary_school":null,"t_su_am_rail_station":null,"t_su_am_supermarket":null,"t_su_am_gp":null,"t_su_am_pharmacy":null,"t_su_am_secondary_school":null,"t_wd_pm_hospital":null,"t_su_am_hospital":null,"c_gp":6,"c_hospital":13,"c_pharmacy":6,"c_primary_school":7,"c_rail_station":9,"c_secondary_school":6,"c_supermarket":5,"p30_wd_am":2128,"p45_wd_am":9954,"p60_wd_am":21508,"p30_wd_pm":663,"p45_wd_pm":2314,"p60_wd_pm":4097,"p30_su_am":663,"p45_su_am":663,"p60_su_am":663,"pc30":117719,"pc45":168687,"pc60":181198}},{"type":"Feature","geometry":{"type":"Polygon","coordinates":[[[6.97928,49.45139],[6.99306,49.45175],[6.9925,49.46074],[6.97872,49.46037],[6.97928,49.45139]]]},"properties":{"id":"CRS3035RES1kmN2931000E4102000","pop":44,"ags":"10046118","t_wd_pm_supermarket":30,"t_wd_pm_gp":47,"t_wd_pm_primary_school":45,"t_wd_pm_rail_station":51,"t_wd_pm_pharmacy":25,"t_wd_pm_secondary_school":42,"t_wd_am_primary_school":31,"t_wd_am_rail_station":51,"t_wd_am_supermarket":27,"t_wd_am_hospital":91,"t_wd_am_gp":32,"t_wd_am_pharmacy":25,"t_wd_am_secondary_school":36,"t_su_am_primary_school":40,"t_su_am_rail_station":71,"t_su_am_supermarket":37,"t_su_am_gp":37,"t_su_am_pharmacy":37,"t_su_am_secondary_school":49,"t_wd_pm_hospital":null,"t_su_am_hospital":null,"c_gp":7,"c_hospital":31,"c_pharmacy":4,"c_primary_school":6,"c_rail_station":9,"c_secondary_school":11,"c_supermarket":4,"p30_wd_am":6329,"p45_wd_am":21661,"p60_wd_am":37939,"p30_wd_pm":5793,"p45_wd_pm":14837,"p60_wd_pm":27280,"p30_su_am":1905,"p45_su_am":4079,"p60_su_am":11875,"pc30":150248,"pc45":179450,"pc60":183646}},{"type":"Feature","geometry":{"type":"Polygon","coordinates":[[[6.99306,49.45175],[7.00684,49.45212],[7.00629,49.46111],[6.9925,49.46074],[6.99306,49.45175]]]},"properties":{"id":"CRS3035RES1kmN2931000E4103000","pop":24,"ags":"10046118","t_wd_pm_supermarket":33,"t_wd_pm_gp":50,"t_wd_pm_primary_school":48,"t_wd_pm_rail_station":54,"t_wd_pm_pharmacy":31,"t_wd_pm_secondary_school":45,"t_wd_am_primary_school":33,"t_wd_am_rail_station":54,"t_wd_am_supermarket":30,"t_wd_am_hospital":94,"t_wd_am_gp":34,"t_wd_am_pharmacy":28,"t_wd_am_secondary_school":39,"t_su_am_primary_school":40,"t_su_am_rail_station":71,"t_su_am_supermarket":37,"t_su_am_gp":37,"t_su_am_pharmacy":37,"t_su_am_secondary_school":49,"t_wd_pm_hospital":null,"t_su_am_hospital":null,"c_gp":11,"c_hospital":34,"c_pharmacy":8,"c_primary_school":12,"c_rail_station":14,"c_secondary_school":14,"c_supermarket":10,"p30_wd_am":2934,"p45_wd_am":16387,"p60_wd_am":32828,"p30_wd_pm":1908,"p45_wd_pm":10409,"p60_wd_pm":18257,"p30_su_am":1908,"p45_su_am":4082,"p60_su_am":11878,"pc30":131695,"pc45":174590,"pc60":182792}},{"type":"Feature","geometry":{"type":"Polygon","coordinates":[[[7.00684,49.45212],[7.02062,49.45249],[7.02007,49.46147],[7.00629,49.46111],[7.00684,49.45212]]]},"properties":{"id":"CRS3035RES1kmN2931000E4104000","pop":36,"ags":"10046118","t_wd_pm_supermarket":37,"t_wd_pm_gp":54,"t_wd_pm_primary_school":52,"t_wd_pm_rail_station":58,"t_wd_pm_pharmacy":35,"t_wd_pm_secondary_school":49,"t_wd_am_primary_school":37,"t_wd_am_rail_station":58,"t_wd_am_supermarket":34,"t_wd_am_hospital":98,"t_wd_am_gp":38,"t_wd_am_pharmacy":32,"t_wd_am_secondary_school":43,"t_su_am_primary_school":41,"t_su_am_rail_station":72,"t_su_am_supermarket":38,"t_su_am_gp":38,"t_su_am_pharmacy":38,"t_su_am_secondary_school":50,"t_wd_pm_hospital":null,"t_su_am_hospital":null,"c_gp":9,"c_hospital":32,"c_pharmacy":6,"c_primary_school":10,"c_rail_station":12,"c_secondary_school":12,"c_supermarket":8,"p30_wd_am":1915,"p45_wd_am":11873,"p60_wd_am":29735,"p30_wd_pm":1905,"p45_wd_pm":6009,"p60_wd_pm":17735,"p30_su_am":1905,"p45_su_am":4079,"p60_su_am":11871,"pc30":141722,"pc45":176488,"pc60":183575}},{"type":"Feature","geometry":{"type":"Polygon","coordinates":[[[7.0344,49.45285],[7.04818,49.45321],[7.04763,49.4622],[7.03385,49.46183],[7.0344,49.45285]]]},"properties":{"id":"CRS3035RES1kmN2931000E4106000","pop":43,"ags":"10046112","t_wd_pm_supermarket":14,"t_wd_pm_gp":45,"t_wd_pm_primary_school":14,"t_wd_pm_rail_station":74,"t_wd_pm_pharmacy":15,"t_wd_pm_secondary_school":15,"t_wd_am_primary_school":14,"t_wd_am_rail_station":58,"t_wd_am_supermarket":14,"t_wd_am_hospital":91,"t_wd_am_gp":45,"t_wd_am_pharmacy":15,"t_wd_am_secondary_school":15,"t_su_am_primary_school":14,"t_su_am_rail_station":60,"t_su_am_supermarket":14,"t_su_am_gp":64,"t_su_am_pharmacy":15,"t_su_am_secondary_school":15,"t_wd_pm_hospital":null,"t_su_am_hospital":null,"c_gp":8,"c_hospital":26,"c_pharmacy":4,"c_primary_school":4,"c_rail_station":12,"c_secondary_school":5,"c_supermarket":4,"p30_wd_am":4414,"p45_wd_am":8459,"p60_wd_am":22908,"p30_wd_pm":4414,"p45_wd_pm":5488,"p60_wd_pm":8507,"p30_su_am":4414,"p45_su_am":4414,"p60_su_am":8075,"pc30":146652,"pc45":178168,"pc60":183833}},{"type":"Feature","geometry":{"type":"Polygon","coordinates":[[[7.04818,49.45321],[7.06196,49.45357],[7.06142,49.46256],[7.04763,49.4622],[7.04818,49.45321]]]},"properties":{"id":"CRS3035RES1kmN2931000E4107000","pop":848,"ags":"10046112","t_wd_pm_supermarket":9,"t_wd_pm_gp":45,"t_wd_pm_primary_school":10,"t_wd_pm_rail_station":74,"t_wd_pm_pharmacy":8,"t_wd_pm_secondary_school":11,"t_wd_am_primary_school":10,"t_wd_am_rail_station":52,"t_wd_am_supermarket":9,"t_wd_am_hospital":91,"t_wd_am_gp":45,"t_wd_am_pharmacy":8,"t_wd_am_secondary_school":11,"t_su_am_primary_school":10,"t_su_am_rail_station":50,"t_su_am_supermarket":9,"t_su_am_gp":52,"t_su_am_pharmacy":8,"t_su_am_secondary_school":11,"t_wd_pm_hospital":null,"t_su_am_hospital":null,"c_gp":7,"c_hospital":25,"c_pharmacy":3,"c_primary_school":3,"c_rail_station":11,"c_secondary_school":4,"c_supermarket":3,"p30_wd_am":4411,"p45_wd_am":11234,"p60_wd_am":27806,"p30_wd_pm":4411,"p45_wd_pm":5485,"p60_wd_pm":9413,"p30_su_am":4411,"p45_su_am":8165,"p60_su_am":13742,"pc30":148203,"pc45":178168,"pc60":183959}},{"type":"Feature","geometry":{"type":"Polygon","coordinates":[[[7.06196,49.45357],[7.07574,49.45393],[7.0752,49.46291],[7.06142,49.46256],[7.06196,49.45357]]]},"properties":{"id":"CRS3035RES1kmN2931000E4108000","pop":462,"ags":"10046112","t_wd_pm_supermarket":8,"t_wd_pm_gp":45,"t_wd_pm_primary_school":15,"t_wd_pm_rail_station":61,"t_wd_pm_pharmacy":12,"t_wd_pm_secondary_school":17,"t_wd_am_primary_school":15,"t_wd_am_rail_station":56,"t_wd_am_supermarket":8,"t_wd_am_hospital":91,"t_wd_am_gp":45,"t_wd_am_pharmacy":12,"t_wd_am_secondary_school":17,"t_su_am_primary_school":15,"t_su_am_rail_station":49,"t_su_am_supermarket":8,"t_su_am_gp":51,"t_su_am_pharmacy":12,"t_su_am_secondary_school":17,"t_wd_pm_hospital":null,"t_su_am_hospital":null,"c_gp":7,"c_hospital":24,"c_pharmacy":3,"c_primary_school":5,"c_rail_station":12,"c_secondary_school":5,"c_supermarket":3,"p30_wd_am":5324,"p45_wd_am":12331,"p60_wd_am":30180,"p30_wd_pm":5324,"p45_wd_pm":6398,"p60_wd_pm":16342,"p30_su_am":5324,"p45_su_am":9070,"p60_su_am":13738,"pc30":149932,"pc45":178317,"pc60":183980}},{"type":"Feature","geometry":{"type":"Polygon","coordinates":[[[7.08952,49.45429],[7.1033,49.45464],[7.10277,49.46363],[7.08898,49.46327],[7.08952,49.45429]]]},"properties":{"id":"CRS3035RES1kmN2931000E4110000","pop":150,"ags":"10046112","t_wd_pm_supermarket":30,"t_wd_pm_gp":59,"t_wd_pm_primary_school":64,"t_wd_pm_rail_station":56,"t_wd_pm_pharmacy":46,"t_wd_pm_secondary_school":52,"t_wd_am_primary_school":31,"t_wd_am_rail_station":56,"t_wd_am_supermarket":30,"t_wd_am_hospital":91,"t_wd_am_gp":43,"t_wd_am_pharmacy":33,"t_wd_am_secondary_school":31,"t_su_am_primary_school":49,"t_su_am_rail_station":41,"t_su_am_supermarket":30,"t_su_am_gp":43,"t_su_am_pharmacy":39,"t_su_am_secondary_school":37,"t_wd_pm_hospital":null,"t_su_am_hospital":null,"c_gp":8,"c_hospital":22,"c_pharmacy":6,"c_primary_school":7,"c_rail_station":12,"c_secondary_school":8,"c_supermarket":6,"p30_wd_am":1578,"p45_wd_am":7994,"p60_wd_am":17976,"p30_wd_pm":1029,"p45_wd_pm":2270,"p60_wd_pm":10673,"p30_su_am":1731,"p45_su_am":7412,"p60_su_am":13479,"pc30":149923,"pc45":177836,"pc60":183816}},{"type":"Feature","geometry":{"type":"Polygon","coordinates":[[[7.11708,49.45499],[7.13086,49.45535],[7.13033,49.46433],[7.11655,49.46398],[7.11708,49.45499]]]},"properties":{"id":"CRS3035RES1kmN2931000E4112000","pop":13,"ags":"10046117","t_wd_pm_supermarket":37,"t_wd_pm_gp":50,"t_wd_pm_primary_school":53,"t_wd_pm_rail_station":47,"t_wd_pm_pharmacy":42,"t_wd_pm_secondary_school":43,"t_wd_am_primary_school":48,"t_wd_am_rail_station":50,"t_wd_am_supermarket":37,"t_wd_am_hospital":70,"t_wd_am_gp":47,"t_wd_am_pharmacy":42,"t_wd_am_secondary_school":44,"t_su_am_primary_school":55,"t_su_am_rail_station":47,"t_su_am_supermarket":44,"t_su_am_gp":49,"t_su_am_pharmacy":45,"t_su_am_secondary_school":43,"t_wd_pm_hospital":null,"t_su_am_hospital":null,"c_gp":17,"c_hospital":30,"c_pharmacy":16,"c_primary_school":17,"c_rail_station":19,"c_secondary_school":18,"c_supermarket":12,"p30_wd_am":47,"p45_wd_am":5505,"p60_wd_am":24826,"p30_wd_pm":47,"p45_wd_pm":5505,"p60_wd_pm":21217,"p30_su_am":47,"p45_su_am":1664,"p60_su_am":10572,"pc30":91375,"pc45":166187,"pc60":180207}},{"type":"Feature","geometry":{"type":"Polygon","coordinates":[[[7.13086,49.45535],[7.14464,49.4557],[7.14412,49.46468],[7.13033,49.46433],[7.13086,49.45535]]]},"properties":{"id":"CRS3035RES1kmN2931000E4113000","pop":11,"ags":"10046117","t_wd_pm_supermarket":21,"t_wd_pm_gp":36,"t_wd_pm_primary_school":13,"t_wd_pm_rail_station":20,"t_wd_pm_pharmacy":26,"t_wd_pm_secondary_school":24,"t_wd_am_primary_school":13,"t_wd_am_rail_station":20,"t_wd_am_supermarket":21,"t_wd_am_hospital":55,"t_wd_am_gp":38,"t_wd_am_pharmacy":26,"t_wd_am_secondary_school":24,"t_su_am_primary_school":13,"t_su_am_rail_station":20,"t_su_am_supermarket":21,"t_su_am_gp":43,"t_su_am_pharmacy":26,"t_su_am_secondary_school":24,"t_wd_pm_hospital":null,"t_su_am_hospital":null,"c_gp":7,"c_hospital":14,"c_pharmacy":6,"c_primary_school":6,"c_rail_station":4,"c_secondary_school":6,"c_supermarket":4,"p30_wd_am":3550,"p45_wd_am":24773,"p60_wd_am":51739,"p30_wd_pm":3550,"p45_wd_pm":13487,"p60_wd_pm":43601,"p30_su_am":3439,"p45_su_am":6081,"p60_su_am":23199,"pc30":143067,"pc45":178260,"pc60":183764}},{"type":"Feature","geometry":{"type":"Polygon","coordinates":[[[7.14464,49.4557],[7.15843,49.45604],[7.1579,49.46503],[7.14412,49.46468],[7.14464,49.4557]]]},"properties":{"id":"CRS3035RES1kmN2931000E4114000","pop":510,"ags":"10046117","t_wd_pm_supermarket":14,"t_wd_pm_gp":24,"t_wd_pm_primary_school":12,"t_wd_pm_rail_station":15,"t_wd_pm_pharmacy":19,"t_wd_pm_secondary_school":27,"t_wd_am_primary_school":12,"t_wd_am_rail_station":15,"t_wd_am_supermarket":14,"t_wd_am_hospital":53,"t_wd_am_gp":24,"t_wd_am_pharmacy":19,"t_wd_am_secondary_school":27,"t_su_am_primary_school":12,"t_su_am_rail_station":15,"t_su_am_supermarket":14,"t_su_am_gp":24,"t_su_am_pharmacy":19,"t_su_am_secondary_school":27,"t_wd_pm_hospital":null,"t_su_am_hospital":null,"c_gp":6,"c_hospital":12,"c_pharmacy":4,"c_primary_school":4,"c_rail_station":3,"c_secondary_school":6,"c_supermarket":4,"p30_wd_am":8126,"p45_wd_am":28925,"p60_wd_am":51075,"p30_wd_pm":7346,"p45_wd_pm":18158,"p60_wd_pm":35603,"p30_su_am":7346,"p45_su_am":12811,"p60_su_am":29036,"pc30":147160,"pc45":179034,"pc60":183764}},{"type":"Feature","geometry":{"type":"Polygon","coordinates":[[[7.15843,49.45604],[7.17221,49.45639],[7.17169,49.46538],[7.1579,49.46503],[7.15843,49.45604]]]},"properties":{"id":"CRS3035RES1kmN2931000E4115000","pop":1281,"ags":"10046117","t_wd_pm_supermarket":17,"t_wd_pm_gp":6,"t_wd_pm_primary_school":8,"t_wd_pm_rail_station":11,"t_wd_pm_pharmacy":10,"t_wd_pm_secondary_school":11,"t_wd_am_primary_school":8,"t_wd_am_rail_station":11,"t_wd_am_supermarket":17,"t_wd_am_hospital":20,"t_wd_am_gp":6,"t_wd_am_pharmacy":10,"t_wd_am_secondary_school":11,"t_su_am_primary_school":8,"t_su_am_rail_station":11,"t_su_am_supermarket":17,"t_su_am_gp":6,"t_su_am_pharmacy":10,"t_su_am_secondary_school":11,"t_wd_pm_hospital":20,"t_su_am_hospital":20,"c_gp":1,"c_hospital":12,"c_pharmacy":3,"c_primary_school":4,"c_rail_station":4,"c_secondary_school":5,"c_supermarket":3,"p30_wd_am":14014,"p45_wd_am":46476,"p60_wd_am":71381,"p30_wd_pm":11584,"p45_wd_pm":38959,"p60_wd_pm":68816,"p30_su_am":11473,"p45_su_am":30884,"p60_su_am":42996,"pc30":142983,"pc45":178211,"pc60":182886}},{"type":"Feature","geometry":{"type":"Polygon","coordinates":[[[7.17221,49.45639],[7.18599,49.45674],[7.18547,49.46572],[7.17169,49.46538],[7.17221,49.45639]]]},"properties":{"id":"CRS3035RES1kmN2931000E4116000","pop":1099,"ags":"10046117","t_wd_pm_supermarket":12,"t_wd_pm_gp":11,"t_wd_pm_primary_school":8,"t_wd_pm_rail_station":16,"t_wd_pm_pharmacy":12,"t_wd_pm_secondary_school":4,"t_wd_am_primary_school":8,"t_wd_am_rail_station":14,"t_wd_am_supermarket":10,"t_wd_am_hospital":15,"t_wd_am_gp":10,"t_wd_am_pharmacy":12,"t_wd_am_secondary_school":4,"t_su_am_primary_school":8,"t_su_am_rail_station":16,"t_su_am_supermarket":12,"t_su_am_gp":11,"t_su_am_pharmacy":12,"t_su_am_secondary_school":4,"t_wd_pm_hospital":15,"t_su_am_hospital":15,"c_gp":1,"c_hospital":9,"c_pharmacy":5,"c_primary_school":3,"c_rail_station":6,"c_secondary_school":1,"c_supermarket":3,"p30_wd_am":14263,"p45_wd_am":38812,"p60_wd_am":71424,"p30_wd_pm":9101,"p45_wd_pm":24238,"p60_wd_pm":49121,"p30_su_am":9101,"p45_su_am":18523,"p60_su_am":33980,"pc30":135808,"pc45":175509,"pc60":182611}},{"type":"Feature","geometry":{"type":"Polygon","coordinates":[[[7.18599,49.45674],[7.19977,49.45708],[7.19926,49.46606],[7.18547,49.46572],[7.18599,49.45674]]]},"properties":{"id":"CRS3035RES1kmN2931000E4117000","pop":109,"ags":"10046117","t_wd_pm_supermarket":23,"t_wd_pm_gp":21,"t_wd_pm_primary_school":23,"t_wd_pm_rail_station":28,"t_wd_pm_pharmacy":24,"t_wd_pm_secondary_school":3,"t_wd_am_primary_school":23,"t_wd_am_rail_station":28,"t_wd_am_supermarket":23,"t_wd_am_hospital":28,"t_wd_am_gp":21,"t_wd_am_pharmacy":24,"t_wd_am_secondary_school":3,"t_su_am_primary_school":23,"t_su_am_rail_station":28,"t_su_am_supermarket":23,"t_su_am_gp":21,"t_su_am_pharmacy":24,"t_su_am_secondary_school":3,"t_wd_pm_hospital":29,"t_su_am_hospital":29,"c_gp":3,"c_hospital":13,"c_pharmacy":7,"c_primary_school":5,"c_rail_station":8,"c_secondary_school":1,"c_supermarket":4,"p30_wd_am":5257,"p45_wd_am":10832,"p60_wd_am":26319,"p30_wd_pm":4939,"p45_wd_pm":7667,"p60_wd_pm":19206,"p30_su_am":4939,"p45_su_am":7667,"p60_su_am":15293,"pc30":124003,"pc45":174615,"pc60":182611}},{"type":"Feature","geometry":{"type":"Polygon","coordinates":[[[7.22734,49.45776],[7.24112,49.4581],[7.24061,49.46708],[7.22682,49.46675],[7.22734,49.45776]]]},"properties":{"id":"CRS3035RES1kmN2931000E4120000","pop":79,"ags":"10046117","t_wd_pm_supermarket":13,"t_wd_pm_gp":80,"t_wd_pm_primary_school":22,"t_wd_pm_rail_station":null,"t_wd_pm_pharmacy":19,"t_wd_pm_secondary_school":null,"t_wd_am_primary_school":22,"t_wd_am_rail_station":54,"t_wd_am_supermarket":13,"t_wd_am_hospital":50,"t_wd_am_gp":37,"t_wd_am_pharmacy":19,"t_wd_am_secondary_school":41,"t_su_am_primary_school":22,"t_su_am_rail_station":null,"t_su_am_supermarket":13,"t_su_am_gp":null,"t_su_am_pharmacy":19,"t_su_am_secondary_school":null,"t_wd_pm_hospital":null,"t_su_am_hospital":null,"c_gp":7,"c_hospital":18,"c_pharmacy":4,"c_primary_school":5,"c_rail_station":13,"c_secondary_school":9,"c_supermarket":4,"p30_wd_am":2246,"p45_wd_am":6015,"p60_wd_am":19008,"p30_wd_pm":2040,"p45_wd_pm":2290,"p60_wd_pm":4073,"p30_su_am":2040,"p45_su_am":2040,"p60_su_am":2040,"pc30":107736,"pc45":165196,"pc60":181198}},{"type":"Feature","geometry":{"type":"Polygon","coordinates":[[[7.24112,49.4581],[7.2549,49.45844],[7.2544,49.46742],[7.24061,49.46708],[7.24112,49.4581]]]},"properties":{"id":"CRS3035RES1kmN2931000E4121000","pop":629,"ags":"10046117","t_wd_pm_supermarket":2,"t_wd_pm_gp":80,"t_wd_pm_primary_school":15,"t_wd_pm_rail_station":null,"t_wd_pm_pharmacy":9,"t_wd_pm_secondary_school":null,"t_wd_am_primary_school":15,"t_wd_am_rail_station":65,"t_wd_am_supermarket":2,"t_wd_am_hospital":90,"t_wd_am_gp":29,"t_wd_am_pharmacy":9,"t_wd_am_secondary_school":33,"t_su_am_primary_school":15,"t_su_am_rail_station":null,"t_su_am_supermarket":2,"t_su_am_gp":null,"t_su_am_pharmacy":9,"t_su_am_secondary_school":null,"t_wd_pm_hospital":null,"t_su_am_hospital":null,"c_gp":7,"c_hospital":15,"c_pharmacy":1,"c_primary_school":4,"c_rail_station":11,"c_secondary_school":8,"c_supermarket":0,"p30_wd_am":2903,"p45_wd_am":9109,"p60_wd_am":12118,"p30_wd_pm":1775,"p45_wd_pm":1819,"p60_wd_pm":4073,"p30_su_am":1775,"p45_su_am":1775,"p60_su_am":1775,"pc30":111655,"pc45":163546,"pc60":180248}},{"type":"Feature","geometry":{"type":"Polygon","coordinates":[[[7.26869,49.45877],[7.28247,49.4591],[7.28197,49.46809],[7.26818,49.46776],[7.26869,49.45877]]]},"properties":{"id":"CRS3035RES1kmN2931000E4123000","pop":128,"ags":"10046117","t_wd_pm_supermarket":27,"t_wd_pm_gp":80,"t_wd_pm_primary_school":45,"t_wd_pm_rail_station":null,"t_wd_pm_pharmacy":28,"t_wd_pm_secondary_school":null,"t_wd_am_primary_school":27,"t_wd_am_rail_station":66,"t_wd_am_supermarket":17,"t_wd_am_hospital":91,"t_wd_am_gp":31,"t_wd_am_pharmacy":17,"t_wd_am_secondary_school":34,"t_su_am_primary_school":null,"t_su_am_rail_station":null,"t_su_am_supermarket":27,"t_su_am_gp":null,"t_su_am_pharmacy":28,"t_su_am_secondary_school":null,"t_wd_pm_hospital":null,"t_su_am_hospital":null,"c_gp":11,"c_hospital":19,"c_pharmacy":4,"c_primary_school":7,"c_rail_station":15,"c_secondary_school":12,"c_supermarket":3,"p30_wd_am":2903,"p45_wd_am":9265,"p60_wd_am":12124,"p30_wd_pm":1159,"p45_wd_pm":1705,"p60_wd_pm":4496,"p30_su_am":1159,"p45_su_am":1582,"p60_su_am":1582,"pc30":96908,"pc45":156907,"pc60":179195}},{"type":"Feature","geometry":{"type":"Polygon","coordinates":[[[6.97872,49.46037],[6.9925,49.46074],[6.99195,49.46972],[6.97816,49.46935],[6.97872,49.46037]]]},"properties":{"id":"CRS3035RES1kmN2932000E4102000","pop":67,"ags":"10046118","t_wd_pm_supermarket":33,"t_wd_pm_gp":50,"t_wd_pm_primary_school":48,"t_wd_pm_rail_station":54,"t_wd_pm_pharmacy":28,"t_wd_pm_secondary_school":45,"t_wd_am_primary_school":34,"t_wd_am_rail_station":54,"t_wd_am_supermarket":30,"t_wd_am_hospital":94,"t_wd_am_gp":35,"t_wd_am_pharmacy":28,"t_wd_am_secondary_school":39,"t_su_am_primary_school":40,"t_su_am_rail_station":71,"t_su_am_supermarket":37,"t_su_am_gp":37,"t_su_am_pharmacy":37,"t_su_am_secondary_school":49,"t_wd_pm_hospital":null,"t_su_am_hospital":null,"c_gp":8,"c_hospital":32,"c_pharmacy":4,"c_primary_school":7,"c_rail_station":9,"c_secondary_school":12,"c_supermarket":5,"p30_wd_am":2931,"p45_wd_am":19665,"p60_wd_am":34860,"p30_wd_pm":1905,"p45_wd_pm":13687,"p60_wd_pm":24223,"p30_su_am":1905,"p45_su_am":4079,"p60_su_am":11875,"pc30":147699,"pc45":177757,"pc60":183575}},{"type":"Feature","geometry":{"type":"Polygon","coordinates":[[[6.9925,49.46074],[7.00629,49.46111],[7.00573,49.47009],[6.99195,49.46972],[6.9925,49.46074]]]},"properties":{"id":"CRS3035RES1kmN2932000E4103000","pop":915,"ags":"10046118","t_wd_pm_supermarket":30,"t_wd_pm_gp":47,"t_wd_pm_primary_school":45,"t_wd_pm_rail_station":51,"t_wd_pm_pharmacy":24,"t_wd_pm_secondary_school":42,"t_wd_am_primary_school":25,"t_wd_am_rail_station":51,"t_wd_am_supermarket":26,"t_wd_am_hospital":91,"t_wd_am_gp":26,"t_wd_am_pharmacy":24,"t_wd_am_secondary_school":36,"t_su_am_primary_school":40,"t_su_am_rail_station":71,"t_su_am_supermarket":37,"t_su_am_gp":37,"t_su_am_pharmacy":37,"t_su_am_secondary_school":49,"t_wd_pm_hospital":null,"t_su_am_hospital":null,"c_gp":7,"c_hospital":29,"c_pharmacy":2,"c_primary_school":6,"c_rail_station":9,"c_secondary_school":10,"c_supermarket":4,"p30_wd_am":7398,"p45_wd_am":23707,"p60_wd_am":39219,"p30_wd_pm":5809,"p45_wd_pm":14859,"p60_wd_pm":27290,"p30_su_am":1921,"p45_su_am":4079,"p60_su_am":11875,"pc30":153516,"pc45":180341,"pc60":183660}},{"type":"Feature","geometry":{"type":"Polygon","coordinates":[[[7.00629,49.46111],[7.02007,49.46147],[7.01952,49.47045],[7.00573,49.47009],[7.00629,49.46111]]]},"properties":{"id":"CRS3035RES1kmN2932000E4104000","pop":186,"ags":"10046118","t_wd_pm_supermarket":33,"t_wd_pm_gp":50,"t_wd_pm_primary_school":48,"t_wd_pm_rail_station":54,"t_wd_pm_pharmacy":31,"t_wd_pm_secondary_school":45,"t_wd_am_primary_school":33,"t_wd_am_rail_station":54,"t_wd_am_supermarket":30,"t_wd_am_hospital":94,"t_wd_am_gp":34,"t_wd_am_pharmacy":28,"t_wd_am_secondary_school":39,"t_su_am_primary_school":40,"t_su_am_rail_station":71,"t_su_am_supermarket":37,"t_su_am_gp":37,"t_su_am_pharmacy":37,"t_su_am_secondary_school":49,"t_wd_pm_hospital":null,"t_su_am_hospital":null,"c_gp":9,"c_hospital":32,"c_pharmacy":5,"c_primary_school":10,"c_rail_station":12,"c_secondary_school":12,"c_supermarket":7,"p30_wd_am":2931,"p45_wd_am":16384,"p60_wd_am":32825,"p30_wd_pm":1905,"p45_wd_pm":10406,"p60_wd_pm":18254,"p30_su_am":1905,"p45_su_am":4079,"p60_su_am":11875,"pc30":141843,"pc45":176601,"pc60":183575}},{"type":"Feature","geometry":{"type":"Polygon","coordinates":[[[7.03385,49.46183],[7.04763,49.4622],[7.04709,49.47118],[7.0333,49.47082],[7.03385,49.46183]]]},"properties":{"id":"CRS3035RES1kmN2932000E4106000","pop":4,"ags":"10046112","t_wd_pm_supermarket":26,"t_wd_pm_gp":52,"t_wd_pm_primary_school":28,"t_wd_pm_rail_station":74,"t_wd_pm_pharmacy":28,"t_wd_pm_secondary_school":29,"t_wd_am_primary_school":28,"t_wd_am_rail_station":63,"t_wd_am_supermarket":26,"t_wd_am_hospital":91,"t_wd_am_gp":52,"t_wd_am_pharmacy":28,"t_wd_am_secondary_school":29,"t_su_am_primary_school":28,"t_su_am_rail_station":73,"t_su_am_supermarket":26,"t_su_am_gp":77,"t_su_am_pharmacy":28,"t_su_am_secondary_school":29,"t_wd_pm_hospital":null,"t_su_am_hospital":null,"c_gp":10,"c_hospital":29,"c_pharmacy":7,"c_primary_school":8,"c_rail_station":11,"c_secondary_school":9,"c_supermarket":6,"p30_wd_am":898,"p45_wd_am":3590,"p60_wd_am":10158,"p30_wd_pm":898,"p45_wd_pm":1188,"p60_wd_pm":7284,"p30_su_am":898,"p45_su_am":1188,"p60_su_am":1188,"pc30":141703,"pc45":177117,"pc60":183358}},{"type":"Feature","geometry":{"type":"Polygon","coordinates":[[[7.06142,49.46256],[7.0752,49.46291],[7.07466,49.4719],[7.06087,49.47154],[7.06142,49.46256]]]},"properties":{"id":"CRS3035RES1kmN2932000E4108000","pop":909,"ags":"10046112","t_wd_pm_supermarket":20,"t_wd_pm_gp":42,"t_wd_pm_primary_school":39,"t_wd_pm_rail_station":39,"t_wd_pm_pharmacy":5,"t_wd_pm_secondary_school":35,"t_wd_am_primary_school":34,"t_wd_am_rail_station":44,"t_wd_am_supermarket":20,"t_wd_am_hospital":84,"t_wd_am_gp":42,"t_wd_am_pharmacy":5,"t_wd_am_secondary_school":34,"t_su_am_primary_school":28,"t_su_am_rail_station":49,"t_su_am_supermarket":20,"t_su_am_gp":51,"t_su_am_pharmacy":5,"t_su_am_secondary_school":30,"t_wd_pm_hospital":null,"t_su_am_hospital":null,"c_gp":6,"c_hospital":21,"c_pharmacy":1,"c_primary_school":4,"c_rail_station":10,"c_secondary_school":4,"c_supermarket":2,"p30_wd_am":3769,"p45_wd_am":19038,"p60_wd_am":38830,"p30_wd_pm":5458,"p45_wd_pm":18901,"p60_wd_pm":37791,"p30_su_am":5272,"p45_su_am":10168,"p60_su_am":14790,"pc30":159747,"pc45":179481,"pc60":183980}},{"type":"Feature","geometry":{"type":"Polygon","coordinates":[[[7.0752,49.46291],[7.08898,49.46327],[7.08845,49.47226],[7.07466,49.4719],[7.0752,49.46291]]]},"properties":{"id":"CRS3035RES1kmN2932000E4109000","pop":43,"ags":"10046112","t_wd_pm_supermarket":34,"t_wd_pm_gp":45,"t_wd_pm_primary_school":39,"t_wd_pm_rail_station":44,"t_wd_pm_pharmacy":10,"t_wd_pm_secondary_school":40,"t_wd_am_primary_school":34,"t_wd_am_rail_station":49,"t_wd_am_supermarket":30,"t_wd_am_hospital":89,"t_wd_am_gp":45,"t_wd_am_pharmacy":10,"t_wd_am_secondary_school":34,"t_su_am_primary_school":34,"t_su_am_rail_station":51,"t_su_am_supermarket":31,"t_su_am_gp":53,"t_su_am_pharmacy":10,"t_su_am_secondary_school":36,"t_wd_pm_hospital":null,"t_su_am_hospital":null,"c_gp":10,"c_hospital":23,"c_pharmacy":4,"c_primary_school":9,"c_rail_station":13,"c_secondary_school":10,"c_supermarket":7,"p30_wd_am":4125,"p45_wd_am":16795,"p60_wd_am":35267,"p30_wd_pm":3115,"p45_wd_pm":14517,"p60_wd_pm":32064,"p30_su_am":3115,"p45_su_am":8409,"p60_su_am":14790,"pc30":151266,"pc45":178606,"pc60":183980}},{"type":"Feature","geometry":{"type":"Polygon","coordinates":[[[7.08898,49.46327],[7.10277,49.46363],[7.10223,49.47261],[7.08845,49.47226],[7.08898,49.46327]]]},"properties":{"id":"CRS3035RES1kmN2932000E4110000","pop":299,"ags":"10046117","t_wd_pm_supermarket":8,"t_wd_pm_gp":27,"t_wd_pm_primary_school":32,"t_wd_pm_rail_station":24,"t_wd_pm_pharmacy":23,"t_wd_pm_secondary_school":20,"t_wd_am_primary_school":35,"t_wd_am_rail_station":39,"t_wd_am_supermarket":8,"t_wd_am_hospital":79,"t_wd_am_gp":34,"t_wd_am_pharmacy":28,"t_wd_am_secondary_school":35,"t_su_am_primary_school":49,"t_su_am_rail_station":41,"t_su_am_supermarket":8,"t_su_am_gp":43,"t_su_am_pharmacy":39,"t_su_am_secondary_school":37,"t_wd_pm_hospital":null,"t_su_am_hospital":null,"c_gp":7,"c_hospital":20,"c_pharmacy":6,"c_primary_school":7,"c_rail_station":9,"c_secondary_school":9,"c_supermarket":2,"p30_wd_am":2205,"p45_wd_am":24623,"p60_wd_am":49906,"p30_wd_pm":6450,"p45_wd_pm":28757,"p60_wd_pm":46898,"p30_su_am":2175,"p45_su_am":6450,"p60_su_am":12517,"pc30":152056,"pc45":178482,"pc60":183816}},{"type":"Feature","geometry":{"type":"Polygon","coordinates":[[[7.10277,49.46363],[7.11655,49.46398],[7.11602,49.47296],[7.10223,49.47261],[7.10277,49.46363]]]},"properties":{"id":"CRS3035RES1kmN2932000E4111000","pop":107,"ags":"10046117","t_wd_pm_supermarket":2,"t_wd_pm_gp":23,"t_wd_pm_primary_school":28,"t_wd_pm_rail_station":20,"t_wd_pm_pharmacy":19,"t_wd_pm_secondary_school":16,"t_wd_am_primary_school":29,"t_wd_am_rail_station":22,"t_wd_am_supermarket":2,"t_wd_am_hospital":38,"t_wd_am_gp":25,"t_wd_am_pharmacy":21,"t_wd_am_secondary_school":19,"t_su_am_primary_school":49,"t_su_am_rail_station":41,"t_su_am_supermarket":2,"t_su_am_gp":43,"t_su_am_pharmacy":39,"t_su_am_secondary_school":37,"t_wd_pm_hospital":58,"t_su_am_hospital":null,"c_gp":4,"c_hospital":18,"c_pharmacy":4,"c_primary_school":4,"c_rail_station":7,"c_secondary_school":7,"c_supermarket":0,"p30_wd_am":12216,"p45_wd_am":41044,"p60_wd_am":67461,"p30_wd_pm":11385,"p45_wd_pm":36769,"p60_wd_pm":63588,"p30_su_am":2175,"p45_su_am":6450,"p60_su_am":12517,"pc30":157506,"pc45":179735,"pc60":183980}},{"type":"Feature","geometry":{"type":"Polygon","coordinates":[[[7.11655,49.46398],[7.13033,49.46433],[7.1298,49.47332],[7.11602,49.47296],[7.11655,49.46398]]]},"properties":{"id":"CRS3035RES1kmN2932000E4112000","pop":4,"ags":"10046117","t_wd_pm_supermarket":14,"t_wd_pm_gp":20,"t_wd_pm_primary_school":25,"t_wd_pm_rail_station":17,"t_wd_pm_pharmacy":16,"t_wd_pm_secondary_school":13,"t_wd_am_primary_school":24,"t_wd_am_rail_station":16,"t_wd_am_supermarket":14,"t_wd_am_hospital":32,"t_wd_am_gp":20,"t_wd_am_pharmacy":16,"t_wd_am_secondary_school":13,"t_su_am_primary_school":49,"t_su_am_rail_station":41,"t_su_am_supermarket":14,"t_su_am_gp":43,"t_su_am_pharmacy":39,"t_su_am_secondary_school":37,"t_wd_pm_hospital":55,"t_su_am_hospital":null,"c_gp":6,"c_hospital":18,"c_pharmacy":5,"c_primary_school":6,"c_rail_station":7,"c_secondary_school":6,"c_supermarket":1,"p30_wd_am":16296,"p45_wd_am":49970,"p60_wd_am":69291,"p30_wd_pm":13594,"p45_wd_pm":38578,"p60_wd_pm":67040,"p30_su_am":2053,"p45_su_am":6309,"p60_su_am":12474,"pc30":156067,"pc45":178878,"pc60":183891}},{"type":"Feature","geometry":{"type":"Polygon","coordinates":[[[7.13033,49.46433],[7.14412,49.46468],[7.14359,49.47367],[7.1298,49.47332],[7.13033,49.46433]]]},"properties":{"id":"CRS3035RES1kmN2932000E4113000","pop":19,"ags":"10046117","t_wd_pm_supermarket":22,"t_wd_pm_gp":27,"t_wd_pm_primary_school":25,"t_wd_pm_rail_station":24,"t_wd_pm_pharmacy":23,"t_wd_pm_secondary_school":20,"t_wd_am_primary_school":25,"t_wd_am_rail_station":38,"t_wd_am_supermarket":23,"t_wd_am_hospital":48,"t_wd_am_gp":33,"t_wd_am_pharmacy":27,"t_wd_am_secondary_school":22,"t_su_am_primary_school":25,"t_su_am_rail_station":41,"t_su_am_supermarket":24,"t_su_am_gp":43,"t_su_am_pharmacy":27,"t_su_am_secondary_school":22,"t_wd_pm_hospital":null,"t_su_am_hospital":null,"c_gp":7,"c_hospital":17,"c_pharmacy":6,"c_primary_school":10,"c_rail_station":7,"c_secondary_school":6,"c_supermarket":6,"p30_wd_am":4461,"p45_wd_am":24914,"p60_wd_am":48895,"p30_wd_pm":7100,"p45_wd_pm":25570,"p60_wd_pm":46879,"p30_su_am":2486,"p45_su_am":5125,"p60_su_am":12266,"pc30":137983,"pc45":178150,"pc60":183666}},{"type":"Feature","geometry":{"type":"Polygon","coordinates":[[[7.14412,49.46468],[7.1579,49.46503],[7.15738,49.47402],[7.14359,49.47367],[7.14412,49.46468]]]},"properties":{"id":"CRS3035RES1kmN2932000E4114000","pop":1617,"ags":"10046117","t_wd_pm_supermarket":11,"t_wd_pm_gp":13,"t_wd_pm_primary_school":23,"t_wd_pm_rail_station":15,"t_wd_pm_pharmacy":12,"t_wd_pm_secondary_school":1,"t_wd_am_primary_school":21,"t_wd_am_rail_station":13,"t_wd_am_supermarket":11,"t_wd_am_hospital":29,"t_wd_am_gp":13,"t_wd_am_pharmacy":12,"t_wd_am_secondary_school":1,"t_su_am_primary_school":26,"t_su_am_rail_station":17,"t_su_am_supermarket":11,"t_su_am_gp":13,"t_su_am_pharmacy":12,"t_su_am_secondary_school":1,"t_wd_pm_hospital":53,"t_su_am_hospital":null,"c_gp":3,"c_hospital":15,"c_pharmacy":2,"c_primary_school":6,"c_rail_station":4,"c_secondary_school":0,"c_supermarket":2,"p30_wd_am":13904,"p45_wd_am":50214,"p60_wd_am":74157,"p30_wd_pm":12164,"p45_wd_pm":45084,"p60_wd_pm":71703,"p30_su_am":9086,"p45_su_am":23859,"p60_su_am":41964,"pc30":151206,"pc45":179048,"pc60":183764}},{"type":"Feature","geometry":{"type":"Polygon","coordinates":[[[7.1579,49.46503],[7.17169,49.46538],[7.17116,49.47436],[7.15738,49.47402],[7.1579,49.46503]]]},"properties":{"id":"CRS3035RES1kmN2932000E4115000","pop":2639,"ags":"10046117","t_wd_pm_supermarket":5,"t_wd_pm_gp":1,"t_wd_pm_primary_school":14,"t_wd_pm_rail_station":5,"t_wd_pm_pharmacy":0,"t_wd_pm_secondary_school":15,"t_wd_am_primary_school":14,"t_wd_am_rail_station":5,"t_wd_am_supermarket":5,"t_wd_am_hospital":23,"t_wd_am_gp":1,"t_wd_am_pharmacy":0,"t_wd_am_secondary_school":15,"t_su_am_primary_school":14,"t_su_am_rail_station":5,"t_su_am_supermarket":5,"t_su_am_gp":1,"t_su_am_pharmacy":0,"t_su_am_secondary_school":15,"t_wd_pm_hospital":49,"t_su_am_hospital":null,"c_gp":0,"c_hospital":13,"c_pharmacy":0,"c_primary_school":4,"c_rail_station":2,"c_secondary_school":2,"c_supermarket":1,"p30_wd_am":28780,"p45_wd_am":59102,"p60_wd_am":87026,"p30_wd_pm":21657,"p45_wd_pm":49417,"p60_wd_pm":78788,"p30_su_am":16575,"p45_su_am":36158,"p60_su_am":50057,"pc30":151407,"pc45":179048,"pc60":183764}},{"type":"Feature","geometry":{"type":"Polygon","coordinates":[[[7.17169,49.46538],[7.18547,49.46572],[7.18495,49.47471],[7.17116,49.47436],[7.17169,49.46538]]]},"properties":{"id":"CRS3035RES1kmN2932000E4116000","pop":2337,"ags":"10046117","t_wd_pm_supermarket":1,"t_wd_pm_gp":1,"t_wd_pm_primary_school":12,"t_wd_pm_rail_station":15,"t_wd_pm_pharmacy":9,"t_wd_pm_secondary_school":12,"t_wd_am_primary_school":12,"t_wd_am_rail_station":14,"t_wd_am_supermarket":1,"t_wd_am_hospital":23,"t_wd_am_gp":1,"t_wd_am_pharmacy":9,"t_wd_am_secondary_school":12,"t_su_am_primary_school":12,"t_su_am_rail_station":15,"t_su_am_supermarket":1,"t_su_am_gp":1,"t_su_am_pharmacy":9,"t_su_am_secondary_school":12,"t_wd_pm_hospital":28,"t_su_am_hospital":28,"c_gp":0,"c_hospital":12,"c_pharmacy":4,"c_primary_school":4,"c_rail_station":6,"c_secondary_school":3,"c_supermarket":2,"p30_wd_am":14844,"p45_wd_am":38452,"p60_wd_am":71528,"p30_wd_pm":11407,"p45_wd_pm":32762,"p60_wd_pm":65970,"p30_su_am":11159,"p45_su_am":24584,"p60_su_am":40706,"pc30":139642,"pc45":178301,"pc60":182886}},{"type":"Feature","geometry":{"type":"Polygon","coordinates":[[[7.18547,49.46572],[7.19926,49.46606],[7.19874,49.47505],[7.18495,49.47471],[7.18547,49.46572]]]},"properties":{"id":"CRS3035RES1kmN2932000E4117000","pop":99,"ags":"10046117","t_wd_pm_supermarket":15,"t_wd_pm_gp":14,"t_wd_pm_primary_school":21,"t_wd_pm_rail_station":24,"t_wd_pm_pharmacy":19,"t_wd_pm_secondary_school":17,"t_wd_am_primary_school":21,"t_wd_am_rail_station":24,"t_wd_am_supermarket":15,"t_wd_am_hospital":32,"t_wd_am_gp":14,"t_wd_am_pharmacy":19,"t_wd_am_secondary_school":17,"t_su_am_primary_school":21,"t_su_am_rail_station":24,"t_su_am_supermarket":15,"t_su_am_gp":14,"t_su_am_pharmacy":19,"t_su_am_secondary_school":17,"t_wd_pm_hospital":null,"t_su_am_hospital":null,"c_gp":2,"c_hospital":13,"c_pharmacy":6,"c_primary_school":5,"c_rail_station":7,"c_secondary_school":4,"c_supermarket":3,"p30_wd_am":8415,"p45_wd_am":14588,"p60_wd_am":37910,"p30_wd_pm":8415,"p45_wd_pm":13259,"p60_wd_pm":35779,"p30_su_am":8415,"p45_su_am":11244,"p60_su_am":28544,"pc30":129096,"pc45":175503,"pc60":182611}},{"type":"Feature","geometry":{"type":"Polygon","coordinates":[[[7.19926,49.46606],[7.21304,49.46641],[7.21253,49.47539],[7.19874,49.47505],[7.19926,49.46606]]]},"properties":{"id":"CRS3035RES1kmN2932000E4118000","pop":3,"ags":"10046117","t_wd_pm_supermarket":null,"t_wd_pm_gp":30,"t_wd_pm_primary_school":null,"t_wd_pm_rail_station":null,"t_wd_pm_pharmacy":null,"t_wd_pm_secondary_school":14,"t_wd_am_primary_school":null,"t_wd_am_rail_station":null,"t_wd_am_supermarket":null,"t_wd_am_hospital":null,"t_wd_am_gp":30,"t_wd_am_pharmacy":null,"t_wd_am_secondary_school":14,"t_su_am_primary_school":null,"t_su_am_rail_station":null,"t_su_am_supermarket":null,"t_su_am_gp":30,"t_su_am_pharmacy":null,"t_su_am_secondary_school":14,"t_wd_pm_hospital":null,"t_su_am_hospital":null,"c_gp":3,"c_hospital":14,"c_pharmacy":7,"c_primary_school":6,"c_rail_station":9,"c_secondary_school":3,"c_supermarket":5,"p30_wd_am":211,"p45_wd_am":211,"p60_wd_am":211,"p30_wd_pm":211,"p45_wd_pm":211,"p60_wd_pm":211,"p30_su_am":211,"p45_su_am":211,"p60_su_am":211,"pc30":121987,"pc45":174537,"pc60":182611}},{"type":"Feature","geometry":{"type":"Polygon","coordinates":[[[7.24061,49.46708],[7.2544,49.46742],[7.25389,49.47641],[7.2401,49.47607],[7.24061,49.46708]]]},"properties":{"id":"CRS3035RES1kmN2932000E4121000","pop":448,"ags":"10046117","t_wd_pm_supermarket":15,"t_wd_pm_gp":80,"t_wd_pm_primary_school":7,"t_wd_pm_rail_station":null,"t_wd_pm_pharmacy":14,"t_wd_pm_secondary_school":null,"t_wd_am_primary_school":7,"t_wd_am_rail_station":69,"t_wd_am_supermarket":15,"t_wd_am_hospital":91,"t_wd_am_gp":37,"t_wd_am_pharmacy":14,"t_wd_am_secondary_school":41,"t_su_am_primary_school":7,"t_su_am_rail_station":null,"t_su_am_supermarket":15,"t_su_am_gp":null,"t_su_am_pharmacy":14,"t_su_am_secondary_school":null,"t_wd_pm_hospital":null,"t_su_am_hospital":null,"c_gp":14,"c_hospital":22,"c_pharmacy":7,"c_primary_school":5,"c_rail_station":18,"c_secondary_school":15,"c_supermarket":7,"p30_wd_am":2003,"p45_wd_am":5455,"p60_wd_am":10349,"p30_wd_pm":1569,"p45_wd_pm":1819,"p60_wd_pm":4073,"p30_su_am":1569,"p45_su_am":1569,"p60_su_am":1569,"pc30":85355,"pc45":150792,"pc60":179195}},{"type":"Feature","geometry":{"type":"Polygon","coordinates":[[[7.2544,49.46742],[7.26818,49.46776],[7.26768,49.47674],[7.25389,49.47641],[7.2544,49.46742]]]},"properties":{"id":"CRS3035RES1kmN2932000E4122000","pop":324,"ags":"10046117","t_wd_pm_supermarket":16,"t_wd_pm_gp":52,"t_wd_pm_primary_school":21,"t_wd_pm_rail_station":81,"t_wd_pm_pharmacy":8,"t_wd_pm_secondary_school":59,"t_wd_am_primary_school":21,"t_wd_am_rail_station":66,"t_wd_am_supermarket":16,"t_wd_am_hospital":91,"t_wd_am_gp":27,"t_wd_am_pharmacy":8,"t_wd_am_secondary_school":31,"t_su_am_primary_school":21,"t_su_am_rail_station":null,"t_su_am_supermarket":16,"t_su_am_gp":null,"t_su_am_pharmacy":8,"t_su_am_secondary_school":null,"t_wd_pm_hospital":null,"t_su_am_hospital":null,"c_gp":9,"c_hospital":17,"c_pharmacy":1,"c_primary_school":4,"c_rail_station":13,"c_secondary_school":10,"c_supermarket":2,"p30_wd_am":4853,"p45_wd_am":10229,"p60_wd_am":12933,"p30_wd_pm":1822,"p45_wd_pm":2233,"p60_wd_pm":7545,"p30_su_am":1822,"p45_su_am":1822,"p60_su_am":1822,"pc30":101681,"pc45":159191,"pc60":180380}},{"type":"Feature","geometry":{"type":"Polygon","coordinates":[[[7.26818,49.46776],[7.28197,49.46809],[7.28146,49.47708],[7.26768,49.47674],[7.26818,49.46776]]]},"properties":{"id":"CRS3035RES1kmN2932000E4123000","pop":78,"ags":"10046117","t_wd_pm_supermarket":25,"t_wd_pm_gp":80,"t_wd_pm_primary_school":45,"t_wd_pm_rail_station":null,"t_wd_pm_pharmacy":21,"t_wd_pm_secondary_school":null,"t_wd_am_primary_school":30,"t_wd_am_rail_station":69,"t_wd_am_supermarket":20,"t_wd_am_hospital":91,"t_wd_am_gp":34,"t_wd_am_pharmacy":20,"t_wd_am_secondary_school":37,"t_su_am_primary_school":null,"t_su_am_rail_station":null,"t_su_am_supermarket":25,"t_su_am_gp":null,"t_su_am_pharmacy":21,"t_su_am_secondary_school":null,"t_wd_pm_hospital":null,"t_su_am_hospital":null,"c_gp":11,"c_hospital":19,"c_pharmacy":3,"c_primary_school":7,"c_rail_station":14,"c_secondary_school":12,"c_supermarket":3,"p30_wd_am":1709,"p45_wd_am":8673,"p60_wd_am":10730,"p30_wd_pm":1248,"p45_wd_pm":1371,"p60_wd_pm":4073,"p30_su_am":1248,"p45_su_am":1248,"p60_su_am":1248,"pc30":98587,"pc45":158736,"pc60":180011}},{"type":"Feature","geometry":{"type":"Polygon","coordinates":[[[7.28197,49.46809],[7.29575,49.46842],[7.29525,49.47741],[7.28146,49.47708],[7.28197,49.46809]]]},"properties":{"id":"CRS3035RES1kmN2932000E4124000","pop":5,"ags":"10046117","t_wd_pm_supermarket":null,"t_wd_pm_gp":null,"t_wd_pm_primary_school":null,"t_wd_pm_rail_station":null,"t_wd_pm_pharmacy":null,"t_wd_pm_secondary_school":null,"t_wd_am_primary_school":null,"t_wd_am_rail_station":null,"t_wd_am_supermarket":null,"t_wd_am_hospital":null,"t_wd_am_gp":null,"t_wd_am_pharmacy":null,"t_wd_am_secondary_school":null,"t_su_am_primary_school":null,"t_su_am_rail_station":null,"t_su_am_supermarket":null,"t_su_am_gp":null,"t_su_am_pharmacy":null,"t_su_am_secondary_school":null,"t_wd_pm_hospital":null,"t_su_am_hospital":null,"c_gp":17,"c_hospital":26,"c_pharmacy":10,"c_primary_school":14,"c_rail_station":22,"c_secondary_school":19,"c_supermarket":11,"p30_wd_am":8,"p45_wd_am":8,"p60_wd_am":8,"p30_wd_pm":8,"p45_wd_pm":8,"p60_wd_pm":8,"p30_su_am":8,"p45_su_am":8,"p60_su_am":8,"pc30":66133,"pc45":127083,"pc60":176325}},{"type":"Feature","geometry":{"type":"Polygon","coordinates":[[[6.97816,49.46935],[6.99195,49.46972],[6.99139,49.47871],[6.97761,49.47834],[6.97816,49.46935]]]},"properties":{"id":"CRS3035RES1kmN2933000E4102000","pop":6,"ags":"10046118","t_wd_pm_supermarket":46,"t_wd_pm_gp":58,"t_wd_pm_primary_school":54,"t_wd_pm_rail_station":69,"t_wd_pm_pharmacy":47,"t_wd_pm_secondary_school":51,"t_wd_am_primary_school":25,"t_wd_am_rail_station":57,"t_wd_am_supermarket":26,"t_wd_am_hospital":97,"t_wd_am_gp":26,"t_wd_am_pharmacy":26,"t_wd_am_secondary_school":33,"t_su_am_primary_school":40,"t_su_am_rail_station":71,"t_su_am_supermarket":37,"t_su_am_gp":37,"t_su_am_pharmacy":37,"t_su_am_secondary_school":49,"t_wd_pm_hospital":null,"t_su_am_hospital":null,"c_gp":6,"c_hospital":33,"c_pharmacy":5,"c_primary_school":7,"c_rail_station":13,"c_secondary_school":9,"c_supermarket":5,"p30_wd_am":3202,"p45_wd_am":16284,"p60_wd_am":31324,"p30_wd_pm":2107,"p45_wd_pm":3117,"p60_wd_pm":12504,"p30_su_am":2107,"p45_su_am":4223,"p60_su_am":12254,"pc30":144142,"pc45":178112,"pc60":183627}},{"type":"Feature","geometry":{"type":"Polygon","coordinates":[[[6.99195,49.46972],[7.00573,49.47009],[7.00518,49.47907],[6.99139,49.47871],[6.99195,49.46972]]]},"properties":{"id":"CRS3035RES1kmN2933000E4103000","pop":633,"ags":"10046118","t_wd_pm_supermarket":39,"t_wd_pm_gp":56,"t_wd_pm_primary_school":50,"t_wd_pm_rail_station":60,"t_wd_pm_pharmacy":37,"t_wd_pm_secondary_school":47,"t_wd_am_primary_school":25,"t_wd_am_rail_station":51,"t_wd_am_supermarket":26,"t_wd_am_hospital":91,"t_wd_am_gp":26,"t_wd_am_pharmacy":25,"t_wd_am_secondary_school":36,"t_su_am_primary_school":40,"t_su_am_rail_station":71,"t_su_am_supermarket":37,"t_su_am_gp":37,"t_su_am_pharmacy":37,"t_su_am_secondary_school":49,"t_wd_pm_hospital":null,"t_su_am_hospital":null,"c_gp":6,"c_hospital":32,"c_pharmacy":6,"c_primary_school":8,"c_rail_station":12,"c_secondary_school":9,"c_supermarket":6,"p30_wd_am":4520,"p45_wd_am":20114,"p60_wd_am":37056,"p30_wd_pm":1921,"p45_wd_pm":4447,"p60_wd_pm":14403,"p30_su_am":1921,"p45_su_am":4079,"p60_su_am":11875,"pc30":146170,"pc45":177742,"pc60":183575}},{"type":"Feature","geometry":{"type":"Polygon","coordinates":[[[7.01952,49.47045],[7.0333,49.47082],[7.03276,49.4798],[7.01897,49.47944],[7.01952,49.47045]]]},"properties":{"id":"CRS3035RES1kmN2933000E4105000","pop":520,"ags":"10046118","t_wd_pm_supermarket":15,"t_wd_pm_gp":47,"t_wd_pm_primary_school":45,"t_wd_pm_rail_station":51,"t_wd_pm_pharmacy":9,"t_wd_pm_secondary_school":42,"t_wd_am_primary_school":32,"t_wd_am_rail_station":51,"t_wd_am_supermarket":15,"t_wd_am_hospital":91,"t_wd_am_gp":38,"t_wd_am_pharmacy":9,"t_wd_am_secondary_school":33,"t_su_am_primary_school":48,"t_su_am_rail_station":61,"t_su_am_supermarket":15,"t_su_am_gp":45,"t_su_am_pharmacy":9,"t_su_am_secondary_school":47,"t_wd_pm_hospital":null,"t_su_am_hospital":null,"c_gp":10,"c_hospital":28,"c_pharmacy":2,"c_primary_school":8,"c_rail_station":13,"c_secondary_school":10,"c_supermarket":4,"p30_wd_am":2426,"p45_wd_am":17161,"p60_wd_am":30014,"p30_wd_pm":2244,"p45_wd_pm":9345,"p60_wd_pm":20426,"p30_su_am":2244,"p45_su_am":3619,"p60_su_am":14229,"pc30":151965,"pc45":179903,"pc60":184135}},{"type":"Feature","geometry":{"type":"Polygon","coordinates":[[[7.0333,49.47082],[7.04709,49.47118],[7.04654,49.48017],[7.03276,49.4798],[7.0333,49.47082]]]},"properties":{"id":"CRS3035RES1kmN2933000E4106000","pop":290,"ags":"10046118","t_wd_pm_supermarket":10,"t_wd_pm_gp":47,"t_wd_pm_primary_school":45,"t_wd_pm_rail_station":44,"t_wd_pm_pharmacy":16,"t_wd_pm_secondary_school":40,"t_wd_am_primary_school":32,"t_wd_am_rail_station":51,"t_wd_am_supermarket":10,"t_wd_am_hospital":91,"t_wd_am_gp":41,"t_wd_am_pharmacy":16,"t_wd_am_secondary_school":33,"t_su_am_primary_school":34,"t_su_am_rail_station":55,"t_su_am_supermarket":10,"t_su_am_gp":44,"t_su_am_pharmacy":16,"t_su_am_secondary_school":36,"t_wd_pm_hospital":null,"t_su_am_hospital":null,"c_gp":10,"c_hospital":27,"c_pharmacy":4,"c_primary_school":9,"c_rail_station":12,"c_secondary_school":10,"c_supermarket":3,"p30_wd_am":2426,"p45_wd_am":16059,"p60_wd_am":28936,"p30_wd_pm":2343,"p45_wd_pm":10988,"p60_wd_pm":23568,"p30_su_am":2343,"p45_su_am":11378,"p60_su_am":21521,"pc30":153177,"pc45":180138,"pc60":183833}},{"type":"Feature","geometry":{"type":"Polygon","coordinates":[[[7.04709,49.47118],[7.06087,49.47154],[7.06033,49.48053],[7.04654,49.48017],[7.04709,49.47118]]]},"properties":{"id":"CRS3035RES1kmN2933000E4107000","pop":99,"ags":"10046112","t_wd_pm_supermarket":26,"t_wd_pm_gp":42,"t_wd_pm_primary_school":41,"t_wd_pm_rail_station":39,"t_wd_pm_pharmacy":14,"t_wd_pm_secondary_school":35,"t_wd_am_primary_school":34,"t_wd_am_rail_station":51,"t_wd_am_supermarket":22,"t_wd_am_hospital":91,"t_wd_am_gp":42,"t_wd_am_pharmacy":14,"t_wd_am_secondary_school":34,"t_su_am_primary_school":29,"t_su_am_rail_station":50,"t_su_am_supermarket":26,"t_su_am_gp":52,"t_su_am_pharmacy":14,"t_su_am_secondary_school":31,"t_wd_pm_hospital":null,"t_su_am_hospital":null,"c_gp":10,"c_hospital":24,"c_pharmacy":3,"c_primary_school":8,"c_rail_station":13,"c_secondary_school":9,"c_supermarket":3,"p30_wd_am":3304,"p45_wd_am":17228,"p60_wd_am":33029,"p30_wd_pm":4993,"p45_wd_pm":17462,"p60_wd_pm":37791,"p30_su_am":4799,"p45_su_am":10473,"p60_su_am":19359,"pc30":159795,"pc45":180287,"pc60":184282}},{"type":"Feature","geometry":{"type":"Polygon","coordinates":[[[7.06087,49.47154],[7.07466,49.4719],[7.07412,49.48088],[7.06033,49.48053],[7.06087,49.47154]]]},"properties":{"id":"CRS3035RES1kmN2933000E4108000","pop":953,"ags":"10046112","t_wd_pm_supermarket":26,"t_wd_pm_gp":43,"t_wd_pm_primary_school":39,"t_wd_pm_rail_station":40,"t_wd_pm_pharmacy":6,"t_wd_pm_secondary_school":36,"t_wd_am_primary_school":34,"t_wd_am_rail_station":48,"t_wd_am_supermarket":22,"t_wd_am_hospital":88,"t_wd_am_gp":42,"t_wd_am_pharmacy":6,"t_wd_am_secondary_school":34,"t_su_am_primary_school":30,"t_su_am_rail_station":51,"t_su_am_supermarket":27,"t_su_am_gp":53,"t_su_am_pharmacy":6,"t_su_am_secondary_school":32,"t_wd_pm_hospital":null,"t_su_am_hospital":null,"c_gp":10,"c_hospital":24,"c_pharmacy":3,"c_primary_school":7,"c_rail_station":13,"c_secondary_school":8,"c_supermarket":6,"p30_wd_am":3307,"p45_wd_am":18845,"p60_wd_am":33091,"p30_wd_pm":3830,"p45_wd_pm":18901,"p60_wd_pm":34223,"p30_su_am":2007,"p45_su_am":8551,"p60_su_am":14790,"pc30":153289,"pc45":178317,"pc60":183980}},{"type":"Feature","geometry":{"type":"Polygon","coordinates":[[[7.07466,49.4719],[7.08845,49.47226],[7.08791,49.48124],[7.07412,49.48088],[7.07466,49.4719]]]},"properties":{"id":"CRS3035RES1kmN2933000E4109000","pop":3,"ags":"10046117","t_wd_pm_supermarket":28,"t_wd_pm_gp":46,"t_wd_pm_primary_school":40,"t_wd_pm_rail_station":43,"t_wd_pm_pharmacy":20,"t_wd_pm_secondary_school":39,"t_wd_am_primary_school":28,"t_wd_am_rail_station":49,"t_wd_am_supermarket":28,"t_wd_am_hospital":89,"t_wd_am_gp":39,"t_wd_am_pharmacy":20,"t_wd_am_secondary_school":28,"t_su_am_primary_school":49,"t_su_am_rail_station":41,"t_su_am_supermarket":28,"t_su_am_gp":43,"t_su_am_pharmacy":20,"t_su_am_secondary_school":37,"t_wd_pm_hospital":null,"t_su_am_hospital":null,"c_gp":7,"c_hospital":20,"c_pharmacy":3,"c_primary_school":7,"c_rail_station":9,"c_secondary_school":8,"c_supermarket":4,"p30_wd_am":6893,"p45_wd_am":16630,"p60_wd_am":34804,"p30_wd_pm":3883,"p45_wd_pm":13681,"p60_wd_pm":32824,"p30_su_am":3883,"p45_su_am":8162,"p60_su_am":14387,"pc30":156645,"pc45":179641,"pc60":183980}},{"type":"Feature","geometry":{"type":"Polygon","coordinates":[[[7.08845,49.47226],[7.10223,49.47261],[7.1017,49.4816],[7.08791,49.48124],[7.08845,49.47226]]]},"properties":{"id":"CRS3035RES1kmN2933000E4110000","pop":702,"ags":"10046117","t_wd_pm_supermarket":13,"t_wd_pm_gp":26,"t_wd_pm_primary_school":30,"t_wd_pm_rail_station":22,"t_wd_pm_pharmacy":22,"t_wd_pm_secondary_school":19,"t_wd_am_primary_school":33,"t_wd_am_rail_station":38,"t_wd_am_supermarket":14,"t_wd_am_hospital":78,"t_wd_am_gp":34,"t_wd_am_pharmacy":22,"t_wd_am_secondary_school":33,"t_su_am_primary_school":49,"t_su_am_rail_station":41,"t_su_am_supermarket":14,"t_su_am_gp":43,"t_su_am_pharmacy":39,"t_su_am_secondary_school":37,"t_wd_pm_hospital":null,"t_su_am_hospital":null,"c_gp":5,"c_hospital":19,"c_pharmacy":3,"c_primary_school":5,"c_rail_station":8,"c_secondary_school":8,"c_supermarket":2,"p30_wd_am":5341,"p45_wd_am":27462,"p60_wd_am":50199,"p30_wd_pm":11232,"p45_wd_pm":31416,"p60_wd_pm":47656,"p30_su_am":2055,"p45_su_am":6330,"p60_su_am":12517,"pc30":156924,"pc45":179641,"pc60":183980}},{"type":"Feature","geometry":{"type":"Polygon","coordinates":[[[7.10223,49.47261],[7.11602,49.47296],[7.11548,49.48195],[7.1017,49.4816],[7.10223,49.47261]]]},"properties":{"id":"CRS3035RES1kmN2933000E4111000","pop":867,"ags":"10046117","t_wd_pm_supermarket":15,"t_wd_pm_gp":31,"t_wd_pm_primary_school":35,"t_wd_pm_rail_station":27,"t_wd_pm_pharmacy":27,"t_wd_pm_secondary_school":24,"t_wd_am_primary_school":34,"t_wd_am_rail_station":38,"t_wd_am_supermarket":15,"t_wd_am_hospital":56,"t_wd_am_gp":33,"t_wd_am_pharmacy":28,"t_wd_am_secondary_school":35,"t_su_am_primary_school":47,"t_su_am_rail_station":39,"t_su_am_supermarket":15,"t_su_am_gp":38,"t_su_am_pharmacy":38,"t_su_am_secondary_school":37,"t_wd_pm_hospital":null,"t_su_am_hospital":null,"c_gp":3,"c_hospital":17,"c_pharmacy":4,"c_primary_school":3,"c_rail_station":6,"c_secondary_school":8,"c_supermarket":3,"p30_wd_am":2106,"p45_wd_am":25298,"p60_wd_am":52065,"p30_wd_pm":6381,"p45_wd_pm":26531,"p60_wd_pm":46779,"p30_su_am":2106,"p45_su_am":7096,"p60_su_am":15464,"pc30":157399,"pc45":179757,"pc60":183980}},{"type":"Feature","geometry":{"type":"Polygon","coordinates":[[[7.11602,49.47296],[7.1298,49.47332],[7.12927,49.4823],[7.11548,49.48195],[7.11602,49.47296]]]},"properties":{"id":"CRS3035RES1kmN2933000E4112000","pop":30,"ags":"10046117","t_wd_pm_supermarket":30,"t_wd_pm_gp":34,"t_wd_pm_primary_school":39,"t_wd_pm_rail_station":47,"t_wd_pm_pharmacy":30,"t_wd_pm_secondary_school":43,"t_wd_am_primary_school":29,"t_wd_am_rail_station":33,"t_wd_am_supermarket":27,"t_wd_am_hospital":49,"t_wd_am_gp":26,"t_wd_am_pharmacy":28,"t_wd_am_secondary_school":36,"t_su_am_primary_school":39,"t_su_am_rail_station":34,"t_su_am_supermarket":30,"t_su_am_gp":32,"t_su_am_pharmacy":30,"t_su_am_secondary_school":40,"t_wd_pm_hospital":null,"t_su_am_hospital":null,"c_gp":4,"c_hospital":17,"c_pharmacy":5,"c_primary_school":4,"c_rail_station":7,"c_secondary_school":8,"c_supermarket":5,"p30_wd_am":7980,"p45_wd_am":24868,"p60_wd_am":45097,"p30_wd_pm":2496,"p45_wd_pm":12398,"p60_wd_pm":32315,"p30_su_am":2496,"p45_su_am":14810,"p60_su_am":27842,"pc30":154284,"pc45":178576,"pc60":183816}},{"type":"Feature","geometry":{"type":"Polygon","coordinates":[[[7.1298,49.47332],[7.14359,49.47367],[7.14306,49.48265],[7.12927,49.4823],[7.1298,49.47332]]]},"properties":{"id":"CRS3035RES1kmN2933000E4113000","pop":25,"ags":"10046117","t_wd_pm_supermarket":37,"t_wd_pm_gp":36,"t_wd_pm_primary_school":41,"t_wd_pm_rail_station":48,"t_wd_pm_pharmacy":38,"t_wd_pm_secondary_school":44,"t_wd_am_primary_school":30,"t_wd_am_rail_station":35,"t_wd_am_supermarket":28,"t_wd_am_hospital":51,"t_wd_am_gp":28,"t_wd_am_pharmacy":29,"t_wd_am_secondary_school":38,"t_su_am_primary_school":41,"t_su_am_rail_station":36,"t_su_am_supermarket":37,"t_su_am_gp":34,"t_su_am_pharmacy":34,"t_su_am_secondary_school":42,"t_wd_pm_hospital":null,"t_su_am_hospital":null,"c_gp":5,"c_hospital":18,"c_pharmacy":5,"c_primary_school":5,"c_rail_station":7,"c_secondary_school":9,"c_supermarket":6,"p30_wd_am":1804,"p45_wd_am":21427,"p60_wd_am":39391,"p30_wd_pm":995,"p45_wd_pm":12317,"p60_wd_pm":29011,"p30_su_am":995,"p45_su_am":13939,"p60_su_am":27038,"pc30":149964,"pc45":178576,"pc60":183764}},{"type":"Feature","geometry":{"type":"Polygon","coordinates":[[[7.14359,49.47367],[7.15738,49.47402],[7.15685,49.483],[7.14306,49.48265],[7.14359,49.47367]]]},"properties":{"id":"CRS3035RES1kmN2933000E4114000","pop":312,"ags":"10046117","t_wd_pm_supermarket":21,"t_wd_pm_gp":17,"t_wd_pm_primary_school":29,"t_wd_pm_rail_station":22,"t_wd_pm_pharmacy":16,"t_wd_pm_secondary_school":14,"t_wd_am_primary_school":25,"t_wd_am_rail_station":22,"t_wd_am_supermarket":21,"t_wd_am_hospital":37,"t_wd_am_gp":17,"t_wd_am_pharmacy":16,"t_wd_am_secondary_school":14,"t_su_am_primary_school":29,"t_su_am_rail_station":22,"t_su_am_supermarket":21,"t_su_am_gp":17,"t_su_am_pharmacy":16,"t_su_am_secondary_school":14,"t_wd_pm_hospital":58,"t_su_am_hospital":null,"c_gp":3,"c_hospital":17,"c_pharmacy":3,"c_primary_school":6,"c_rail_station":6,"c_secondary_school":6,"c_supermarket":4,"p30_wd_am":17628,"p45_wd_am":32301,"p60_wd_am":69244,"p30_wd_pm":7707,"p45_wd_pm":28744,"p60_wd_pm":60188,"p30_su_am":8988,"p45_su_am":22989,"p60_su_am":43273,"pc30":148789,"pc45":179048,"pc60":183764}},{"type":"Feature","geometry":{"type":"Polygon","coordinates":[[[7.15738,49.47402],[7.17116,49.47436],[7.17064,49.48335],[7.15685,49.483],[7.15738,49.47402]]]},"properties":{"id":"CRS3035RES1kmN2933000E4115000","pop":360,"ags":"10046117","t_wd_pm_supermarket":16,"t_wd_pm_gp":11,"t_wd_pm_primary_school":24,"t_wd_pm_rail_station":16,"t_wd_pm_pharmacy":11,"t_wd_pm_secondary_school":15,"t_wd_am_primary_school":23,"t_wd_am_rail_station":16,"t_wd_am_supermarket":16,"t_wd_am_hospital":32,"t_wd_am_gp":11,"t_wd_am_pharmacy":11,"t_wd_am_secondary_school":15,"t_su_am_primary_school":24,"t_su_am_rail_station":16,"t_su_am_supermarket":16,"t_su_am_gp":11,"t_su_am_pharmacy":11,"t_su_am_secondary_school":15,"t_wd_pm_hospital":54,"t_su_am_hospital":null,"c_gp":3,"c_hospital":16,"c_pharmacy":3,"c_primary_school":6,"c_rail_station":5,"c_secondary_school":5,"c_supermarket":4,"p30_wd_am":19679,"p45_wd_am":42769,"p60_wd_am":72230,"p30_wd_pm":13449,"p45_wd_pm":33736,"p60_wd_pm":64475,"p30_su_am":13445,"p45_su_am":27468,"p60_su_am":45447,"pc30":146823,"pc45":179034,"pc60":183764}},{"type":"Feature","geometry":{"type":"Polygon","coordinates":[[[7.17116,49.47436],[7.18495,49.47471],[7.18443,49.48369],[7.17064,49.48335],[7.17116,49.47436]]]},"properties":{"id":"CRS3035RES1kmN2933000E4116000","pop":848,"ags":"10046117","t_wd_pm_supermarket":7,"t_wd_pm_gp":17,"t_wd_pm_primary_school":28,"t_wd_pm_rail_station":28,"t_wd_pm_pharmacy":24,"t_wd_pm_secondary_school":28,"t_wd_am_primary_school":28,"t_wd_am_rail_station":28,"t_wd_am_supermarket":7,"t_wd_am_hospital":43,"t_wd_am_gp":17,"t_wd_am_pharmacy":24,"t_wd_am_secondary_school":28,"t_su_am_primary_school":28,"t_su_am_rail_station":28,"t_su_am_supermarket":7,"t_su_am_gp":17,"t_su_am_pharmacy":24,"t_su_am_secondary_school":28,"t_wd_pm_hospital":null,"t_su_am_hospital":null,"c_gp":4,"c_hospital":15,"c_pharmacy":5,"c_primary_school":7,"c_rail_station":7,"c_secondary_school":6,"c_supermarket":1,"p30_wd_am":7770,"p45_wd_am":15969,"p60_wd_am":43192,"p30_wd_pm":7770,"p45_wd_pm":10208,"p60_wd_pm":37349,"p30_su_am":7522,"p45_su_am":9757,"p60_su_am":17526,"pc30":126001,"pc45":175524,"pc60":182611}},{"type":"Feature","geometry":{"type":"Polygon","coordinates":[[[7.2401,49.47607],[7.25389,49.47641],[7.25338,49.48539],[7.23959,49.48506],[7.2401,49.47607]]]},"properties":{"id":"CRS3035RES1kmN2933000E4121000","pop":44,"ags":"10046117","t_wd_pm_supermarket":46,"t_wd_pm_gp":48,"t_wd_pm_primary_school":52,"t_wd_pm_rail_station":77,"t_wd_pm_pharmacy":45,"t_wd_pm_secondary_school":55,"t_wd_am_primary_school":36,"t_wd_am_rail_station":66,"t_wd_am_supermarket":31,"t_wd_am_hospital":91,"t_wd_am_gp":32,"t_wd_am_pharmacy":32,"t_wd_am_secondary_school":34,"t_su_am_primary_school":null,"t_su_am_rail_station":null,"t_su_am_supermarket":null,"t_su_am_gp":null,"t_su_am_pharmacy":null,"t_su_am_secondary_school":null,"t_wd_pm_hospital":null,"t_su_am_hospital":null,"c_gp":8,"c_hospital":21,"c_pharmacy":5,"c_primary_school":8,"c_rail_station":16,"c_secondary_school":13,"c_supermarket":6,"p30_wd_am":2433,"p45_wd_am":7542,"p60_wd_am":11494,"p30_wd_pm":1716,"p45_wd_pm":1814,"p60_wd_pm":10317,"p30_su_am":1716,"p45_su_am":1814,"p60_su_am":1814,"pc30":99780,"pc45":161863,"pc60":181481}},{"type":"Feature","geometry":{"type":"Polygon","coordinates":[[[7.25389,49.47641],[7.26768,49.47674],[7.26717,49.48573],[7.25338,49.48539],[7.25389,49.47641]]]},"properties":{"id":"CRS3035RES1kmN2933000E4122000","pop":89,"ags":"10046117","t_wd_pm_supermarket":26,"t_wd_pm_gp":48,"t_wd_pm_primary_school":26,"t_wd_pm_rail_station":77,"t_wd_pm_pharmacy":20,"t_wd_pm_secondary_school":55,"t_wd_am_primary_school":26,"t_wd_am_rail_station":69,"t_wd_am_supermarket":26,"t_wd_am_hospital":91,"t_wd_am_gp":35,"t_wd_am_pharmacy":20,"t_wd_am_secondary_school":39,"t_su_am_primary_school":26,"t_su_am_rail_station":null,"t_su_am_supermarket":26,"t_su_am_gp":null,"t_su_am_pharmacy":20,"t_su_am_secondary_school":null,"t_wd_pm_hospital":null,"t_su_am_hospital":null,"c_gp":13,"c_hospital":22,"c_pharmacy":6,"c_primary_school":7,"c_rail_station":18,"c_secondary_school":15,"c_supermarket":7,"p30_wd_am":2704,"p45_wd_am":8460,"p60_wd_am":10380,"p30_wd_pm":2398,"p45_wd_pm":3035,"p60_wd_pm":10314,"p30_su_am":2398,"p45_su_am":2398,"p60_su_am":2398,"pc30":88273,"pc45":153666,"pc60":180349}},{"type":"Feature","geometry":{"type":"Polygon","coordinates":[[[7.26768,49.47674],[7.28146,49.47708],[7.28096,49.48606],[7.26717,49.48573],[7.26768,49.47674]]]},"properties":{"id":"CRS3035RES1kmN2933000E4123000","pop":3,"ags":"10046117","t_wd_pm_supermarket":46,"t_wd_pm_gp":48,"t_wd_pm_primary_school":52,"t_wd_pm_rail_station":77,"t_wd_pm_pharmacy":45,"t_wd_pm_secondary_school":55,"t_wd_am_primary_school":41,"t_wd_am_rail_station":69,"t_wd_am_supermarket":37,"t_wd_am_hospital":91,"t_wd_am_gp":38,"t_wd_am_pharmacy":38,"t_wd_am_secondary_school":41,"t_su_am_primary_school":null,"t_su_am_rail_station":null,"t_su_am_supermarket":null,"t_su_am_gp":null,"t_su_am_pharmacy":null,"t_su_am_secondary_school":null,"t_wd_pm_hospital":null,"t_su_am_hospital":null,"c_gp":10,"c_hospital":22,"c_pharmacy":6,"c_primary_school":10,"c_rail_station":18,"c_secondary_school":15,"c_supermarket":7,"p30_wd_am":1012,"p45_wd_am":4329,"p60_wd_am":9563,"p30_wd_pm":1012,"p45_wd_pm":1205,"p60_wd_pm":11106,"p30_su_am":1012,"p45_su_am":1161,"p60_su_am":1628,"pc30":85149,"pc45":150427,"pc60":180011}},{"type":"Feature","geometry":{"type":"Polygon","coordinates":[[[6.90867,49.47647],[6.92246,49.47685],[6.92189,49.48583],[6.9081,49.48545],[6.90867,49.47647]]]},"properties":{"id":"CRS3035RES1kmN2934000E4097000","pop":337,"ags":"10046118","t_wd_pm_supermarket":29,"t_wd_pm_gp":null,"t_wd_pm_primary_school":54,"t_wd_pm_rail_station":null,"t_wd_pm_pharmacy":51,"t_wd_pm_secondary_school":null,"t_wd_am_primary_school":25,"t_wd_am_rail_station":76,"t_wd_am_supermarket":27,"t_wd_am_hospital":null,"t_wd_am_gp":28,"t_wd_am_pharmacy":20,"t_wd_am_secondary_school":38,"t_su_am_primary_school":84,"t_su_am_rail_station":117,"t_su_am_supermarket":29,"t_su_am_gp":90,"t_su_am_pharmacy":79,"t_su_am_secondary_school":null,"t_wd_pm_hospital":null,"t_su_am_hospital":null,"c_gp":10,"c_hospital":44,"c_pharmacy":6,"c_primary_school":6,"c_rail_station":20,"c_secondary_school":19,"c_supermarket":4,"p30_wd_am":7087,"p45_wd_am":15960,"p60_wd_am":21206,"p30_wd_pm":2373,"p45_wd_pm":2373,"p60_wd_pm":3512,"p30_su_am":2373,"p45_su_am":2373,"p60_su_am":2373,"pc30":90820,"pc45":159346,"pc60":181334}},{"type":"Feature","geometry":{"type":"Polygon","coordinates":[[[6.92246,49.47685],[6.93625,49.47722],[6.93568,49.48621],[6.92189,49.48583],[6.92246,49.47685]]]},"properties":{"id":"CRS3035RES1kmN2934000E4098000","pop":178,"ags":"10046118","t_wd_pm_supermarket":30,"t_wd_pm_gp":null,"t_wd_pm_primary_school":56,"t_wd_pm_rail_station":null,"t_wd_pm_pharmacy":52,"t_wd_pm_secondary_school":null,"t_wd_am_primary_school":28,"t_wd_am_rail_station":68,"t_wd_am_supermarket":27,"t_wd_am_hospital":null,"t_wd_am_gp":27,"t_wd_am_pharmacy":27,"t_wd_am_secondary_school":36,"t_su_am_primary_school":84,"t_su_am_rail_station":117,"t_su_am_supermarket":30,"t_su_am_gp":90,"t_su_am_pharmacy":79,"t_su_am_secondary_school":null,"t_wd_pm_hospital":null,"t_su_am_hospital":null,"c_gp":10,"c_hospital":42,"c_pharmacy":6,"c_primary_school":6,"c_rail_station":19,"c_secondary_school":17,"c_supermarket":4,"p30_wd_am":6402,"p45_wd_am":16977,"p60_wd_am":25665,"p30_wd_pm":2369,"p45_wd_pm":2373,"p60_wd_pm":3512,"p30_su_am":2369,"p45_su_am":2373,"p60_su_am":2373,"pc30":97102,"pc45":162803,"pc60":181608}},{"type":"Feature","geometry":{"type":"Polygon","coordinates":[[[6.93625,49.47722],[6.95003,49.4776],[6.94947,49.48658],[6.93568,49.48621],[6.93625,49.47722]]]},"properties":{"id":"CRS3035RES1kmN2934000E4099000","pop":375,"ags":"10046118","t_wd_pm_supermarket":null,"t_wd_pm_gp":null,"t_wd_pm_primary_school":null,"t_wd_pm_rail_station":null,"t_wd_pm_pharmacy":null,"t_wd_pm_secondary_school":null,"t_wd_am_primary_school":25,"t_wd_am_rail_station":65,"t_wd_am_supermarket":25,"t_wd_am_hospital":105,"t_wd_am_gp":25,"t_wd_am_pharmacy":25,"t_wd_am_secondary_school":33,"t_su_am_primary_school":91,"t_su_am_rail_station":null,"t_su_am_supermarket":93,"t_su_am_gp":null,"t_su_am_pharmacy":86,"t_su_am_secondary_school":null,"t_wd_pm_hospital":null,"t_su_am_hospital":null,"c_gp":7,"c_hospital":40,"c_pharmacy":7,"c_primary_school":6,"c_rail_station":16,"c_secondary_school":15,"c_supermarket":6,"p30_wd_am":6272,"p45_wd_am":15368,"p60_wd_am":31252,"p30_wd_pm":2374,"p45_wd_pm":2374,"p60_wd_pm":2374,"p30_su_am":2374,"p45_su_am":2374,"p60_su_am":2374,"pc30":108756,"pc45":169649,"pc60":182219}},{"type":"Feature","geometry":{"type":"Polygon","coordinates":[[[6.96382,49.47797],[6.97761,49.47834],[6.97705,49.48732],[6.96326,49.48695],[6.96382,49.47797]]]},"properties":{"id":"CRS3035RES1kmN2934000E4101000","pop":19,"ags":"10046118","t_wd_pm_supermarket":14,"t_wd_pm_gp":13,"t_wd_pm_primary_school":17,"t_wd_pm_rail_station":81,"t_wd_pm_pharmacy":14,"t_wd_pm_secondary_school":57,"t_wd_am_primary_school":17,"t_wd_am_rail_station":67,"t_wd_am_supermarket":14,"t_wd_am_hospital":null,"t_wd_am_gp":13,"t_wd_am_pharmacy":14,"t_wd_am_secondary_school":32,"t_su_am_primary_school":17,"t_su_am_rail_station":71,"t_su_am_supermarket":14,"t_su_am_gp":13,"t_su_am_pharmacy":14,"t_su_am_secondary_school":49,"t_wd_pm_hospital":null,"t_su_am_hospital":null,"c_gp":2,"c_hospital":34,"c_pharmacy":1,"c_primary_school":3,"c_rail_station":11,"c_secondary_school":9,"c_supermarket":2,"p30_wd_am":3874,"p45_wd_am":11453,"p60_wd_am":20737,"p30_wd_pm":3764,"p45_wd_pm":3764,"p60_wd_pm":7483,"p30_su_am":3764,"p45_su_am":3764,"p60_su_am":11162,"pc30":143455,"pc45":177452,"pc60":183646}},{"type":"Feature","geometry":{"type":"Polygon","coordinates":[[[6.97761,49.47834],[6.99139,49.47871],[6.99084,49.48769],[6.97705,49.48732],[6.97761,49.47834]]]},"properties":{"id":"CRS3035RES1kmN2934000E4102000","pop":212,"ags":"10046118","t_wd_pm_supermarket":7,"t_wd_pm_gp":8,"t_wd_pm_primary_school":12,"t_wd_pm_rail_station":81,"t_wd_pm_pharmacy":6,"t_wd_pm_secondary_school":57,"t_wd_am_primary_school":12,"t_wd_am_rail_station":63,"t_wd_am_supermarket":7,"t_wd_am_hospital":103,"t_wd_am_gp":8,"t_wd_am_pharmacy":6,"t_wd_am_secondary_school":30,"t_su_am_primary_school":12,"t_su_am_rail_station":71,"t_su_am_supermarket":7,"t_su_am_gp":8,"t_su_am_pharmacy":6,"t_su_am_secondary_school":49,"t_wd_pm_hospital":null,"t_su_am_hospital":null,"c_gp":3,"c_hospital":34,"c_pharmacy":2,"c_primary_school":4,"c_rail_station":11,"c_secondary_school":9,"c_supermarket":2,"p30_wd_am":4498,"p45_wd_am":11237,"p60_wd_am":27442,"p30_wd_pm":2618,"p45_wd_pm":2618,"p60_wd_pm":6295,"p30_su_am":2618,"p45_su_am":2618,"p60_su_am":9970,"pc30":143237,"pc45":177329,"pc60":183646}},{"type":"Feature","geometry":{"type":"Polygon","coordinates":[[[6.99139,49.47871],[7.00518,49.47907],[7.00463,49.48806],[6.99084,49.48769],[6.99139,49.47871]]]},"properties":{"id":"CRS3035RES1kmN2934000E4103000","pop":10,"ags":"10046118","t_wd_pm_supermarket":25,"t_wd_pm_gp":26,"t_wd_pm_primary_school":26,"t_wd_pm_rail_station":73,"t_wd_pm_pharmacy":24,"t_wd_pm_secondary_school":53,"t_wd_am_primary_school":25,"t_wd_am_rail_station":52,"t_wd_am_supermarket":25,"t_wd_am_hospital":92,"t_wd_am_gp":26,"t_wd_am_pharmacy":24,"t_wd_am_secondary_school":30,"t_su_am_primary_school":26,"t_su_am_rail_station":71,"t_su_am_supermarket":25,"t_su_am_gp":26,"t_su_am_pharmacy":24,"t_su_am_secondary_school":49,"t_wd_pm_hospital":null,"t_su_am_hospital":null,"c_gp":4,"c_hospital":32,"c_pharmacy":3,"c_primary_school":5,"c_rail_station":12,"c_secondary_school":7,"c_supermarket":3,"p30_wd_am":6465,"p45_wd_am":19660,"p60_wd_am":35001,"p30_wd_pm":2845,"p45_wd_pm":2845,"p60_wd_pm":9574,"p30_su_am":2845,"p45_su_am":3722,"p60_su_am":11772,"pc30":147984,"pc45":179554,"pc60":184135}},{"type":"Feature","geometry":{"type":"Polygon","coordinates":[[[7.01897,49.47944],[7.03276,49.4798],[7.03221,49.48879],[7.01842,49.48842],[7.01897,49.47944]]]},"properties":{"id":"CRS3035RES1kmN2934000E4105000","pop":392,"ags":"10046118","t_wd_pm_supermarket":13,"t_wd_pm_gp":47,"t_wd_pm_primary_school":45,"t_wd_pm_rail_station":51,"t_wd_pm_pharmacy":6,"t_wd_pm_secondary_school":42,"t_wd_am_primary_school":32,"t_wd_am_rail_station":51,"t_wd_am_supermarket":13,"t_wd_am_hospital":91,"t_wd_am_gp":39,"t_wd_am_pharmacy":6,"t_wd_am_secondary_school":33,"t_su_am_primary_school":47,"t_su_am_rail_station":59,"t_su_am_supermarket":13,"t_su_am_gp":44,"t_su_am_pharmacy":6,"t_su_am_secondary_school":46,"t_wd_pm_hospital":null,"t_su_am_hospital":null,"c_gp":11,"c_hospital":29,"c_pharmacy":2,"c_primary_school":9,"c_rail_station":14,"c_secondary_school":11,"c_supermarket":4,"p30_wd_am":2426,"p45_wd_am":17144,"p60_wd_am":29947,"p30_wd_pm":2244,"p45_wd_pm":9345,"p60_wd_pm":20359,"p30_su_am":2244,"p45_su_am":4233,"p60_su_am":14313,"pc30":148253,"pc45":179629,"pc60":183833}},{"type":"Feature","geometry":{"type":"Polygon","coordinates":[[[7.03276,49.4798],[7.04654,49.48017],[7.046,49.48915],[7.03221,49.48879],[7.03276,49.4798]]]},"properties":{"id":"CRS3035RES1kmN2934000E4106000","pop":1010,"ags":"10046118","t_wd_pm_supermarket":1,"t_wd_pm_gp":42,"t_wd_pm_primary_school":45,"t_wd_pm_rail_station":39,"t_wd_pm_pharmacy":8,"t_wd_pm_secondary_school":35,"t_wd_am_primary_school":32,"t_wd_am_rail_station":51,"t_wd_am_supermarket":1,"t_wd_am_hospital":91,"t_wd_am_gp":37,"t_wd_am_pharmacy":8,"t_wd_am_secondary_school":33,"t_su_am_primary_school":31,"t_su_am_rail_station":49,"t_su_am_supermarket":1,"t_su_am_gp":44,"t_su_am_pharmacy":8,"t_su_am_secondary_school":33,"t_wd_pm_hospital":null,"t_su_am_hospital":null,"c_gp":11,"c_hospital":26,"c_pharmacy":3,"c_primary_school":7,"c_rail_station":12,"c_secondary_school":9,"c_supermarket":1,"p30_wd_am":3761,"p45_wd_am":22405,"p60_wd_am":38060,"p30_wd_pm":7602,"p45_wd_pm":18815,"p60_wd_pm":37171,"p30_su_am":4387,"p45_su_am":14820,"p60_su_am":23481,"pc30":156448,"pc45":180239,"pc60":184261}},{"type":"Feature","geometry":{"type":"Polygon","coordinates":[[[7.04654,49.48017],[7.06033,49.48053],[7.05979,49.48951],[7.046,49.48915],[7.04654,49.48017]]]},"properties":{"id":"CRS3035RES1kmN2934000E4107000","pop":15,"ags":"10046118","t_wd_pm_supermarket":15,"t_wd_pm_gp":47,"t_wd_pm_primary_school":45,"t_wd_pm_rail_station":51,"t_wd_pm_pharmacy":20,"t_wd_pm_secondary_school":42,"t_wd_am_primary_school":32,"t_wd_am_rail_station":51,"t_wd_am_supermarket":15,"t_wd_am_hospital":91,"t_wd_am_gp":44,"t_wd_am_pharmacy":20,"t_wd_am_secondary_school":34,"t_su_am_primary_school":47,"t_su_am_rail_station":64,"t_su_am_supermarket":15,"t_su_am_gp":44,"t_su_am_pharmacy":20,"t_su_am_secondary_school":46,"t_wd_pm_hospital":null,"t_su_am_hospital":null,"c_gp":11,"c_hospital":29,"c_pharmacy":4,"c_primary_school":7,"c_rail_station":15,"c_secondary_school":9,"c_supermarket":5,"p30_wd_am":2426,"p45_wd_am":14868,"p60_wd_am":27800,"p30_wd_pm":2244,"p45_wd_pm":9345,"p60_wd_pm":19400,"p30_su_am":2244,"p45_su_am":4134,"p60_su_am":14291,"pc30":149077,"pc45":179087,"pc60":184135}},{"type":"Feature","geometry":{"type":"Polygon","coordinates":[[[7.1017,49.4816],[7.11548,49.48195],[7.11495,49.49093],[7.10116,49.49058],[7.1017,49.4816]]]},"properties":{"id":"CRS3035RES1kmN2934000E4111000","pop":38,"ags":"10046117","t_wd_pm_supermarket":11,"t_wd_pm_gp":12,"t_wd_pm_primary_school":8,"t_wd_pm_rail_station":63,"t_wd_pm_pharmacy":11,"t_wd_pm_secondary_school":70,"t_wd_am_primary_school":8,"t_wd_am_rail_station":33,"t_wd_am_supermarket":11,"t_wd_am_hospital":49,"t_wd_am_gp":12,"t_wd_am_pharmacy":11,"t_wd_am_secondary_school":37,"t_su_am_primary_school":8,"t_su_am_rail_station":25,"t_su_am_supermarket":11,"t_su_am_gp":12,"t_su_am_pharmacy":11,"t_su_am_secondary_school":33,"t_wd_pm_hospital":null,"t_su_am_hospital":null,"c_gp":2,"c_hospital":17,"c_pharmacy":3,"c_primary_school":2,"c_rail_station":6,"c_secondary_school":8,"c_supermarket":3,"p30_wd_am":9949,"p45_wd_am":25787,"p60_wd_am":47972,"p30_wd_pm":3028,"p45_wd_pm":8779,"p60_wd_pm":15818,"p30_su_am":6339,"p45_su_am":21421,"p60_su_am":31341,"pc30":156174,"pc45":178576,"pc60":183816}},{"type":"Feature","geometry":{"type":"Polygon","coordinates":[[[7.11548,49.48195],[7.12927,49.4823],[7.12874,49.49129],[7.11495,49.49093],[7.11548,49.48195]]]},"properties":{"id":"CRS3035RES1kmN2934000E4112000","pop":31,"ags":"10046117","t_wd_pm_supermarket":11,"t_wd_pm_gp":12,"t_wd_pm_primary_school":12,"t_wd_pm_rail_station":63,"t_wd_pm_pharmacy":11,"t_wd_pm_secondary_school":70,"t_wd_am_primary_school":12,"t_wd_am_rail_station":33,"t_wd_am_supermarket":11,"t_wd_am_hospital":49,"t_wd_am_gp":12,"t_wd_am_pharmacy":11,"t_wd_am_secondary_school":37,"t_su_am_primary_school":12,"t_su_am_rail_station":25,"t_su_am_supermarket":11,"t_su_am_gp":12,"t_su_am_pharmacy":11,"t_su_am_secondary_school":33,"t_wd_pm_hospital":null,"t_su_am_hospital":null,"c_gp":2,"c_hospital":17,"c_pharmacy":3,"c_primary_school":2,"c_rail_station":6,"c_secondary_school":8,"c_supermarket":3,"p30_wd_am":10816,"p45_wd_am":25787,"p60_wd_am":47972,"p30_wd_pm":3895,"p45_wd_pm":9646,"p60_wd_pm":16685,"p30_su_am":7206,"p45_su_am":21421,"p60_su_am":31341,"pc30":156497,"pc45":178598,"pc60":183816}},{"type":"Feature","geometry":{"type":"Polygon","coordinates":[[[7.14306,49.48265],[7.15685,49.483],[7.15633,49.49199],[7.14254,49.49164],[7.14306,49.48265]]]},"properties":{"id":"CRS3035RES1kmN2934000E4114000","pop":5,"ags":"10046117","t_wd_pm_supermarket":40,"t_wd_pm_gp":39,"t_wd_pm_primary_school":25,"t_wd_pm_rail_station":24,"t_wd_pm_pharmacy":40,"t_wd_pm_secondary_school":61,"t_wd_am_primary_school":25,"t_wd_am_rail_station":24,"t_wd_am_supermarket":33,"t_wd_am_hospital":55,"t_wd_am_gp":37,"t_wd_am_pharmacy":37,"t_wd_am_secondary_school":43,"t_su_am_primary_school":25,"t_su_am_rail_station":24,"t_su_am_supermarket":39,"t_su_am_gp":34,"t_su_am_pharmacy":34,"t_su_am_secondary_school":45,"t_wd_pm_hospital":null,"t_su_am_hospital":null,"c_gp":6,"c_hospital":18,"c_pharmacy":6,"c_primary_school":5,"c_rail_station":4,"c_secondary_school":8,"c_supermarket":6,"p30_wd_am":1892,"p45_wd_am":14478,"p60_wd_am":27765,"p30_wd_pm":1758,"p45_wd_pm":6359,"p60_wd_pm":27162,"p30_su_am":1758,"p45_su_am":11230,"p60_su_am":25511,"pc30":126041,"pc45":178377,"pc60":183675}},{"type":"Feature","geometry":{"type":"Polygon","coordinates":[[[7.15685,49.483],[7.17064,49.48335],[7.17012,49.49233],[7.15633,49.49199],[7.15685,49.483]]]},"properties":{"id":"CRS3035RES1kmN2934000E4115000","pop":194,"ags":"10046113","t_wd_pm_supermarket":29,"t_wd_pm_gp":32,"t_wd_pm_primary_school":12,"t_wd_pm_rail_station":10,"t_wd_pm_pharmacy":31,"t_wd_pm_secondary_school":39,"t_wd_am_primary_school":12,"t_wd_am_rail_station":10,"t_wd_am_supermarket":23,"t_wd_am_hospital":85,"t_wd_am_gp":39,"t_wd_am_pharmacy":32,"t_wd_am_secondary_school":49,"t_su_am_primary_school":12,"t_su_am_rail_station":10,"t_su_am_supermarket":40,"t_su_am_gp":41,"t_su_am_pharmacy":38,"t_su_am_secondary_school":54,"t_wd_pm_hospital":null,"t_su_am_hospital":null,"c_gp":6,"c_hospital":18,"c_pharmacy":6,"c_primary_school":3,"c_rail_station":2,"c_secondary_school":8,"c_supermarket":6,"p30_wd_am":2755,"p45_wd_am":8256,"p60_wd_am":19795,"p30_wd_pm":1598,"p45_wd_pm":22398,"p60_wd_pm":52634,"p30_su_am":1712,"p45_su_am":8012,"p60_su_am":20740,"pc30":129088,"pc45":179048,"pc60":183764}},{"type":"Feature","geometry":{"type":"Polygon","coordinates":[[[7.17064,49.48335],[7.18443,49.48369],[7.18391,49.49268],[7.17012,49.49233],[7.17064,49.48335]]]},"properties":{"id":"CRS3035RES1kmN2934000E4116000","pop":119,"ags":"10046117","t_wd_pm_supermarket":16,"t_wd_pm_gp":27,"t_wd_pm_primary_school":52,"t_wd_pm_rail_station":76,"t_wd_pm_pharmacy":45,"t_wd_pm_secondary_school":55,"t_wd_am_primary_school":36,"t_wd_am_rail_station":41,"t_wd_am_supermarket":16,"t_wd_am_hospital":54,"t_wd_am_gp":27,"t_wd_am_pharmacy":39,"t_wd_am_secondary_school":39,"t_su_am_primary_school":null,"t_su_am_rail_station":null,"t_su_am_supermarket":16,"t_su_am_gp":27,"t_su_am_pharmacy":null,"t_su_am_secondary_school":null,"t_wd_pm_hospital":null,"t_su_am_hospital":null,"c_gp":3,"c_hospital":15,"c_pharmacy":5,"c_primary_school":7,"c_rail_station":7,"c_secondary_school":6,"c_supermarket":1,"p30_wd_am":3864,"p45_wd_am":10940,"p60_wd_am":29106,"p30_wd_pm":3573,"p45_wd_pm":5527,"p60_wd_pm":14226,"p30_su_am":3325,"p45_su_am":3325,"p60_su_am":3325,"pc30":127919,"pc45":175621,"pc60":182611}},{"type":"Feature","geometry":{"type":"Polygon","coordinates":[[[7.18443,49.48369],[7.19822,49.48404],[7.1977,49.49302],[7.18391,49.49268],[7.18443,49.48369]]]},"properties":{"id":"CRS3035RES1kmN2934000E4117000","pop":21,"ags":"10046117","t_wd_pm_supermarket":19,"t_wd_pm_gp":29,"t_wd_pm_primary_school":52,"t_wd_pm_rail_station":77,"t_wd_pm_pharmacy":45,"t_wd_pm_secondary_school":55,"t_wd_am_primary_school":36,"t_wd_am_rail_station":41,"t_wd_am_supermarket":19,"t_wd_am_hospital":54,"t_wd_am_gp":29,"t_wd_am_pharmacy":39,"t_wd_am_secondary_school":39,"t_su_am_primary_school":null,"t_su_am_rail_station":null,"t_su_am_supermarket":19,"t_su_am_gp":29,"t_su_am_pharmacy":null,"t_su_am_secondary_school":null,"t_wd_pm_hospital":null,"t_su_am_hospital":null,"c_gp":5,"c_hospital":16,"c_pharmacy":7,"c_primary_school":8,"c_rail_station":8,"c_secondary_school":7,"c_supermarket":3,"p30_wd_am":3573,"p45_wd_am":10940,"p60_wd_am":28855,"p30_wd_pm":3573,"p45_wd_pm":5527,"p60_wd_pm":14226,"p30_su_am":3570,"p45_su_am":3570,"p60_su_am":3570,"pc30":119309,"pc45":174684,"pc60":182611}},{"type":"Feature","geometry":{"type":"Polygon","coordinates":[[[7.19822,49.48404],[7.21201,49.48438],[7.2115,49.49336],[7.1977,49.49302],[7.19822,49.48404]]]},"properties":{"id":"CRS3035RES1kmN2934000E4118000","pop":245,"ags":"10046117","t_wd_pm_supermarket":46,"t_wd_pm_gp":48,"t_wd_pm_primary_school":52,"t_wd_pm_rail_station":77,"t_wd_pm_pharmacy":45,"t_wd_pm_secondary_school":55,"t_wd_am_primary_school":30,"t_wd_am_rail_station":35,"t_wd_am_supermarket":27,"t_wd_am_hospital":48,"t_wd_am_gp":27,"t_wd_am_pharmacy":33,"t_wd_am_secondary_school":33,"t_su_am_primary_school":null,"t_su_am_rail_station":null,"t_su_am_supermarket":null,"t_su_am_gp":null,"t_su_am_pharmacy":null,"t_su_am_secondary_school":null,"t_wd_pm_hospital":null,"t_su_am_hospital":null,"c_gp":6,"c_hospital":18,"c_pharmacy":7,"c_primary_school":6,"c_rail_station":10,"c_secondary_school":9,"c_supermarket":4,"p30_wd_am":3258,"p45_wd_am":18257,"p60_wd_am":31732,"p30_wd_pm":509,"p45_wd_pm":2234,"p60_wd_pm":10823,"p30_su_am":509,"p45_su_am":509,"p60_su_am":509,"pc30":111821,"pc45":173087,"pc60":182611}},{"type":"Feature","geometry":{"type":"Polygon","coordinates":[[[7.21201,49.48438],[7.2258,49.48472],[7.22529,49.4937],[7.2115,49.49336],[7.21201,49.48438]]]},"properties":{"id":"CRS3035RES1kmN2934000E4119000","pop":37,"ags":"10046117","t_wd_pm_supermarket":46,"t_wd_pm_gp":48,"t_wd_pm_primary_school":52,"t_wd_pm_rail_station":77,"t_wd_pm_pharmacy":45,"t_wd_pm_secondary_school":55,"t_wd_am_primary_school":31,"t_wd_am_rail_station":36,"t_wd_am_supermarket":28,"t_wd_am_hospital":49,"t_wd_am_gp":28,"t_wd_am_pharmacy":34,"t_wd_am_secondary_school":34,"t_su_am_primary_school":null,"t_su_am_rail_station":null,"t_su_am_supermarket":null,"t_su_am_gp":null,"t_su_am_pharmacy":null,"t_su_am_secondary_school":null,"t_wd_pm_hospital":null,"t_su_am_hospital":null,"c_gp":7,"c_hospital":20,"c_pharmacy":8,"c_primary_school":7,"c_rail_station":12,"c_secondary_school":11,"c_supermarket":6,"p30_wd_am":3237,"p45_wd_am":16910,"p60_wd_am":31657,"p30_wd_pm":488,"p45_wd_pm":2213,"p60_wd_pm":10802,"p30_su_am":488,"p45_su_am":488,"p60_su_am":488,"pc30":104633,"pc45":170076,"pc60":182611}},{"type":"Feature","geometry":{"type":"Polygon","coordinates":[[[7.2258,49.48472],[7.23959,49.48506],[7.23908,49.49404],[7.22529,49.4937],[7.2258,49.48472]]]},"properties":{"id":"CRS3035RES1kmN2934000E4120000","pop":62,"ags":"10046117","t_wd_pm_supermarket":46,"t_wd_pm_gp":48,"t_wd_pm_primary_school":52,"t_wd_pm_rail_station":77,"t_wd_pm_pharmacy":45,"t_wd_pm_secondary_school":55,"t_wd_am_primary_school":43,"t_wd_am_rail_station":66,"t_wd_am_supermarket":36,"t_wd_am_hospital":91,"t_wd_am_gp":37,"t_wd_am_pharmacy":37,"t_wd_am_secondary_school":38,"t_su_am_primary_school":null,"t_su_am_rail_station":null,"t_su_am_supermarket":null,"t_su_am_gp":null,"t_su_am_pharmacy":null,"t_su_am_secondary_school":null,"t_wd_pm_hospital":null,"t_su_am_hospital":null,"c_gp":5,"c_hospital":21,"c_pharmacy":6,"c_primary_school":5,"c_rail_station":14,"c_secondary_school":12,"c_supermarket":8,"p30_wd_am":1201,"p45_wd_am":7215,"p60_wd_am":10339,"p30_wd_pm":895,"p45_wd_pm":1728,"p60_wd_pm":10317,"p30_su_am":895,"p45_su_am":895,"p60_su_am":895,"pc30":99336,"pc45":168104,"pc60":182611}},{"type":"Feature","geometry":{"type":"Polygon","coordinates":[[[7.23959,49.48506],[7.25338,49.48539],[7.25287,49.49438],[7.23908,49.49404],[7.23959,49.48506]]]},"properties":{"id":"CRS3035RES1kmN2934000E4121000","pop":786,"ags":"10046117","t_wd_pm_supermarket":46,"t_wd_pm_gp":48,"t_wd_pm_primary_school":52,"t_wd_pm_rail_station":77,"t_wd_pm_pharmacy":45,"t_wd_pm_secondary_school":55,"t_wd_am_primary_school":40,"t_wd_am_rail_station":67,"t_wd_am_supermarket":34,"t_wd_am_hospital":91,"t_wd_am_gp":35,"t_wd_am_pharmacy":35,"t_wd_am_secondary_school":37,"t_su_am_primary_school":null,"t_su_am_rail_station":null,"t_su_am_supermarket":null,"t_su_am_gp":null,"t_su_am_pharmacy":null,"t_su_am_secondary_school":null,"t_wd_pm_hospital":null,"t_su_am_hospital":null,"c_gp":9,"c_hospital":23,"c_pharmacy":7,"c_primary_school":9,"c_rail_station":17,"c_secondary_school":15,"c_supermarket":8,"p30_wd_am":1443,"p45_wd_am":7215,"p60_wd_am":9563,"p30_wd_pm":1443,"p45_wd_pm":1817,"p60_wd_pm":10317,"p30_su_am":1443,"p45_su_am":1493,"p60_su_am":1493,"pc30":92563,"pc45":159137,"pc60":181198}},{"type":"Feature","geometry":{"type":"Polygon","coordinates":[[[7.25338,49.48539],[7.26717,49.48573],[7.26667,49.49471],[7.25287,49.49438],[7.25338,49.48539]]]},"properties":{"id":"CRS3035RES1kmN2934000E4122000","pop":306,"ags":"10046117","t_wd_pm_supermarket":46,"t_wd_pm_gp":48,"t_wd_pm_primary_school":52,"t_wd_pm_rail_station":77,"t_wd_pm_pharmacy":45,"t_wd_pm_secondary_school":55,"t_wd_am_primary_school":34,"t_wd_am_rail_station":66,"t_wd_am_supermarket":30,"t_wd_am_hospital":91,"t_wd_am_gp":31,"t_wd_am_pharmacy":31,"t_wd_am_secondary_school":34,"t_su_am_primary_school":null,"t_su_am_rail_station":null,"t_su_am_supermarket":null,"t_su_am_gp":null,"t_su_am_pharmacy":null,"t_su_am_secondary_school":null,"t_wd_pm_hospital":null,"t_su_am_hospital":null,"c_gp":6,"c_hospital":19,"c_pharmacy":3,"c_primary_school":7,"c_rail_station":15,"c_secondary_school":11,"c_supermarket":4,"p30_wd_am":2050,"p45_wd_am":7476,"p60_wd_am":10659,"p30_wd_pm":1431,"p45_wd_pm":2075,"p60_wd_pm":10634,"p30_su_am":1431,"p45_su_am":1751,"p60_su_am":1751,"pc30":99231,"pc45":160044,"pc60":181198}},{"type":"Feature","geometry":{"type":"Polygon","coordinates":[[[7.26717,49.48573],[7.28096,49.48606],[7.28046,49.49505],[7.26667,49.49471],[7.26717,49.48573]]]},"properties":{"id":"CRS3035RES1kmN2934000E4123000","pop":105,"ags":"10046117","t_wd_pm_supermarket":46,"t_wd_pm_gp":48,"t_wd_pm_primary_school":52,"t_wd_pm_rail_station":77,"t_wd_pm_pharmacy":45,"t_wd_pm_secondary_school":55,"t_wd_am_primary_school":34,"t_wd_am_rail_station":66,"t_wd_am_supermarket":30,"t_wd_am_hospital":91,"t_wd_am_gp":31,"t_wd_am_pharmacy":31,"t_wd_am_secondary_school":34,"t_su_am_primary_school":null,"t_su_am_rail_station":null,"t_su_am_supermarket":null,"t_su_am_gp":null,"t_su_am_pharmacy":null,"t_su_am_secondary_school":null,"t_wd_pm_hospital":null,"t_su_am_hospital":null,"c_gp":7,"c_hospital":21,"c_pharmacy":6,"c_primary_school":8,"c_rail_station":17,"c_secondary_school":12,"c_supermarket":6,"p30_wd_am":1961,"p45_wd_am":7387,"p60_wd_am":10246,"p30_wd_pm":1342,"p45_wd_pm":1986,"p60_wd_pm":10634,"p30_su_am":1342,"p45_su_am":1662,"p60_su_am":1662,"pc30":89844,"pc45":155781,"pc60":181198}},{"type":"Feature","geometry":{"type":"Polygon","coordinates":[[[6.92189,49.48583],[6.93568,49.48621],[6.93512,49.49519],[6.92132,49.49481],[6.92189,49.48583]]]},"properties":{"id":"CRS3035RES1kmN2935000E4098000","pop":367,"ags":"10046118","t_wd_pm_supermarket":64,"t_wd_pm_gp":null,"t_wd_pm_primary_school":null,"t_wd_pm_rail_station":null,"t_wd_pm_pharmacy":67,"t_wd_pm_secondary_school":null,"t_wd_am_primary_school":28,"t_wd_am_rail_station":79,"t_wd_am_supermarket":30,"t_wd_am_hospital":null,"t_wd_am_gp":29,"t_wd_am_pharmacy":30,"t_wd_am_secondary_school":38,"t_su_am_primary_school":84,"t_su_am_rail_station":117,"t_su_am_supermarket":86,"t_su_am_gp":90,"t_su_am_pharmacy":79,"t_su_am_secondary_school":null,"t_wd_pm_hospital":null,"t_su_am_hospital":null,"c_gp":10,"c_hospital":43,"c_pharmacy":8,"c_primary_school":8,"c_rail_station":21,"c_secondary_school":18,"c_supermarket":6,"p30_wd_am":4657,"p45_wd_am":11266,"p60_wd_am":20659,"p30_wd_pm":2457,"p45_wd_pm":2457,"p60_wd_pm":2457,"p30_su_am":2457,"p45_su_am":2457,"p60_su_am":2457,"pc30":90873,"pc45":159354,"pc60":181334}},{"type":"Feature","geometry":{"type":"Polygon","coordinates":[[[6.93568,49.48621],[6.94947,49.48658],[6.94891,49.49556],[6.93512,49.49519],[6.93568,49.48621]]]},"properties":{"id":"CRS3035RES1kmN2935000E4099000","pop":443,"ags":"10046118","t_wd_pm_supermarket":null,"t_wd_pm_gp":null,"t_wd_pm_primary_school":null,"t_wd_pm_rail_station":null,"t_wd_pm_pharmacy":null,"t_wd_pm_secondary_school":null,"t_wd_am_primary_school":29,"t_wd_am_rail_station":69,"t_wd_am_supermarket":27,"t_wd_am_hospital":null,"t_wd_am_gp":27,"t_wd_am_pharmacy":27,"t_wd_am_secondary_school":37,"t_su_am_primary_school":91,"t_su_am_rail_station":null,"t_su_am_supermarket":93,"t_su_am_gp":null,"t_su_am_pharmacy":86,"t_su_am_secondary_school":null,"t_wd_pm_hospital":null,"t_su_am_hospital":null,"c_gp":9,"c_hospital":42,"c_pharmacy":8,"c_primary_school":7,"c_rail_station":18,"c_secondary_school":17,"c_supermarket":6,"p30_wd_am":5733,"p45_wd_am":15163,"p60_wd_am":24565,"p30_wd_pm":2368,"p45_wd_pm":2368,"p60_wd_pm":2368,"p30_su_am":2368,"p45_su_am":2368,"p60_su_am":2368,"pc30":100550,"pc45":163835,"pc60":181608}},{"type":"Feature","geometry":{"type":"Polygon","coordinates":[[[6.94947,49.48658],[6.96326,49.48695],[6.9627,49.49594],[6.94891,49.49556],[6.94947,49.48658]]]},"properties":{"id":"CRS3035RES1kmN2935000E4100000","pop":5,"ags":"10046118","t_wd_pm_supermarket":null,"t_wd_pm_gp":null,"t_wd_pm_primary_school":null,"t_wd_pm_rail_station":null,"t_wd_pm_pharmacy":null,"t_wd_pm_secondary_school":null,"t_wd_am_primary_school":32,"t_wd_am_rail_station":78,"t_wd_am_supermarket":33,"t_wd_am_hospital":null,"t_wd_am_gp":32,"t_wd_am_pharmacy":33,"t_wd_am_secondary_school":46,"t_su_am_primary_school":null,"t_su_am_rail_station":null,"t_su_am_supermarket":null,"t_su_am_gp":null,"t_su_am_pharmacy":null,"t_su_am_secondary_school":null,"t_wd_pm_hospital":null,"t_su_am_hospital":null,"c_gp":9,"c_hospital":42,"c_pharmacy":9,"c_primary_school":8,"c_rail_station":18,"c_secondary_school":17,"c_supermarket":8,"p30_wd_am":3109,"p45_wd_am":8567,"p60_wd_am":18225,"p30_wd_pm":1917,"p45_wd_pm":1917,"p60_wd_pm":1917,"p30_su_am":1917,"p45_su_am":1917,"p60_su_am":1917,"pc30":100472,"pc45":163827,"pc60":181608}},{"type":"Feature","geometry":{"type":"Polygon","coordinates":[[[6.96326,49.48695],[6.97705,49.48732],[6.97649,49.49631],[6.9627,49.49594],[6.96326,49.48695]]]},"properties":{"id":"CRS3035RES1kmN2935000E4101000","pop":533,"ags":"10046118","t_wd_pm_supermarket":10,"t_wd_pm_gp":6,"t_wd_pm_primary_school":9,"t_wd_pm_rail_station":81,"t_wd_pm_pharmacy":10,"t_wd_pm_secondary_school":57,"t_wd_am_primary_school":9,"t_wd_am_rail_station":62,"t_wd_am_supermarket":10,"t_wd_am_hospital":102,"t_wd_am_gp":6,"t_wd_am_pharmacy":10,"t_wd_am_secondary_school":30,"t_su_am_primary_school":9,"t_su_am_rail_station":71,"t_su_am_supermarket":10,"t_su_am_gp":6,"t_su_am_pharmacy":10,"t_su_am_secondary_school":49,"t_wd_pm_hospital":null,"t_su_am_hospital":null,"c_gp":3,"c_hospital":36,"c_pharmacy":3,"c_primary_school":4,"c_rail_station":13,"c_secondary_school":11,"c_supermarket":4,"p30_wd_am":4498,"p45_wd_am":12161,"p60_wd_am":27461,"p30_wd_pm":2566,"p45_wd_pm":2566,"p60_wd_pm":6285,"p30_su_am":2566,"p45_su_am":2566,"p60_su_am":9964,"pc30":130983,"pc45":174567,"pc60":183517}},{"type":"Feature","geometry":{"type":"Polygon","coordinates":[[[6.97705,49.48732],[6.99084,49.48769],[6.99028,49.49668],[6.97649,49.49631],[6.97705,49.48732]]]},"properties":{"id":"CRS3035RES1kmN2935000E4102000","pop":1027,"ags":"10046118","t_wd_pm_supermarket":6,"t_wd_pm_gp":4,"t_wd_pm_primary_school":0,"t_wd_pm_rail_station":81,"t_wd_pm_pharmacy":6,"t_wd_pm_secondary_school":57,"t_wd_am_primary_school":0,"t_wd_am_rail_station":59,"t_wd_am_supermarket":6,"t_wd_am_hospital":99,"t_wd_am_gp":4,"t_wd_am_pharmacy":6,"t_wd_am_secondary_school":28,"t_su_am_primary_school":0,"t_su_am_rail_station":71,"t_su_am_supermarket":6,"t_su_am_gp":4,"t_su_am_pharmacy":6,"t_su_am_secondary_school":49,"t_wd_pm_hospital":null,"t_su_am_hospital":null,"c_gp":2,"c_hospital":35,"c_pharmacy":3,"c_primary_school":0,"c_rail_station":12,"c_secondary_school":10,"c_supermarket":3,"p30_wd_am":7338,"p45_wd_am":15501,"p60_wd_am":29450,"p30_wd_pm":2618,"p45_wd_pm":2618,"p60_wd_pm":6295,"p30_su_am":2618,"p45_su_am":2618,"p60_su_am":9970,"pc30":135699,"pc45":175249,"pc60":183627}},{"type":"Feature","geometry":{"type":"Polygon","coordinates":[[[6.99084,49.48769],[7.00463,49.48806],[7.00407,49.49704],[6.99028,49.49668],[6.99084,49.48769]]]},"properties":{"id":"CRS3035RES1kmN2935000E4103000","pop":42,"ags":"10046118","t_wd_pm_supermarket":25,"t_wd_pm_gp":25,"t_wd_pm_primary_school":25,"t_wd_pm_rail_station":80,"t_wd_pm_pharmacy":24,"t_wd_pm_secondary_school":49,"t_wd_am_primary_school":25,"t_wd_am_rail_station":54,"t_wd_am_supermarket":18,"t_wd_am_hospital":94,"t_wd_am_gp":25,"t_wd_am_pharmacy":19,"t_wd_am_secondary_school":23,"t_su_am_primary_school":25,"t_su_am_rail_station":71,"t_su_am_supermarket":25,"t_su_am_gp":25,"t_su_am_pharmacy":24,"t_su_am_secondary_school":49,"t_wd_pm_hospital":null,"t_su_am_hospital":null,"c_gp":4,"c_hospital":32,"c_pharmacy":3,"c_primary_school":4,"c_rail_station":11,"c_secondary_school":6,"c_supermarket":3,"p30_wd_am":6522,"p45_wd_am":18924,"p60_wd_am":33597,"p30_wd_pm":1365,"p45_wd_pm":1365,"p60_wd_pm":6906,"p30_su_am":1365,"p45_su_am":2242,"p60_su_am":9970,"pc30":148914,"pc45":179554,"pc60":184157}},{"type":"Feature","geometry":{"type":"Polygon","coordinates":[[[7.00463,49.48806],[7.01842,49.48842],[7.01787,49.49741],[7.00407,49.49704],[7.00463,49.48806]]]},"properties":{"id":"CRS3035RES1kmN2935000E4104000","pop":68,"ags":"10046118","t_wd_pm_supermarket":10,"t_wd_pm_gp":47,"t_wd_pm_primary_school":17,"t_wd_pm_rail_station":78,"t_wd_pm_pharmacy":8,"t_wd_pm_secondary_school":14,"t_wd_am_primary_school":17,"t_wd_am_rail_station":52,"t_wd_am_supermarket":10,"t_wd_am_hospital":91,"t_wd_am_gp":38,"t_wd_am_pharmacy":8,"t_wd_am_secondary_school":14,"t_su_am_primary_school":17,"t_su_am_rail_station":68,"t_su_am_supermarket":10,"t_su_am_gp":47,"t_su_am_pharmacy":8,"t_su_am_secondary_school":14,"t_wd_pm_hospital":null,"t_su_am_hospital":null,"c_gp":5,"c_hospital":30,"c_pharmacy":1,"c_primary_school":3,"c_rail_station":13,"c_secondary_school":5,"c_supermarket":2,"p30_wd_am":4597,"p45_wd_am":17257,"p60_wd_am":30707,"p30_wd_pm":3297,"p45_wd_pm":3297,"p60_wd_pm":6890,"p30_su_am":3297,"p45_su_am":3385,"p60_su_am":13043,"pc30":153442,"pc45":179868,"pc60":184187}},{"type":"Feature","geometry":{"type":"Polygon","coordinates":[[[7.01842,49.48842],[7.03221,49.48879],[7.03166,49.49777],[7.01787,49.49741],[7.01842,49.48842]]]},"properties":{"id":"CRS3035RES1kmN2935000E4105000","pop":323,"ags":"10046118","t_wd_pm_supermarket":9,"t_wd_pm_gp":47,"t_wd_pm_primary_school":14,"t_wd_pm_rail_station":79,"t_wd_pm_pharmacy":9,"t_wd_pm_secondary_school":11,"t_wd_am_primary_school":14,"t_wd_am_rail_station":51,"t_wd_am_supermarket":9,"t_wd_am_hospital":91,"t_wd_am_gp":44,"t_wd_am_pharmacy":9,"t_wd_am_secondary_school":11,"t_su_am_primary_school":14,"t_su_am_rail_station":62,"t_su_am_supermarket":9,"t_su_am_gp":44,"t_su_am_pharmacy":9,"t_su_am_secondary_school":11,"t_wd_pm_hospital":null,"t_su_am_hospital":null,"c_gp":8,"c_hospital":30,"c_pharmacy":2,"c_primary_school":4,"c_rail_station":15,"c_secondary_school":5,"c_supermarket":3,"p30_wd_am":4555,"p45_wd_am":15097,"p60_wd_am":30904,"p30_wd_pm":3255,"p45_wd_pm":3255,"p60_wd_pm":6848,"p30_su_am":3255,"p45_su_am":5454,"p60_su_am":13728,"pc30":156984,"pc45":180695,"pc60":184187}},{"type":"Feature","geometry":{"type":"Polygon","coordinates":[[[7.03221,49.48879],[7.046,49.48915],[7.04545,49.49813],[7.03166,49.49777],[7.03221,49.48879]]]},"properties":{"id":"CRS3035RES1kmN2935000E4106000","pop":182,"ags":"10046118","t_wd_pm_supermarket":15,"t_wd_pm_gp":47,"t_wd_pm_primary_school":18,"t_wd_pm_rail_station":56,"t_wd_pm_pharmacy":15,"t_wd_pm_secondary_school":16,"t_wd_am_primary_school":18,"t_wd_am_rail_station":51,"t_wd_am_supermarket":15,"t_wd_am_hospital":91,"t_wd_am_gp":42,"t_wd_am_pharmacy":15,"t_wd_am_secondary_school":16,"t_su_am_primary_school":18,"t_su_am_rail_station":42,"t_su_am_supermarket":15,"t_su_am_gp":30,"t_su_am_pharmacy":15,"t_su_am_secondary_school":16,"t_wd_pm_hospital":null,"t_su_am_hospital":null,"c_gp":9,"c_hospital":28,"c_pharmacy":3,"c_primary_school":4,"c_rail_station":15,"c_secondary_school":6,"c_supermarket":3,"p30_wd_am":4503,"p45_wd_am":15895,"p60_wd_am":30900,"p30_wd_pm":4213,"p45_wd_pm":7292,"p60_wd_pm":16343,"p30_su_am":4577,"p45_su_am":16657,"p60_su_am":32854,"pc30":157721,"pc45":181118,"pc60":184261}},{"type":"Feature","geometry":{"type":"Polygon","coordinates":[[[7.046,49.48915],[7.05979,49.48951],[7.05925,49.49849],[7.04545,49.49813],[7.046,49.48915]]]},"properties":{"id":"CRS3035RES1kmN2935000E4107000","pop":17,"ags":"10046118","t_wd_pm_supermarket":16,"t_wd_pm_gp":47,"t_wd_pm_primary_school":45,"t_wd_pm_rail_station":52,"t_wd_pm_pharmacy":21,"t_wd_pm_secondary_school":42,"t_wd_am_primary_school":33,"t_wd_am_rail_station":52,"t_wd_am_supermarket":16,"t_wd_am_hospital":91,"t_wd_am_gp":44,"t_wd_am_pharmacy":21,"t_wd_am_secondary_school":34,"t_su_am_primary_school":47,"t_su_am_rail_station":58,"t_su_am_supermarket":16,"t_su_am_gp":44,"t_su_am_pharmacy":21,"t_su_am_secondary_school":46,"t_wd_pm_hospital":null,"t_su_am_hospital":null,"c_gp":11,"c_hospital":28,"c_pharmacy":5,"c_primary_school":8,"c_rail_station":16,"c_secondary_school":10,"c_supermarket":6,"p30_wd_am":2426,"p45_wd_am":14860,"p60_wd_am":26704,"p30_wd_pm":2426,"p45_wd_pm":9345,"p60_wd_pm":18307,"p30_su_am":2426,"p45_su_am":4351,"p60_su_am":16930,"pc30":151555,"pc45":179903,"pc60":184135}},{"type":"Feature","geometry":{"type":"Polygon","coordinates":[[[7.10116,49.49058],[7.11495,49.49093],[7.11442,49.49992],[7.10063,49.49957],[7.10116,49.49058]]]},"properties":{"id":"CRS3035RES1kmN2935000E4111000","pop":1730,"ags":"10046117","t_wd_pm_supermarket":8,"t_wd_pm_gp":6,"t_wd_pm_primary_school":9,"t_wd_pm_rail_station":63,"t_wd_pm_pharmacy":8,"t_wd_pm_secondary_school":70,"t_wd_am_primary_school":9,"t_wd_am_rail_station":33,"t_wd_am_supermarket":8,"t_wd_am_hospital":49,"t_wd_am_gp":6,"t_wd_am_pharmacy":8,"t_wd_am_secondary_school":37,"t_su_am_primary_school":9,"t_su_am_rail_station":25,"t_su_am_supermarket":8,"t_su_am_gp":6,"t_su_am_pharmacy":8,"t_su_am_secondary_school":33,"t_wd_pm_hospital":null,"t_su_am_hospital":null,"c_gp":2,"c_hospital":18,"c_pharmacy":2,"c_primary_school":2,"c_rail_station":7,"c_secondary_school":9,"c_supermarket":2,"p30_wd_am":9949,"p45_wd_am":25787,"p60_wd_am":47972,"p30_wd_pm":3269,"p45_wd_pm":8724,"p60_wd_pm":15818,"p30_su_am":6610,"p45_su_am":21421,"p60_su_am":31341,"pc30":157430,"pc45":179735,"pc60":183891}},{"type":"Feature","geometry":{"type":"Polygon","coordinates":[[[7.11495,49.49093],[7.12874,49.49129],[7.12821,49.50027],[7.11442,49.49992],[7.11495,49.49093]]]},"properties":{"id":"CRS3035RES1kmN2935000E4112000","pop":799,"ags":"10046117","t_wd_pm_supermarket":8,"t_wd_pm_gp":9,"t_wd_pm_primary_school":9,"t_wd_pm_rail_station":66,"t_wd_pm_pharmacy":8,"t_wd_pm_secondary_school":73,"t_wd_am_primary_school":9,"t_wd_am_rail_station":36,"t_wd_am_supermarket":8,"t_wd_am_hospital":52,"t_wd_am_gp":9,"t_wd_am_pharmacy":8,"t_wd_am_secondary_school":40,"t_su_am_primary_school":9,"t_su_am_rail_station":28,"t_su_am_supermarket":8,"t_su_am_gp":9,"t_su_am_pharmacy":8,"t_su_am_secondary_school":36,"t_wd_pm_hospital":null,"t_su_am_hospital":null,"c_gp":2,"c_hospital":18,"c_pharmacy":3,"c_primary_school":3,"c_rail_station":8,"c_secondary_school":9,"c_supermarket":3,"p30_wd_am":6947,"p45_wd_am":21459,"p60_wd_am":44626,"p30_wd_pm":2973,"p45_wd_pm":8724,"p60_wd_pm":12819,"p30_su_am":6284,"p45_su_am":19296,"p60_su_am":30321,"pc30":154785,"pc45":178917,"pc60":183816}},{"type":"Feature","geometry":{"type":"Polygon","coordinates":[[[7.12874,49.49129],[7.14254,49.49164],[7.14201,49.50062],[7.12821,49.50027],[7.12874,49.49129]]]},"properties":{"id":"CRS3035RES1kmN2935000E4113000","pop":3,"ags":"10046117","t_wd_pm_supermarket":21,"t_wd_pm_gp":22,"t_wd_pm_primary_school":23,"t_wd_pm_rail_station":74,"t_wd_pm_pharmacy":21,"t_wd_pm_secondary_school":81,"t_wd_am_primary_school":23,"t_wd_am_rail_station":44,"t_wd_am_supermarket":21,"t_wd_am_hospital":60,"t_wd_am_gp":22,"t_wd_am_pharmacy":21,"t_wd_am_secondary_school":48,"t_su_am_primary_school":23,"t_su_am_rail_station":43,"t_su_am_supermarket":21,"t_su_am_gp":22,"t_su_am_pharmacy":21,"t_su_am_secondary_school":51,"t_wd_pm_hospital":null,"t_su_am_hospital":null,"c_gp":4,"c_hospital":20,"c_pharmacy":5,"c_primary_school":5,"c_rail_station":8,"c_secondary_school":11,"c_supermarket":5,"p30_wd_am":2629,"p45_wd_am":11835,"p60_wd_am":30145,"p30_wd_pm":2629,"p45_wd_pm":6835,"p60_wd_pm":10208,"p30_su_am":2629,"p45_su_am":10146,"p60_su_am":22696,"pc30":143555,"pc45":178963,"pc60":183764}},{"type":"Feature","geometry":{"type":"Polygon","coordinates":[[[7.14254,49.49164],[7.15633,49.49199],[7.1558,49.50097],[7.14201,49.50062],[7.14254,49.49164]]]},"properties":{"id":"CRS3035RES1kmN2935000E4114000","pop":24,"ags":"10046113","t_wd_pm_supermarket":36,"t_wd_pm_gp":44,"t_wd_pm_primary_school":20,"t_wd_pm_rail_station":18,"t_wd_pm_pharmacy":36,"t_wd_pm_secondary_school":60,"t_wd_am_primary_school":20,"t_wd_am_rail_station":18,"t_wd_am_supermarket":29,"t_wd_am_hospital":91,"t_wd_am_gp":48,"t_wd_am_pharmacy":40,"t_wd_am_secondary_school":62,"t_su_am_primary_school":20,"t_su_am_rail_station":18,"t_su_am_supermarket":44,"t_su_am_gp":53,"t_su_am_pharmacy":52,"t_su_am_secondary_school":62,"t_wd_pm_hospital":null,"t_su_am_hospital":null,"c_gp":8,"c_hospital":19,"c_pharmacy":7,"c_primary_school":5,"c_rail_station":5,"c_secondary_school":10,"c_supermarket":6,"p30_wd_am":2082,"p45_wd_am":5466,"p60_wd_am":15526,"p30_wd_pm":1094,"p45_wd_pm":4249,"p60_wd_pm":16960,"p30_su_am":1094,"p45_su_am":2082,"p60_su_am":11485,"pc30":133728,"pc45":178977,"pc60":183764}},{"type":"Feature","geometry":{"type":"Polygon","coordinates":[[[7.15633,49.49199],[7.17012,49.49233],[7.1696,49.50132],[7.1558,49.50097],[7.15633,49.49199]]]},"properties":{"id":"CRS3035RES1kmN2935000E4115000","pop":860,"ags":"10046113","t_wd_pm_supermarket":29,"t_wd_pm_gp":30,"t_wd_pm_primary_school":7,"t_wd_pm_rail_station":5,"t_wd_pm_pharmacy":29,"t_wd_pm_secondary_school":37,"t_wd_am_primary_school":7,"t_wd_am_rail_station":5,"t_wd_am_supermarket":20,"t_wd_am_hospital":80,"t_wd_am_gp":32,"t_wd_am_pharmacy":25,"t_wd_am_secondary_school":42,"t_su_am_primary_school":7,"t_su_am_rail_station":5,"t_su_am_supermarket":33,"t_su_am_gp":30,"t_su_am_pharmacy":31,"t_su_am_secondary_school":40,"t_wd_pm_hospital":null,"t_su_am_hospital":null,"c_gp":6,"c_hospital":17,"c_pharmacy":5,"c_primary_school":2,"c_rail_station":1,"c_secondary_school":7,"c_supermarket":4,"p30_wd_am":5675,"p45_wd_am":11233,"p60_wd_am":28392,"p30_wd_pm":4748,"p45_wd_pm":25839,"p60_wd_pm":52811,"p30_su_am":2109,"p45_su_am":19605,"p60_su_am":39431,"pc30":137119,"pc45":179515,"pc60":183816}},{"type":"Feature","geometry":{"type":"Polygon","coordinates":[[[7.17012,49.49233],[7.18391,49.49268],[7.18339,49.50166],[7.1696,49.50132],[7.17012,49.49233]]]},"properties":{"id":"CRS3035RES1kmN2935000E4116000","pop":11,"ags":"10046113","t_wd_pm_supermarket":33,"t_wd_pm_gp":43,"t_wd_pm_primary_school":14,"t_wd_pm_rail_station":10,"t_wd_pm_pharmacy":34,"t_wd_pm_secondary_school":59,"t_wd_am_primary_school":14,"t_wd_am_rail_station":10,"t_wd_am_supermarket":26,"t_wd_am_hospital":85,"t_wd_am_gp":43,"t_wd_am_pharmacy":36,"t_wd_am_secondary_school":55,"t_su_am_primary_school":14,"t_su_am_rail_station":10,"t_su_am_supermarket":40,"t_su_am_gp":41,"t_su_am_pharmacy":38,"t_su_am_secondary_school":54,"t_wd_pm_hospital":null,"t_su_am_hospital":null,"c_gp":9,"c_hospital":21,"c_pharmacy":9,"c_primary_school":5,"c_rail_station":4,"c_secondary_school":11,"c_supermarket":7,"p30_wd_am":2132,"p45_wd_am":7544,"p60_wd_am":19221,"p30_wd_pm":1223,"p45_wd_pm":5414,"p60_wd_pm":17770,"p30_su_am":1573,"p45_su_am":8007,"p60_su_am":20740,"pc30":116838,"pc45":178910,"pc60":183764}},{"type":"Feature","geometry":{"type":"Polygon","coordinates":[[[7.1977,49.49302],[7.2115,49.49336],[7.21098,49.50235],[7.19719,49.50201],[7.1977,49.49302]]]},"properties":{"id":"CRS3035RES1kmN2935000E4118000","pop":125,"ags":"10046117","t_wd_pm_supermarket":46,"t_wd_pm_gp":48,"t_wd_pm_primary_school":52,"t_wd_pm_rail_station":77,"t_wd_pm_pharmacy":45,"t_wd_pm_secondary_school":55,"t_wd_am_primary_school":32,"t_wd_am_rail_station":37,"t_wd_am_supermarket":29,"t_wd_am_hospital":50,"t_wd_am_gp":29,"t_wd_am_pharmacy":35,"t_wd_am_secondary_school":35,"t_su_am_primary_school":null,"t_su_am_rail_station":null,"t_su_am_supermarket":null,"t_su_am_gp":null,"t_su_am_pharmacy":null,"t_su_am_secondary_school":null,"t_wd_pm_hospital":null,"t_su_am_hospital":null,"c_gp":8,"c_hospital":19,"c_pharmacy":8,"c_primary_school":7,"c_rail_station":11,"c_secondary_school":10,"c_supermarket":6,"p30_wd_am":2887,"p45_wd_am":14857,"p60_wd_am":31622,"p30_wd_pm":488,"p45_wd_pm":2213,"p60_wd_pm":10802,"p30_su_am":488,"p45_su_am":488,"p60_su_am":488,"pc30":106893,"pc45":172034,"pc60":182797}},{"type":"Feature","geometry":{"type":"Polygon","coordinates":[[[7.2115,49.49336],[7.22529,49.4937],[7.22478,49.50269],[7.21098,49.50235],[7.2115,49.49336]]]},"properties":{"id":"CRS3035RES1kmN2935000E4119000","pop":67,"ags":"10046117","t_wd_pm_supermarket":46,"t_wd_pm_gp":48,"t_wd_pm_primary_school":52,"t_wd_pm_rail_station":77,"t_wd_pm_pharmacy":45,"t_wd_pm_secondary_school":55,"t_wd_am_primary_school":31,"t_wd_am_rail_station":36,"t_wd_am_supermarket":28,"t_wd_am_hospital":49,"t_wd_am_gp":28,"t_wd_am_pharmacy":34,"t_wd_am_secondary_school":34,"t_su_am_primary_school":null,"t_su_am_rail_station":null,"t_su_am_supermarket":null,"t_su_am_gp":null,"t_su_am_pharmacy":null,"t_su_am_secondary_school":null,"t_wd_pm_hospital":null,"t_su_am_hospital":null,"c_gp":8,"c_hospital":20,"c_pharmacy":8,"c_primary_school":7,"c_rail_station":12,"c_secondary_school":11,"c_supermarket":6,"p30_wd_am":3237,"p45_wd_am":16910,"p60_wd_am":31657,"p30_wd_pm":488,"p45_wd_pm":2213,"p60_wd_pm":10802,"p30_su_am":488,"p45_su_am":488,"p60_su_am":488,"pc30":101168,"pc45":169666,"pc60":182611}},{"type":"Feature","geometry":{"type":"Polygon","coordinates":[[[7.22529,49.4937],[7.23908,49.49404],[7.23857,49.50303],[7.22478,49.50269],[7.22529,49.4937]]]},"properties":{"id":"CRS3035RES1kmN2935000E4120000","pop":3,"ags":"10046117","t_wd_pm_supermarket":46,"t_wd_pm_gp":48,"t_wd_pm_primary_school":52,"t_wd_pm_rail_station":77,"t_wd_pm_pharmacy":45,"t_wd_pm_secondary_school":55,"t_wd_am_primary_school":42,"t_wd_am_rail_station":47,"t_wd_am_supermarket":36,"t_wd_am_hospital":60,"t_wd_am_gp":37,"t_wd_am_pharmacy":37,"t_wd_am_secondary_school":38,"t_su_am_primary_school":null,"t_su_am_rail_station":null,"t_su_am_supermarket":null,"t_su_am_gp":null,"t_su_am_pharmacy":null,"t_su_am_secondary_school":null,"t_wd_pm_hospital":null,"t_su_am_hospital":null,"c_gp":4,"c_hospital":19,"c_pharmacy":5,"c_primary_school":4,"c_rail_station":11,"c_secondary_school":10,"c_supermarket":6,"p30_wd_am":1675,"p45_wd_am":13373,"p60_wd_am":23427,"p30_wd_pm":1325,"p45_wd_pm":2202,"p60_wd_pm":10791,"p30_su_am":1325,"p45_su_am":1325,"p60_su_am":1325,"pc30":109514,"pc45":174930,"pc60":182797}},{"type":"Feature","geometry":{"type":"Polygon","coordinates":[[[7.25287,49.49438],[7.26667,49.49471],[7.26616,49.5037],[7.25237,49.50336],[7.25287,49.49438]]]},"properties":{"id":"CRS3035RES1kmN2935000E4122000","pop":48,"ags":"10046117","t_wd_pm_supermarket":47,"t_wd_pm_gp":48,"t_wd_pm_primary_school":54,"t_wd_pm_rail_station":77,"t_wd_pm_pharmacy":47,"t_wd_pm_secondary_school":55,"t_wd_am_primary_school":34,"t_wd_am_rail_station":66,"t_wd_am_supermarket":30,"t_wd_am_hospital":91,"t_wd_am_gp":31,"t_wd_am_pharmacy":31,"t_wd_am_secondary_school":34,"t_su_am_primary_school":null,"t_su_am_rail_station":null,"t_su_am_supermarket":null,"t_su_am_gp":null,"t_su_am_pharmacy":null,"t_su_am_secondary_school":null,"t_wd_pm_hospital":null,"t_su_am_hospital":null,"c_gp":7,"c_hospital":21,"c_pharmacy":6,"c_primary_school":8,"c_rail_station":17,"c_secondary_school":12,"c_supermarket":6,"p30_wd_am":1917,"p45_wd_am":7343,"p60_wd_am":10246,"p30_wd_pm":1692,"p45_wd_pm":2336,"p60_wd_pm":10190,"p30_su_am":1692,"p45_su_am":2012,"p60_su_am":2012,"pc30":89826,"pc45":155781,"pc60":181198}},{"type":"Feature","geometry":{"type":"Polygon","coordinates":[[[7.26667,49.49471],[7.28046,49.49505],[7.27996,49.50403],[7.26616,49.5037],[7.26667,49.49471]]]},"properties":{"id":"CRS3035RES1kmN2935000E4123000","pop":50,"ags":"10046117","t_wd_pm_supermarket":47,"t_wd_pm_gp":48,"t_wd_pm_primary_school":53,"t_wd_pm_rail_station":77,"t_wd_pm_pharmacy":46,"t_wd_pm_secondary_school":55,"t_wd_am_primary_school":34,"t_wd_am_rail_station":66,"t_wd_am_supermarket":30,"t_wd_am_hospital":91,"t_wd_am_gp":31,"t_wd_am_pharmacy":31,"t_wd_am_secondary_school":34,"t_su_am_primary_school":null,"t_su_am_rail_station":null,"t_su_am_supermarket":null,"t_su_am_gp":null,"t_su_am_pharmacy":null,"t_su_am_secondary_school":null,"t_wd_pm_hospital":null,"t_su_am_hospital":null,"c_gp":6,"c_hospital":21,"c_pharmacy":5,"c_primary_school":7,"c_rail_station":17,"c_secondary_school":11,"c_supermarket":6,"p30_wd_am":1302,"p45_wd_am":7574,"p60_wd_am":10246,"p30_wd_pm":683,"p45_wd_pm":1986,"p60_wd_pm":10803,"p30_su_am":683,"p45_su_am":1618,"p60_su_am":1618,"pc30":90177,"pc45":156736,"pc60":181198}},{"type":"Feature","geometry":{"type":"Polygon","coordinates":[[[6.92132,49.49481],[6.93512,49.49519],[6.93455,49.50417],[6.92076,49.5038],[6.92132,49.49481]]]},"properties":{"id":"CRS3035RES1kmN2936000E4098000","pop":4,"ags":"10046118","t_wd_pm_supermarket":69,"t_wd_pm_gp":null,"t_wd_pm_primary_school":null,"t_wd_pm_rail_station":null,"t_wd_pm_pharmacy":72,"t_wd_pm_secondary_school":null,"t_wd_am_primary_school":28,"t_wd_am_rail_station":81,"t_wd_am_supermarket":32,"t_wd_am_hospital":null,"t_wd_am_gp":29,"t_wd_am_pharmacy":32,"t_wd_am_secondary_school":40,"t_su_am_primary_school":84,"t_su_am_rail_station":117,"t_su_am_supermarket":86,"t_su_am_gp":90,"t_su_am_pharmacy":79,"t_su_am_secondary_school":null,"t_wd_pm_hospital":null,"t_su_am_hospital":null,"c_gp":6,"c_hospital":40,"c_pharmacy":7,"c_primary_school":7,"c_rail_station":17,"c_secondary_school":15,"c_supermarket":5,"p30_wd_am":3399,"p45_wd_am":9952,"p60_wd_am":19740,"p30_wd_pm":1941,"p45_wd_pm":1941,"p60_wd_pm":2119,"p30_su_am":1941,"p45_su_am":1941,"p60_su_am":1941,"pc30":108323,"pc45":169649,"pc60":181917}},{"type":"Feature","geometry":{"type":"Polygon","coordinates":[[[6.93512,49.49519],[6.94891,49.49556],[6.94834,49.50455],[6.93455,49.50417],[6.93512,49.49519]]]},"properties":{"id":"CRS3035RES1kmN2936000E4099000","pop":627,"ags":"10046118","t_wd_pm_supermarket":null,"t_wd_pm_gp":null,"t_wd_pm_primary_school":null,"t_wd_pm_rail_station":null,"t_wd_pm_pharmacy":null,"t_wd_pm_secondary_school":null,"t_wd_am_primary_school":26,"t_wd_am_rail_station":75,"t_wd_am_supermarket":28,"t_wd_am_hospital":null,"t_wd_am_gp":27,"t_wd_am_pharmacy":28,"t_wd_am_secondary_school":36,"t_su_am_primary_school":91,"t_su_am_rail_station":null,"t_su_am_supermarket":93,"t_su_am_gp":null,"t_su_am_pharmacy":86,"t_su_am_secondary_school":null,"t_wd_pm_hospital":null,"t_su_am_hospital":null,"c_gp":5,"c_hospital":39,"c_pharmacy":6,"c_primary_school":7,"c_rail_station":16,"c_secondary_school":14,"c_supermarket":6,"p30_wd_am":4021,"p45_wd_am":10012,"p60_wd_am":21506,"p30_wd_pm":1853,"p45_wd_pm":1853,"p60_wd_pm":1853,"p30_su_am":1853,"p45_su_am":1853,"p60_su_am":1853,"pc30":115747,"pc45":169966,"pc60":182379}},{"type":"Feature","geometry":{"type":"Polygon","coordinates":[[[6.94891,49.49556],[6.9627,49.49594],[6.96214,49.50492],[6.94834,49.50455],[6.94891,49.49556]]]},"properties":{"id":"CRS3035RES1kmN2936000E4100000","pop":32,"ags":"10046118","t_wd_pm_supermarket":null,"t_wd_pm_gp":null,"t_wd_pm_primary_school":null,"t_wd_pm_rail_station":null,"t_wd_pm_pharmacy":null,"t_wd_pm_secondary_school":null,"t_wd_am_primary_school":27,"t_wd_am_rail_station":80,"t_wd_am_supermarket":31,"t_wd_am_hospital":null,"t_wd_am_gp":28,"t_wd_am_pharmacy":31,"t_wd_am_secondary_school":39,"t_su_am_primary_school":null,"t_su_am_rail_station":null,"t_su_am_supermarket":null,"t_su_am_gp":null,"t_su_am_pharmacy":null,"t_su_am_secondary_school":null,"t_wd_pm_hospital":null,"t_su_am_hospital":null,"c_gp":6,"c_hospital":40,"c_pharmacy":7,"c_primary_school":8,"c_rail_station":17,"c_secondary_school":15,"c_supermarket":8,"p30_wd_am":2944,"p45_wd_am":8944,"p60_wd_am":17021,"p30_wd_pm":1917,"p45_wd_pm":1917,"p60_wd_pm":1917,"p30_su_am":1917,"p45_su_am":1917,"p60_su_am":1917,"pc30":108323,"pc45":169649,"pc60":181917}},{"type":"Feature","geometry":{"type":"Polygon","coordinates":[[[6.9627,49.49594],[6.97649,49.49631],[6.97593,49.50529],[6.96214,49.50492],[6.9627,49.49594]]]},"properties":{"id":"CRS3035RES1kmN2936000E4101000","pop":431,"ags":"10046118","t_wd_pm_supermarket":19,"t_wd_pm_gp":16,"t_wd_pm_primary_school":18,"t_wd_pm_rail_station":81,"t_wd_pm_pharmacy":19,"t_wd_pm_secondary_school":57,"t_wd_am_primary_school":18,"t_wd_am_rail_station":59,"t_wd_am_supermarket":19,"t_wd_am_hospital":99,"t_wd_am_gp":16,"t_wd_am_pharmacy":19,"t_wd_am_secondary_school":33,"t_su_am_primary_school":18,"t_su_am_rail_station":71,"t_su_am_supermarket":19,"t_su_am_gp":16,"t_su_am_pharmacy":19,"t_su_am_secondary_school":49,"t_wd_pm_hospital":null,"t_su_am_hospital":null,"c_gp":4,"c_hospital":37,"c_pharmacy":5,"c_primary_school":6,"c_rail_station":15,"c_secondary_school":12,"c_supermarket":5,"p30_wd_am":4271,"p45_wd_am":15469,"p60_wd_am":28653,"p30_wd_pm":2603,"p45_wd_pm":2603,"p60_wd_pm":6322,"p30_su_am":2603,"p45_su_am":2603,"p60_su_am":9949,"pc30":123462,"pc45":172586,"pc60":182549}},{"type":"Feature","geometry":{"type":"Polygon","coordinates":[[[6.97649,49.49631],[6.99028,49.49668],[6.98973,49.50566],[6.97593,49.50529],[6.97649,49.49631]]]},"properties":{"id":"CRS3035RES1kmN2936000E4102000","pop":344,"ags":"10046118","t_wd_pm_supermarket":16,"t_wd_pm_gp":10,"t_wd_pm_primary_school":13,"t_wd_pm_rail_station":81,"t_wd_pm_pharmacy":16,"t_wd_pm_secondary_school":57,"t_wd_am_primary_school":13,"t_wd_am_rail_station":63,"t_wd_am_supermarket":16,"t_wd_am_hospital":103,"t_wd_am_gp":10,"t_wd_am_pharmacy":16,"t_wd_am_secondary_school":33,"t_su_am_primary_school":13,"t_su_am_rail_station":71,"t_su_am_supermarket":16,"t_su_am_gp":10,"t_su_am_pharmacy":16,"t_su_am_secondary_school":49,"t_wd_pm_hospital":null,"t_su_am_hospital":null,"c_gp":4,"c_hospital":37,"c_pharmacy":5,"c_primary_school":6,"c_rail_station":15,"c_secondary_school":12,"c_supermarket":5,"p30_wd_am":2686,"p45_wd_am":11168,"p60_wd_am":27442,"p30_wd_pm":2566,"p45_wd_pm":2571,"p60_wd_pm":6290,"p30_su_am":2566,"p45_su_am":2571,"p60_su_am":9964,"pc30":128490,"pc45":173158,"pc60":183423}},{"type":"Feature","geometry":{"type":"Polygon","coordinates":[[[7.00407,49.49704],[7.01787,49.49741],[7.01732,49.50639],[7.00352,49.50603],[7.00407,49.49704]]]},"properties":{"id":"CRS3035RES1kmN2936000E4104000","pop":282,"ags":"10046118","t_wd_pm_supermarket":10,"t_wd_pm_gp":47,"t_wd_pm_primary_school":14,"t_wd_pm_rail_station":81,"t_wd_pm_pharmacy":9,"t_wd_pm_secondary_school":15,"t_wd_am_primary_school":14,"t_wd_am_rail_station":54,"t_wd_am_supermarket":10,"t_wd_am_hospital":91,"t_wd_am_gp":44,"t_wd_am_pharmacy":9,"t_wd_am_secondary_school":15,"t_su_am_primary_school":14,"t_su_am_rail_station":68,"t_su_am_supermarket":10,"t_su_am_gp":47,"t_su_am_pharmacy":9,"t_su_am_secondary_school":15,"t_wd_pm_hospital":null,"t_su_am_hospital":null,"c_gp":8,"c_hospital":32,"c_pharmacy":3,"c_primary_school":4,"c_rail_station":15,"c_secondary_school":7,"c_supermarket":3,"p30_wd_am":4282,"p45_wd_am":14304,"p60_wd_am":27422,"p30_wd_pm":3272,"p45_wd_pm":3272,"p60_wd_pm":6848,"p30_su_am":3272,"p45_su_am":3360,"p60_su_am":10435,"pc30":148239,"pc45":179554,"pc60":184138}},{"type":"Feature","geometry":{"type":"Polygon","coordinates":[[[7.01787,49.49741],[7.03166,49.49777],[7.03111,49.50676],[7.01732,49.50639],[7.01787,49.49741]]]},"properties":{"id":"CRS3035RES1kmN2936000E4105000","pop":1812,"ags":"10046118","t_wd_pm_supermarket":5,"t_wd_pm_gp":47,"t_wd_pm_primary_school":8,"t_wd_pm_rail_station":81,"t_wd_pm_pharmacy":6,"t_wd_pm_secondary_school":1,"t_wd_am_primary_school":8,"t_wd_am_rail_station":51,"t_wd_am_supermarket":5,"t_wd_am_hospital":91,"t_wd_am_gp":44,"t_wd_am_pharmacy":6,"t_wd_am_secondary_school":1,"t_su_am_primary_school":8,"t_su_am_rail_station":63,"t_su_am_supermarket":5,"t_su_am_gp":44,"t_su_am_pharmacy":6,"t_su_am_secondary_school":1,"t_wd_pm_hospital":null,"t_su_am_hospital":null,"c_gp":9,"c_hospital":32,"c_pharmacy":3,"c_primary_school":4,"c_rail_station":16,"c_secondary_school":1,"c_supermarket":3,"p30_wd_am":4265,"p45_wd_am":15097,"p60_wd_am":30904,"p30_wd_pm":3255,"p45_wd_pm":3255,"p60_wd_pm":6848,"p30_su_am":3255,"p45_su_am":5454,"p60_su_am":13446,"pc30":143997,"pc45":179554,"pc60":184064}},{"type":"Feature","geometry":{"type":"Polygon","coordinates":[[[7.03166,49.49777],[7.04545,49.49813],[7.04491,49.50712],[7.03111,49.50676],[7.03166,49.49777]]]},"properties":{"id":"CRS3035RES1kmN2936000E4106000","pop":519,"ags":"10046118","t_wd_pm_supermarket":13,"t_wd_pm_gp":47,"t_wd_pm_primary_school":11,"t_wd_pm_rail_station":81,"t_wd_pm_pharmacy":15,"t_wd_pm_secondary_school":13,"t_wd_am_primary_school":11,"t_wd_am_rail_station":52,"t_wd_am_supermarket":13,"t_wd_am_hospital":91,"t_wd_am_gp":44,"t_wd_am_pharmacy":15,"t_wd_am_secondary_school":13,"t_su_am_primary_school":11,"t_su_am_rail_station":45,"t_su_am_supermarket":13,"t_su_am_gp":33,"t_su_am_pharmacy":15,"t_su_am_secondary_school":13,"t_wd_pm_hospital":null,"t_su_am_hospital":null,"c_gp":9,"c_hospital":29,"c_pharmacy":3,"c_primary_school":4,"c_rail_station":16,"c_secondary_school":6,"c_supermarket":3,"p30_wd_am":4265,"p45_wd_am":14437,"p60_wd_am":28811,"p30_wd_pm":3255,"p45_wd_pm":3255,"p60_wd_pm":6848,"p30_su_am":3272,"p45_su_am":14074,"p60_su_am":31536,"pc30":155422,"pc45":180597,"pc60":184135}},{"type":"Feature","geometry":{"type":"Polygon","coordinates":[[[7.05925,49.49849],[7.07304,49.49885],[7.0725,49.50784],[7.0587,49.50748],[7.05925,49.49849]]]},"properties":{"id":"CRS3035RES1kmN2936000E4108000","pop":3,"ags":"10046116","t_wd_pm_supermarket":29,"t_wd_pm_gp":28,"t_wd_pm_primary_school":22,"t_wd_pm_rail_station":74,"t_wd_pm_pharmacy":28,"t_wd_pm_secondary_school":76,"t_wd_am_primary_school":22,"t_wd_am_rail_station":59,"t_wd_am_supermarket":29,"t_wd_am_hospital":75,"t_wd_am_gp":28,"t_wd_am_pharmacy":28,"t_wd_am_secondary_school":45,"t_su_am_primary_school":22,"t_su_am_rail_station":66,"t_su_am_supermarket":29,"t_su_am_gp":28,"t_su_am_pharmacy":28,"t_su_am_secondary_school":75,"t_wd_pm_hospital":null,"t_su_am_hospital":null,"c_gp":5,"c_hospital":23,"c_pharmacy":5,"c_primary_school":4,"c_rail_station":12,"c_secondary_school":9,"c_supermarket":5,"p30_wd_am":2229,"p45_wd_am":10665,"p60_wd_am":26323,"p30_wd_pm":2229,"p45_wd_pm":4934,"p60_wd_pm":9536,"p30_su_am":2229,"p45_su_am":5520,"p60_su_am":11078,"pc30":162440,"pc45":180734,"pc60":184282}},{"type":"Feature","geometry":{"type":"Polygon","coordinates":[[[7.07304,49.49885],[7.08683,49.49921],[7.08629,49.5082],[7.0725,49.50784],[7.07304,49.49885]]]},"properties":{"id":"CRS3035RES1kmN2936000E4109000","pop":62,"ags":"10046116","t_wd_pm_supermarket":9,"t_wd_pm_gp":8,"t_wd_pm_primary_school":8,"t_wd_pm_rail_station":69,"t_wd_pm_pharmacy":8,"t_wd_pm_secondary_school":75,"t_wd_am_primary_school":8,"t_wd_am_rail_station":39,"t_wd_am_supermarket":9,"t_wd_am_hospital":55,"t_wd_am_gp":8,"t_wd_am_pharmacy":8,"t_wd_am_secondary_school":41,"t_su_am_primary_school":8,"t_su_am_rail_station":33,"t_su_am_supermarket":9,"t_su_am_gp":8,"t_su_am_pharmacy":8,"t_su_am_secondary_school":41,"t_wd_pm_hospital":null,"t_su_am_hospital":null,"c_gp":3,"c_hospital":21,"c_pharmacy":3,"c_primary_school":2,"c_rail_station":10,"c_secondary_school":12,"c_supermarket":3,"p30_wd_am":7072,"p45_wd_am":19406,"p60_wd_am":46666,"p30_wd_pm":4444,"p45_wd_pm":6270,"p60_wd_pm":11720,"p30_su_am":8882,"p45_su_am":17650,"p60_su_am":29363,"pc30":157211,"pc45":180359,"pc60":184282}},{"type":"Feature","geometry":{"type":"Polygon","coordinates":[[[7.08683,49.49921],[7.10063,49.49957],[7.10009,49.50855],[7.08629,49.5082],[7.08683,49.49921]]]},"properties":{"id":"CRS3035RES1kmN2936000E4110000","pop":296,"ags":"10046116","t_wd_pm_supermarket":13,"t_wd_pm_gp":13,"t_wd_pm_primary_school":22,"t_wd_pm_rail_station":65,"t_wd_pm_pharmacy":12,"t_wd_pm_secondary_school":72,"t_wd_am_primary_school":22,"t_wd_am_rail_station":35,"t_wd_am_supermarket":13,"t_wd_am_hospital":51,"t_wd_am_gp":13,"t_wd_am_pharmacy":12,"t_wd_am_secondary_school":39,"t_su_am_primary_school":22,"t_su_am_rail_station":27,"t_su_am_supermarket":13,"t_su_am_gp":13,"t_su_am_pharmacy":12,"t_su_am_secondary_school":35,"t_wd_pm_hospital":null,"t_su_am_hospital":null,"c_gp":4,"c_hospital":21,"c_pharmacy":3,"c_primary_school":5,"c_rail_station":9,"c_secondary_school":12,"c_supermarket":4,"p30_wd_am":7244,"p45_wd_am":24005,"p60_wd_am":48728,"p30_wd_pm":5725,"p45_wd_pm":8150,"p60_wd_pm":12761,"p30_su_am":9904,"p45_su_am":19616,"p60_su_am":31023,"pc30":152443,"pc45":180046,"pc60":184282}},{"type":"Feature","geometry":{"type":"Polygon","coordinates":[[[7.10063,49.49957],[7.11442,49.49992],[7.11389,49.5089],[7.10009,49.50855],[7.10063,49.49957]]]},"properties":{"id":"CRS3035RES1kmN2936000E4111000","pop":349,"ags":"10046117","t_wd_pm_supermarket":17,"t_wd_pm_gp":14,"t_wd_pm_primary_school":18,"t_wd_pm_rail_station":61,"t_wd_pm_pharmacy":17,"t_wd_pm_secondary_school":68,"t_wd_am_primary_school":16,"t_wd_am_rail_station":31,"t_wd_am_supermarket":13,"t_wd_am_hospital":47,"t_wd_am_gp":10,"t_wd_am_pharmacy":13,"t_wd_am_secondary_school":34,"t_su_am_primary_school":18,"t_su_am_rail_station":23,"t_su_am_supermarket":15,"t_su_am_gp":12,"t_su_am_pharmacy":15,"t_su_am_secondary_school":31,"t_wd_pm_hospital":null,"t_su_am_hospital":null,"c_gp":2,"c_hospital":19,"c_pharmacy":3,"c_primary_school":3,"c_rail_station":8,"c_secondary_school":9,"c_supermarket":3,"p30_wd_am":11830,"p45_wd_am":30269,"p60_wd_am":54877,"p30_wd_pm":4793,"p45_wd_pm":8721,"p60_wd_pm":16075,"p30_su_am":9776,"p45_su_am":22275,"p60_su_am":31855,"pc30":161773,"pc45":180073,"pc60":184282}},{"type":"Feature","geometry":{"type":"Polygon","coordinates":[[[7.11442,49.49992],[7.12821,49.50027],[7.12768,49.50926],[7.11389,49.5089],[7.11442,49.49992]]]},"properties":{"id":"CRS3035RES1kmN2936000E4112000","pop":23,"ags":"10046117","t_wd_pm_supermarket":21,"t_wd_pm_gp":18,"t_wd_pm_primary_school":24,"t_wd_pm_rail_station":74,"t_wd_pm_pharmacy":21,"t_wd_pm_secondary_school":81,"t_wd_am_primary_school":24,"t_wd_am_rail_station":46,"t_wd_am_supermarket":21,"t_wd_am_hospital":62,"t_wd_am_gp":18,"t_wd_am_pharmacy":21,"t_wd_am_secondary_school":50,"t_su_am_primary_school":24,"t_su_am_rail_station":45,"t_su_am_supermarket":21,"t_su_am_gp":18,"t_su_am_pharmacy":21,"t_su_am_secondary_school":53,"t_wd_pm_hospital":null,"t_su_am_hospital":null,"c_gp":4,"c_hospital":21,"c_pharmacy":5,"c_primary_school":5,"c_rail_station":9,"c_secondary_school":12,"c_supermarket":5,"p30_wd_am":2973,"p45_wd_am":10967,"p60_wd_am":28722,"p30_wd_pm":2973,"p45_wd_pm":6896,"p60_wd_pm":10152,"p30_su_am":2973,"p45_su_am":10207,"p60_su_am":22700,"pc30":140471,"pc45":178576,"pc60":183816}},{"type":"Feature","geometry":{"type":"Polygon","coordinates":[[[7.12821,49.50027],[7.14201,49.50062],[7.14148,49.50961],[7.12768,49.50926],[7.12821,49.50027]]]},"properties":{"id":"CRS3035RES1kmN2936000E4113000","pop":3,"ags":"10046113","t_wd_pm_supermarket":59,"t_wd_pm_gp":61,"t_wd_pm_primary_school":103,"t_wd_pm_rail_station":56,"t_wd_pm_pharmacy":28,"t_wd_pm_secondary_school":87,"t_wd_am_primary_school":71,"t_wd_am_rail_station":57,"t_wd_am_supermarket":57,"t_wd_am_hospital":91,"t_wd_am_gp":58,"t_wd_am_pharmacy":28,"t_wd_am_secondary_school":85,"t_su_am_primary_school":null,"t_su_am_rail_station":null,"t_su_am_supermarket":null,"t_su_am_gp":null,"t_su_am_pharmacy":28,"t_su_am_secondary_school":null,"t_wd_pm_hospital":null,"t_su_am_hospital":null,"c_gp":6,"c_hospital":23,"c_pharmacy":5,"c_primary_school":11,"c_rail_station":7,"c_secondary_school":14,"c_supermarket":8,"p30_wd_am":1639,"p45_wd_am":1639,"p60_wd_am":2221,"p30_wd_pm":1639,"p45_wd_pm":1639,"p60_wd_pm":3853,"p30_su_am":1639,"p45_su_am":1639,"p60_su_am":1639,"pc30":114219,"pc45":178031,"pc60":183764}},{"type":"Feature","geometry":{"type":"Polygon","coordinates":[[[7.14201,49.50062],[7.1558,49.50097],[7.15528,49.50996],[7.14148,49.50961],[7.14201,49.50062]]]},"properties":{"id":"CRS3035RES1kmN2936000E4114000","pop":134,"ags":"10046113","t_wd_pm_supermarket":17,"t_wd_pm_gp":32,"t_wd_pm_primary_school":25,"t_wd_pm_rail_station":10,"t_wd_pm_pharmacy":31,"t_wd_pm_secondary_school":39,"t_wd_am_primary_school":22,"t_wd_am_rail_station":10,"t_wd_am_supermarket":16,"t_wd_am_hospital":83,"t_wd_am_gp":28,"t_wd_am_pharmacy":21,"t_wd_am_secondary_school":41,"t_su_am_primary_school":27,"t_su_am_rail_station":10,"t_su_am_supermarket":17,"t_su_am_gp":37,"t_su_am_pharmacy":34,"t_su_am_secondary_school":50,"t_wd_pm_hospital":null,"t_su_am_hospital":null,"c_gp":6,"c_hospital":17,"c_pharmacy":5,"c_primary_school":4,"c_rail_station":3,"c_secondary_school":8,"c_supermarket":3,"p30_wd_am":5791,"p45_wd_am":10911,"p60_wd_am":20382,"p30_wd_pm":2569,"p45_wd_pm":22398,"p60_wd_pm":52588,"p30_su_am":2569,"p45_su_am":5139,"p60_su_am":18987,"pc30":149228,"pc45":179466,"pc60":184118}},{"type":"Feature","geometry":{"type":"Polygon","coordinates":[[[7.1558,49.50097],[7.1696,49.50132],[7.16907,49.5103],[7.15528,49.50996],[7.1558,49.50097]]]},"properties":{"id":"CRS3035RES1kmN2936000E4115000","pop":370,"ags":"10046113","t_wd_pm_supermarket":21,"t_wd_pm_gp":39,"t_wd_pm_primary_school":27,"t_wd_pm_rail_station":14,"t_wd_pm_pharmacy":32,"t_wd_pm_secondary_school":55,"t_wd_am_primary_school":27,"t_wd_am_rail_station":14,"t_wd_am_supermarket":19,"t_wd_am_hospital":86,"t_wd_am_gp":31,"t_wd_am_pharmacy":24,"t_wd_am_secondary_school":44,"t_su_am_primary_school":27,"t_su_am_rail_station":14,"t_su_am_supermarket":21,"t_su_am_gp":42,"t_su_am_pharmacy":39,"t_su_am_secondary_school":55,"t_wd_pm_hospital":null,"t_su_am_hospital":null,"c_gp":10,"c_hospital":20,"c_pharmacy":9,"c_primary_school":7,"c_rail_station":7,"c_secondary_school":11,"c_supermarket":7,"p30_wd_am":5395,"p45_wd_am":9774,"p60_wd_am":18529,"p30_wd_pm":2351,"p45_wd_pm":5954,"p60_wd_pm":26386,"p30_su_am":2351,"p45_su_am":3722,"p60_su_am":15564,"pc30":126971,"pc45":178977,"pc60":183764}},{"type":"Feature","geometry":{"type":"Polygon","coordinates":[[[7.1696,49.50132],[7.18339,49.50166],[7.18287,49.51065],[7.16907,49.5103],[7.1696,49.50132]]]},"properties":{"id":"CRS3035RES1kmN2936000E4116000","pop":27,"ags":"10046113","t_wd_pm_supermarket":29,"t_wd_pm_gp":47,"t_wd_pm_primary_school":30,"t_wd_pm_rail_station":23,"t_wd_pm_pharmacy":38,"t_wd_pm_secondary_school":63,"t_wd_am_primary_school":30,"t_wd_am_rail_station":23,"t_wd_am_supermarket":28,"t_wd_am_hospital":91,"t_wd_am_gp":37,"t_wd_am_pharmacy":31,"t_wd_am_secondary_school":41,"t_su_am_primary_school":30,"t_su_am_rail_station":23,"t_su_am_supermarket":29,"t_su_am_gp":56,"t_su_am_pharmacy":54,"t_su_am_secondary_school":65,"t_wd_pm_hospital":null,"t_su_am_hospital":null,"c_gp":7,"c_hospital":19,"c_pharmacy":6,"c_primary_school":4,"c_rail_station":4,"c_secondary_school":10,"c_supermarket":4,"p30_wd_am":3047,"p45_wd_am":9874,"p60_wd_am":18176,"p30_wd_pm":3047,"p45_wd_pm":5063,"p60_wd_pm":12184,"p30_su_am":3047,"p45_su_am":3047,"p60_su_am":7852,"pc30":134203,"pc45":179124,"pc60":183816}},{"type":"Feature","geometry":{"type":"Polygon","coordinates":[[[7.18339,49.50166],[7.19719,49.50201],[7.19667,49.51099],[7.18287,49.51065],[7.18339,49.50166]]]},"properties":{"id":"CRS3035RES1kmN2936000E4117000","pop":350,"ags":"10046113","t_wd_pm_supermarket":86,"t_wd_pm_gp":86,"t_wd_pm_primary_school":79,"t_wd_pm_rail_station":77,"t_wd_pm_pharmacy":85,"t_wd_pm_secondary_school":95,"t_wd_am_primary_school":42,"t_wd_am_rail_station":34,"t_wd_am_supermarket":33,"t_wd_am_hospital":91,"t_wd_am_gp":34,"t_wd_am_pharmacy":35,"t_wd_am_secondary_school":39,"t_su_am_primary_school":57,"t_su_am_rail_station":51,"t_su_am_supermarket":57,"t_su_am_gp":59,"t_su_am_pharmacy":60,"t_su_am_secondary_school":65,"t_wd_pm_hospital":null,"t_su_am_hospital":null,"c_gp":10,"c_hospital":25,"c_pharmacy":10,"c_primary_school":9,"c_rail_station":8,"c_secondary_school":13,"c_supermarket":9,"p30_wd_am":2402,"p45_wd_am":10099,"p60_wd_am":15749,"p30_wd_pm":1864,"p45_wd_pm":1864,"p60_wd_pm":1864,"p30_su_am":1864,"p45_su_am":1864,"p60_su_am":4058,"pc30":105416,"pc45":175341,"pc60":183764}},{"type":"Feature","geometry":{"type":"Polygon","coordinates":[[[7.19719,49.50201],[7.21098,49.50235],[7.21046,49.51133],[7.19667,49.51099],[7.19719,49.50201]]]},"properties":{"id":"CRS3035RES1kmN2936000E4118000","pop":11,"ags":"10046111","t_wd_pm_supermarket":60,"t_wd_pm_gp":62,"t_wd_pm_primary_school":66,"t_wd_pm_rail_station":77,"t_wd_pm_pharmacy":59,"t_wd_pm_secondary_school":62,"t_wd_am_primary_school":43,"t_wd_am_rail_station":56,"t_wd_am_supermarket":48,"t_wd_am_hospital":77,"t_wd_am_gp":46,"t_wd_am_pharmacy":45,"t_wd_am_secondary_school":64,"t_su_am_primary_school":93,"t_su_am_rail_station":87,"t_su_am_supermarket":59,"t_su_am_gp":59,"t_su_am_pharmacy":60,"t_su_am_secondary_school":65,"t_wd_pm_hospital":null,"t_su_am_hospital":null,"c_gp":8,"c_hospital":20,"c_pharmacy":9,"c_primary_school":8,"c_rail_station":9,"c_secondary_school":11,"c_supermarket":6,"p30_wd_am":1614,"p45_wd_am":2004,"p60_wd_am":11150,"p30_wd_pm":1614,"p45_wd_pm":1617,"p60_wd_pm":4126,"p30_su_am":1614,"p45_su_am":1614,"p60_su_am":1614,"pc30":104173,"pc45":175170,"pc60":183764}},{"type":"Feature","geometry":{"type":"Polygon","coordinates":[[[7.21098,49.50235],[7.22478,49.50269],[7.22426,49.51167],[7.21046,49.51133],[7.21098,49.50235]]]},"properties":{"id":"CRS3035RES1kmN2936000E4119000","pop":10,"ags":"10046111","t_wd_pm_supermarket":86,"t_wd_pm_gp":86,"t_wd_pm_primary_school":79,"t_wd_pm_rail_station":77,"t_wd_pm_pharmacy":85,"t_wd_pm_secondary_school":95,"t_wd_am_primary_school":43,"t_wd_am_rail_station":66,"t_wd_am_supermarket":48,"t_wd_am_hospital":91,"t_wd_am_gp":46,"t_wd_am_pharmacy":45,"t_wd_am_secondary_school":64,"t_su_am_primary_school":93,"t_su_am_rail_station":87,"t_su_am_supermarket":59,"t_su_am_gp":59,"t_su_am_pharmacy":60,"t_su_am_secondary_school":65,"t_wd_pm_hospital":null,"t_su_am_hospital":null,"c_gp":11,"c_hospital":24,"c_pharmacy":11,"c_primary_school":10,"c_rail_station":12,"c_secondary_school":14,"c_supermarket":10,"p30_wd_am":822,"p45_wd_am":1217,"p60_wd_am":4749,"p30_wd_pm":822,"p45_wd_pm":827,"p60_wd_pm":827,"p30_su_am":822,"p45_su_am":827,"p60_su_am":827,"pc30":90793,"pc45":171389,"pc60":183675}},{"type":"Feature","geometry":{"type":"Polygon","coordinates":[[[7.26616,49.5037],[7.27996,49.50403],[7.27946,49.51302],[7.26566,49.51269],[7.26616,49.5037]]]},"properties":{"id":"CRS3035RES1kmN2936000E4123000","pop":394,"ags":"10046111","t_wd_pm_supermarket":28,"t_wd_pm_gp":28,"t_wd_pm_primary_school":54,"t_wd_pm_rail_station":77,"t_wd_pm_pharmacy":28,"t_wd_pm_secondary_school":55,"t_wd_am_primary_school":29,"t_wd_am_rail_station":66,"t_wd_am_supermarket":25,"t_wd_am_hospital":91,"t_wd_am_gp":26,"t_wd_am_pharmacy":26,"t_wd_am_secondary_school":32,"t_su_am_primary_school":null,"t_su_am_rail_station":null,"t_su_am_supermarket":28,"t_su_am_gp":28,"t_su_am_pharmacy":28,"t_su_am_secondary_school":null,"t_wd_pm_hospital":null,"t_su_am_hospital":null,"c_gp":4,"c_hospital":23,"c_pharmacy":4,"c_primary_school":4,"c_rail_station":17,"c_secondary_school":8,"c_supermarket":4,"p30_wd_am":3090,"p45_wd_am":6351,"p60_wd_am":9540,"p30_wd_pm":1649,"p45_wd_pm":1862,"p60_wd_pm":6858,"p30_su_am":1649,"p45_su_am":1665,"p60_su_am":1901,"pc30":92288,"pc45":159662,"pc60":182611}},{"type":"Feature","geometry":{"type":"Polygon","coordinates":[[[6.98973,49.50566],[7.00352,49.50603],[7.00297,49.51501],[6.98917,49.51464],[6.98973,49.50566]]]},"properties":{"id":"CRS3035RES1kmN2937000E4103000","pop":5,"ags":"10046118","t_wd_pm_supermarket":26,"t_wd_pm_gp":47,"t_wd_pm_primary_school":29,"t_wd_pm_rail_station":81,"t_wd_pm_pharmacy":24,"t_wd_pm_secondary_school":49,"t_wd_am_primary_school":29,"t_wd_am_rail_station":68,"t_wd_am_supermarket":26,"t_wd_am_hospital":102,"t_wd_am_gp":47,"t_wd_am_pharmacy":24,"t_wd_am_secondary_school":37,"t_su_am_primary_school":29,"t_su_am_rail_station":71,"t_su_am_supermarket":26,"t_su_am_gp":74,"t_su_am_pharmacy":24,"t_su_am_secondary_school":49,"t_wd_pm_hospital":null,"t_su_am_hospital":null,"c_gp":4,"c_hospital":32,"c_pharmacy":3,"c_primary_school":4,"c_rail_station":14,"c_secondary_school":7,"c_supermarket":3,"p30_wd_am":436,"p45_wd_am":3272,"p60_wd_am":12009,"p30_wd_pm":436,"p45_wd_pm":436,"p60_wd_pm":6848,"p30_su_am":436,"p45_su_am":436,"p60_su_am":7346,"pc30":147656,"pc45":179606,"pc60":184157}},{"type":"Feature","geometry":{"type":"Polygon","coordinates":[[[7.00352,49.50603],[7.01732,49.50639],[7.01676,49.51538],[7.00297,49.51501],[7.00352,49.50603]]]},"properties":{"id":"CRS3035RES1kmN2937000E4104000","pop":12,"ags":"10046118","t_wd_pm_supermarket":27,"t_wd_pm_gp":47,"t_wd_pm_primary_school":29,"t_wd_pm_rail_station":81,"t_wd_pm_pharmacy":24,"t_wd_pm_secondary_school":49,"t_wd_am_primary_school":29,"t_wd_am_rail_station":69,"t_wd_am_supermarket":27,"t_wd_am_hospital":103,"t_wd_am_gp":47,"t_wd_am_pharmacy":24,"t_wd_am_secondary_school":37,"t_su_am_primary_school":29,"t_su_am_rail_station":71,"t_su_am_supermarket":27,"t_su_am_gp":74,"t_su_am_pharmacy":24,"t_su_am_secondary_school":49,"t_wd_pm_hospital":null,"t_su_am_hospital":null,"c_gp":4,"c_hospital":32,"c_pharmacy":3,"c_primary_school":4,"c_rail_station":15,"c_secondary_school":7,"c_supermarket":3,"p30_wd_am":436,"p45_wd_am":3272,"p60_wd_am":12009,"p30_wd_pm":436,"p45_wd_pm":436,"p60_wd_pm":6848,"p30_su_am":436,"p45_su_am":436,"p60_su_am":7346,"pc30":147541,"pc45":179606,"pc60":184135}},{"type":"Feature","geometry":{"type":"Polygon","coordinates":[[[7.01732,49.50639],[7.03111,49.50676],[7.03056,49.51574],[7.01676,49.51538],[7.01732,49.50639]]]},"properties":{"id":"CRS3035RES1kmN2937000E4105000","pop":69,"ags":"10046118","t_wd_pm_supermarket":21,"t_wd_pm_gp":47,"t_wd_pm_primary_school":19,"t_wd_pm_rail_station":81,"t_wd_pm_pharmacy":18,"t_wd_pm_secondary_school":25,"t_wd_am_primary_school":19,"t_wd_am_rail_station":58,"t_wd_am_supermarket":21,"t_wd_am_hospital":92,"t_wd_am_gp":45,"t_wd_am_pharmacy":18,"t_wd_am_secondary_school":25,"t_su_am_primary_school":19,"t_su_am_rail_station":70,"t_su_am_supermarket":21,"t_su_am_gp":49,"t_su_am_pharmacy":18,"t_su_am_secondary_school":25,"t_wd_pm_hospital":null,"t_su_am_hospital":null,"c_gp":8,"c_hospital":31,"c_pharmacy":3,"c_primary_school":4,"c_rail_station":16,"c_secondary_school":7,"c_supermarket":3,"p30_wd_am":3090,"p45_wd_am":4956,"p60_wd_am":22007,"p30_wd_pm":3090,"p45_wd_pm":3090,"p60_wd_pm":6848,"p30_su_am":3090,"p45_su_am":3090,"p60_su_am":10435,"pc30":150422,"pc45":180103,"pc60":184187}},{"type":"Feature","geometry":{"type":"Polygon","coordinates":[[[7.0587,49.50748],[7.0725,49.50784],[7.07196,49.51682],[7.05816,49.51646],[7.0587,49.50748]]]},"properties":{"id":"CRS3035RES1kmN2937000E4108000","pop":593,"ags":"10046116","t_wd_pm_supermarket":22,"t_wd_pm_gp":21,"t_wd_pm_primary_school":15,"t_wd_pm_rail_station":64,"t_wd_pm_pharmacy":22,"t_wd_pm_secondary_school":71,"t_wd_am_primary_school":15,"t_wd_am_rail_station":38,"t_wd_am_supermarket":14,"t_wd_am_hospital":54,"t_wd_am_gp":14,"t_wd_am_pharmacy":14,"t_wd_am_secondary_school":39,"t_su_am_primary_school":15,"t_su_am_rail_station":65,"t_su_am_supermarket":22,"t_su_am_gp":21,"t_su_am_pharmacy":22,"t_su_am_secondary_school":74,"t_wd_pm_hospital":null,"t_su_am_hospital":null,"c_gp":3,"c_hospital":22,"c_pharmacy":3,"c_primary_school":2,"c_rail_station":11,"c_secondary_school":11,"c_supermarket":3,"p30_wd_am":6992,"p45_wd_am":23329,"p60_wd_am":47888,"p30_wd_pm":3694,"p45_wd_pm":5816,"p60_wd_pm":14428,"p30_su_am":3694,"p45_su_am":5816,"p60_su_am":11613,"pc30":162095,"pc45":181551,"pc60":184353}},{"type":"Feature","geometry":{"type":"Polygon","coordinates":[[[7.0725,49.50784],[7.08629,49.5082],[7.08575,49.51718],[7.07196,49.51682],[7.0725,49.50784]]]},"properties":{"id":"CRS3035RES1kmN2937000E4109000","pop":1503,"ags":"10046116","t_wd_pm_supermarket":18,"t_wd_pm_gp":17,"t_wd_pm_primary_school":11,"t_wd_pm_rail_station":68,"t_wd_pm_pharmacy":17,"t_wd_pm_secondary_school":75,"t_wd_am_primary_school":11,"t_wd_am_rail_station":42,"t_wd_am_supermarket":18,"t_wd_am_hospital":58,"t_wd_am_gp":17,"t_wd_am_pharmacy":17,"t_wd_am_secondary_school":39,"t_su_am_primary_school":11,"t_su_am_rail_station":65,"t_su_am_supermarket":18,"t_su_am_gp":17,"t_su_am_pharmacy":17,"t_su_am_secondary_school":74,"t_wd_pm_hospital":null,"t_su_am_hospital":null,"c_gp":5,"c_hospital":24,"c_pharmacy":4,"c_primary_school":5,"c_rail_station":10,"c_secondary_school":14,"c_supermarket":5,"p30_wd_am":7072,"p45_wd_am":20011,"p60_wd_am":46160,"p30_wd_pm":4095,"p45_wd_pm":5921,"p60_wd_pm":9990,"p30_su_am":4095,"p45_su_am":6270,"p60_su_am":11613,"pc30":151081,"pc45":179872,"pc60":184282}},{"type":"Feature","geometry":{"type":"Polygon","coordinates":[[[7.08629,49.5082],[7.10009,49.50855],[7.09955,49.51754],[7.08575,49.51718],[7.08629,49.5082]]]},"properties":{"id":"CRS3035RES1kmN2937000E4110000","pop":1465,"ags":"10046116","t_wd_pm_supermarket":5,"t_wd_pm_gp":5,"t_wd_pm_primary_school":15,"t_wd_pm_rail_station":68,"t_wd_pm_pharmacy":5,"t_wd_pm_secondary_school":75,"t_wd_am_primary_school":15,"t_wd_am_rail_station":38,"t_wd_am_supermarket":5,"t_wd_am_hospital":54,"t_wd_am_gp":5,"t_wd_am_pharmacy":5,"t_wd_am_secondary_school":39,"t_su_am_primary_school":15,"t_su_am_rail_station":31,"t_su_am_supermarket":5,"t_su_am_gp":5,"t_su_am_pharmacy":5,"t_su_am_secondary_school":39,"t_wd_pm_hospital":null,"t_su_am_hospital":null,"c_gp":2,"c_hospital":21,"c_pharmacy":2,"c_primary_school":4,"c_rail_station":8,"c_secondary_school":12,"c_supermarket":2,"p30_wd_am":8229,"p45_wd_am":21021,"p60_wd_am":47855,"p30_wd_pm":5598,"p45_wd_pm":7430,"p60_wd_pm":12880,"p30_su_am":11195,"p45_su_am":18660,"p60_su_am":30530,"pc30":159082,"pc45":180453,"pc60":184282}},{"type":"Feature","geometry":{"type":"Polygon","coordinates":[[[7.10009,49.50855],[7.11389,49.5089],[7.11335,49.51789],[7.09955,49.51754],[7.10009,49.50855]]]},"properties":{"id":"CRS3035RES1kmN2937000E4111000","pop":150,"ags":"10046116","t_wd_pm_supermarket":30,"t_wd_pm_gp":62,"t_wd_pm_primary_school":68,"t_wd_pm_rail_station":74,"t_wd_pm_pharmacy":65,"t_wd_pm_secondary_school":81,"t_wd_am_primary_school":29,"t_wd_am_rail_station":50,"t_wd_am_supermarket":25,"t_wd_am_hospital":66,"t_wd_am_gp":25,"t_wd_am_pharmacy":25,"t_wd_am_secondary_school":52,"t_su_am_primary_school":66,"t_su_am_rail_station":105,"t_su_am_supermarket":30,"t_su_am_gp":58,"t_su_am_pharmacy":58,"t_su_am_secondary_school":91,"t_wd_pm_hospital":null,"t_su_am_hospital":null,"c_gp":3,"c_hospital":23,"c_pharmacy":4,"c_primary_school":7,"c_rail_station":6,"c_secondary_school":14,"c_supermarket":5,"p30_wd_am":4533,"p45_wd_am":9093,"p60_wd_am":24596,"p30_wd_pm":3030,"p45_wd_pm":3030,"p60_wd_pm":3379,"p30_su_am":3030,"p45_su_am":3030,"p60_su_am":3030,"pc30":147436,"pc45":179946,"pc60":184334}},{"type":"Feature","geometry":{"type":"Polygon","coordinates":[[[7.12768,49.50926],[7.14148,49.50961],[7.14095,49.51859],[7.12715,49.51824],[7.12768,49.50926]]]},"properties":{"id":"CRS3035RES1kmN2937000E4113000","pop":41,"ags":"10046113","t_wd_pm_supermarket":30,"t_wd_pm_gp":13,"t_wd_pm_primary_school":53,"t_wd_pm_rail_station":16,"t_wd_pm_pharmacy":10,"t_wd_pm_secondary_school":63,"t_wd_am_primary_school":52,"t_wd_am_rail_station":16,"t_wd_am_supermarket":30,"t_wd_am_hospital":85,"t_wd_am_gp":13,"t_wd_am_pharmacy":10,"t_wd_am_secondary_school":66,"t_su_am_primary_school":45,"t_su_am_rail_station":16,"t_su_am_supermarket":30,"t_su_am_gp":13,"t_su_am_pharmacy":10,"t_su_am_secondary_school":55,"t_wd_pm_hospital":null,"t_su_am_hospital":null,"c_gp":4,"c_hospital":22,"c_pharmacy":3,"c_primary_school":10,"c_rail_station":5,"c_secondary_school":12,"c_supermarket":7,"p30_wd_am":2115,"p45_wd_am":2705,"p60_wd_am":9477,"p30_wd_pm":2115,"p45_wd_pm":3905,"p60_wd_pm":12336,"p30_su_am":2115,"p45_su_am":2689,"p60_su_am":5213,"pc30":129969,"pc45":179260,"pc60":183816}},{"type":"Feature","geometry":{"type":"Polygon","coordinates":[[[7.14148,49.50961],[7.15528,49.50996],[7.15475,49.51894],[7.14095,49.51859],[7.14148,49.50961]]]},"properties":{"id":"CRS3035RES1kmN2937000E4114000","pop":476,"ags":"10046113","t_wd_pm_supermarket":14,"t_wd_pm_gp":25,"t_wd_pm_primary_school":53,"t_wd_pm_rail_station":20,"t_wd_pm_pharmacy":20,"t_wd_pm_secondary_school":63,"t_wd_am_primary_school":46,"t_wd_am_rail_station":20,"t_wd_am_supermarket":14,"t_wd_am_hospital":90,"t_wd_am_gp":25,"t_wd_am_pharmacy":20,"t_wd_am_secondary_school":45,"t_su_am_primary_school":49,"t_su_am_rail_station":20,"t_su_am_supermarket":14,"t_su_am_gp":25,"t_su_am_pharmacy":20,"t_su_am_secondary_school":59,"t_wd_pm_hospital":null,"t_su_am_hospital":null,"c_gp":7,"c_hospital":23,"c_pharmacy":6,"c_primary_school":8,"c_rail_station":5,"c_secondary_school":13,"c_supermarket":6,"p30_wd_am":4528,"p45_wd_am":8458,"p60_wd_am":17902,"p30_wd_pm":3155,"p45_wd_pm":4841,"p60_wd_pm":13315,"p30_su_am":3155,"p45_su_am":3527,"p60_su_am":9811,"pc30":121575,"pc45":178919,"pc60":183764}},{"type":"Feature","geometry":{"type":"Polygon","coordinates":[[[7.15528,49.50996],[7.16907,49.5103],[7.16855,49.51929],[7.15475,49.51894],[7.15528,49.50996]]]},"properties":{"id":"CRS3035RES1kmN2937000E4115000","pop":484,"ags":"10046113","t_wd_pm_supermarket":10,"t_wd_pm_gp":39,"t_wd_pm_primary_school":45,"t_wd_pm_rail_station":3,"t_wd_pm_pharmacy":28,"t_wd_pm_secondary_school":58,"t_wd_am_primary_school":25,"t_wd_am_rail_station":3,"t_wd_am_supermarket":10,"t_wd_am_hospital":81,"t_wd_am_gp":28,"t_wd_am_pharmacy":21,"t_wd_am_secondary_school":37,"t_su_am_primary_school":34,"t_su_am_rail_station":3,"t_su_am_supermarket":10,"t_su_am_gp":31,"t_su_am_pharmacy":28,"t_su_am_secondary_school":44,"t_wd_pm_hospital":null,"t_su_am_hospital":null,"c_gp":6,"c_hospital":19,"c_pharmacy":4,"c_primary_school":5,"c_rail_station":0,"c_secondary_school":10,"c_supermarket":2,"p30_wd_am":6442,"p45_wd_am":11931,"p60_wd_am":26792,"p30_wd_pm":4009,"p45_wd_pm":6547,"p60_wd_pm":20561,"p30_su_am":4378,"p45_su_am":9128,"p60_su_am":23098,"pc30":138478,"pc45":179940,"pc60":184118}},{"type":"Feature","geometry":{"type":"Polygon","coordinates":[[[7.16907,49.5103],[7.18287,49.51065],[7.18235,49.51963],[7.16855,49.51929],[7.16907,49.5103]]]},"properties":{"id":"CRS3035RES1kmN2937000E4116000","pop":776,"ags":"10046113","t_wd_pm_supermarket":30,"t_wd_pm_gp":35,"t_wd_pm_primary_school":53,"t_wd_pm_rail_station":23,"t_wd_pm_pharmacy":36,"t_wd_pm_secondary_school":41,"t_wd_am_primary_school":38,"t_wd_am_rail_station":23,"t_wd_am_supermarket":28,"t_wd_am_hospital":90,"t_wd_am_gp":31,"t_wd_am_pharmacy":32,"t_wd_am_secondary_school":36,"t_su_am_primary_school":50,"t_su_am_rail_station":23,"t_su_am_supermarket":30,"t_su_am_gp":56,"t_su_am_pharmacy":55,"t_su_am_secondary_school":65,"t_wd_pm_hospital":null,"t_su_am_hospital":null,"c_gp":7,"c_hospital":21,"c_pharmacy":7,"c_primary_school":6,"c_rail_station":5,"c_secondary_school":10,"c_supermarket":5,"p30_wd_am":2243,"p45_wd_am":10903,"p60_wd_am":18602,"p30_wd_pm":3296,"p45_wd_pm":7640,"p60_wd_pm":17436,"p30_su_am":2109,"p45_su_am":2545,"p60_su_am":8575,"pc30":125855,"pc45":179485,"pc60":183816}},{"type":"Feature","geometry":{"type":"Polygon","coordinates":[[[7.18287,49.51065],[7.19667,49.51099],[7.19615,49.51998],[7.18235,49.51963],[7.18287,49.51065]]]},"properties":{"id":"CRS3035RES1kmN2937000E4117000","pop":46,"ags":"10046113","t_wd_pm_supermarket":62,"t_wd_pm_gp":70,"t_wd_pm_primary_school":79,"t_wd_pm_rail_station":65,"t_wd_pm_pharmacy":60,"t_wd_pm_secondary_school":81,"t_wd_am_primary_school":45,"t_wd_am_rail_station":32,"t_wd_am_supermarket":32,"t_wd_am_hospital":91,"t_wd_am_gp":33,"t_wd_am_pharmacy":34,"t_wd_am_secondary_school":37,"t_su_am_primary_school":50,"t_su_am_rail_station":44,"t_su_am_supermarket":50,"t_su_am_gp":56,"t_su_am_pharmacy":55,"t_su_am_secondary_school":65,"t_wd_pm_hospital":null,"t_su_am_hospital":null,"c_gp":8,"c_hospital":23,"c_pharmacy":8,"c_primary_school":8,"c_rail_station":7,"c_secondary_school":11,"c_supermarket":7,"p30_wd_am":2763,"p45_wd_am":10657,"p60_wd_am":13651,"p30_wd_pm":2763,"p45_wd_pm":3086,"p60_wd_pm":5419,"p30_su_am":2763,"p45_su_am":3220,"p60_su_am":7794,"pc30":117200,"pc45":178431,"pc60":183816}},{"type":"Feature","geometry":{"type":"Polygon","coordinates":[[[7.19667,49.51099],[7.21046,49.51133],[7.20995,49.52032],[7.19615,49.51998],[7.19667,49.51099]]]},"properties":{"id":"CRS3035RES1kmN2937000E4118000","pop":654,"ags":"10046111","t_wd_pm_supermarket":32,"t_wd_pm_gp":32,"t_wd_pm_primary_school":79,"t_wd_pm_rail_station":77,"t_wd_pm_pharmacy":33,"t_wd_pm_secondary_school":38,"t_wd_am_primary_school":33,"t_wd_am_rail_station":52,"t_wd_am_supermarket":33,"t_wd_am_hospital":91,"t_wd_am_gp":35,"t_wd_am_pharmacy":35,"t_wd_am_secondary_school":39,"t_su_am_primary_school":61,"t_su_am_rail_station":55,"t_su_am_supermarket":59,"t_su_am_gp":59,"t_su_am_pharmacy":60,"t_su_am_secondary_school":65,"t_wd_pm_hospital":null,"t_su_am_hospital":null,"c_gp":8,"c_hospital":22,"c_pharmacy":9,"c_primary_school":8,"c_rail_station":9,"c_secondary_school":12,"c_supermarket":7,"p30_wd_am":1613,"p45_wd_am":6846,"p60_wd_am":10858,"p30_wd_pm":1613,"p45_wd_pm":4357,"p60_wd_pm":4361,"p30_su_am":1440,"p45_su_am":1440,"p60_su_am":4064,"pc30":107779,"pc45":177601,"pc60":183764}},{"type":"Feature","geometry":{"type":"Polygon","coordinates":[[[7.21046,49.51133],[7.22426,49.51167],[7.22375,49.52066],[7.20995,49.52032],[7.21046,49.51133]]]},"properties":{"id":"CRS3035RES1kmN2937000E4119000","pop":147,"ags":"10046111","t_wd_pm_supermarket":30,"t_wd_pm_gp":30,"t_wd_pm_primary_school":79,"t_wd_pm_rail_station":77,"t_wd_pm_pharmacy":31,"t_wd_pm_secondary_school":36,"t_wd_am_primary_school":33,"t_wd_am_rail_station":55,"t_wd_am_supermarket":31,"t_wd_am_hospital":91,"t_wd_am_gp":33,"t_wd_am_pharmacy":34,"t_wd_am_secondary_school":37,"t_su_am_primary_school":58,"t_su_am_rail_station":52,"t_su_am_supermarket":58,"t_su_am_gp":59,"t_su_am_pharmacy":60,"t_su_am_secondary_school":65,"t_wd_pm_hospital":null,"t_su_am_hospital":null,"c_gp":7,"c_hospital":22,"c_pharmacy":8,"c_primary_school":7,"c_rail_station":9,"c_secondary_school":11,"c_supermarket":6,"p30_wd_am":1217,"p45_wd_am":6846,"p60_wd_am":11073,"p30_wd_pm":1217,"p45_wd_pm":4357,"p60_wd_pm":4361,"p30_su_am":1213,"p45_su_am":1609,"p60_su_am":4458,"pc30":108476,"pc45":177936,"pc60":183764}},{"type":"Feature","geometry":{"type":"Polygon","coordinates":[[[7.23806,49.51201],[7.25186,49.51235],[7.25135,49.52134],[7.23755,49.521],[7.23806,49.51201]]]},"properties":{"id":"CRS3035RES1kmN2937000E4121000","pop":6,"ags":"10046111","t_wd_pm_supermarket":19,"t_wd_pm_gp":13,"t_wd_pm_primary_school":9,"t_wd_pm_rail_station":77,"t_wd_pm_pharmacy":16,"t_wd_pm_secondary_school":55,"t_wd_am_primary_school":9,"t_wd_am_rail_station":57,"t_wd_am_supermarket":19,"t_wd_am_hospital":91,"t_wd_am_gp":13,"t_wd_am_pharmacy":16,"t_wd_am_secondary_school":26,"t_su_am_primary_school":9,"t_su_am_rail_station":null,"t_su_am_supermarket":19,"t_su_am_gp":13,"t_su_am_pharmacy":16,"t_su_am_secondary_school":null,"t_wd_pm_hospital":null,"t_su_am_hospital":null,"c_gp":2,"c_hospital":22,"c_pharmacy":3,"c_primary_school":2,"c_rail_station":12,"c_secondary_school":9,"c_supermarket":5,"p30_wd_am":2736,"p45_wd_am":5618,"p60_wd_am":10706,"p30_wd_pm":2576,"p45_wd_pm":2576,"p60_wd_pm":5805,"p30_su_am":2576,"p45_su_am":2576,"p60_su_am":2576,"pc30":99503,"pc45":173622,"pc60":183764}},{"type":"Feature","geometry":{"type":"Polygon","coordinates":[[[7.25186,49.51235],[7.26566,49.51269],[7.26515,49.52167],[7.25135,49.52134],[7.25186,49.51235]]]},"properties":{"id":"CRS3035RES1kmN2937000E4122000","pop":423,"ags":"10046111","t_wd_pm_supermarket":12,"t_wd_pm_gp":8,"t_wd_pm_primary_school":6,"t_wd_pm_rail_station":77,"t_wd_pm_pharmacy":11,"t_wd_pm_secondary_school":55,"t_wd_am_primary_school":6,"t_wd_am_rail_station":55,"t_wd_am_supermarket":12,"t_wd_am_hospital":91,"t_wd_am_gp":8,"t_wd_am_pharmacy":11,"t_wd_am_secondary_school":24,"t_su_am_primary_school":6,"t_su_am_rail_station":null,"t_su_am_supermarket":12,"t_su_am_gp":8,"t_su_am_pharmacy":11,"t_su_am_secondary_school":null,"t_wd_pm_hospital":null,"t_su_am_hospital":null,"c_gp":1,"c_hospital":24,"c_pharmacy":3,"c_primary_school":2,"c_rail_station":13,"c_secondary_school":8,"c_supermarket":4,"p30_wd_am":4261,"p45_wd_am":6048,"p60_wd_am":10936,"p30_wd_pm":2970,"p45_wd_pm":2970,"p60_wd_pm":6199,"p30_su_am":2970,"p45_su_am":2970,"p60_su_am":2970,"pc30":95633,"pc45":170827,"pc60":182797}},{"type":"Feature","geometry":{"type":"Polygon","coordinates":[[[7.26566,49.51269],[7.27946,49.51302],[7.27895,49.522],[7.26515,49.52167],[7.26566,49.51269]]]},"properties":{"id":"CRS3035RES1kmN2937000E4123000","pop":225,"ags":"10046111","t_wd_pm_supermarket":20,"t_wd_pm_gp":20,"t_wd_pm_primary_school":25,"t_wd_pm_rail_station":77,"t_wd_pm_pharmacy":20,"t_wd_pm_secondary_school":55,"t_wd_am_primary_school":25,"t_wd_am_rail_station":66,"t_wd_am_supermarket":20,"t_wd_am_hospital":91,"t_wd_am_gp":20,"t_wd_am_pharmacy":20,"t_wd_am_secondary_school":30,"t_su_am_primary_school":25,"t_su_am_rail_station":null,"t_su_am_supermarket":20,"t_su_am_gp":20,"t_su_am_pharmacy":20,"t_su_am_secondary_school":null,"t_wd_pm_hospital":null,"t_su_am_hospital":null,"c_gp":3,"c_hospital":23,"c_pharmacy":3,"c_primary_school":4,"c_rail_station":16,"c_secondary_school":8,"c_supermarket":3,"p30_wd_am":3048,"p45_wd_am":6434,"p60_wd_am":9476,"p30_wd_pm":3048,"p45_wd_pm":3245,"p60_wd_pm":6800,"p30_su_am":3048,"p45_su_am":3048,"p60_su_am":3284,"pc30":92624,"pc45":159163,"pc60":182611}},{"type":"Feature","geometry":{"type":"Polygon","coordinates":[[[6.98917,49.51464],[7.00297,49.51501],[7.00241,49.524],[6.98861,49.52363],[6.98917,49.51464]]]},"properties":{"id":"CRS3035RES1kmN2938000E4103000","pop":3,"ags":"10046115","t_wd_pm_supermarket":40,"t_wd_pm_gp":58,"t_wd_pm_primary_school":44,"t_wd_pm_rail_station":77,"t_wd_pm_pharmacy":31,"t_wd_pm_secondary_school":75,"t_wd_am_primary_school":40,"t_wd_am_rail_station":77,"t_wd_am_supermarket":36,"t_wd_am_hospital":94,"t_wd_am_gp":56,"t_wd_am_pharmacy":31,"t_wd_am_secondary_school":75,"t_su_am_primary_school":52,"t_su_am_rail_station":null,"t_su_am_supermarket":47,"t_su_am_gp":64,"t_su_am_pharmacy":31,"t_su_am_secondary_school":75,"t_wd_pm_hospital":null,"t_su_am_hospital":null,"c_gp":7,"c_hospital":31,"c_pharmacy":4,"c_primary_school":7,"c_rail_station":13,"c_secondary_school":10,"c_supermarket":4,"p30_wd_am":243,"p45_wd_am":2058,"p60_wd_am":7942,"p30_wd_pm":243,"p45_wd_pm":1301,"p60_wd_pm":5472,"p30_su_am":243,"p45_su_am":1301,"p60_su_am":3409,"pc30":152684,"pc45":180103,"pc60":184206}},{"type":"Feature","geometry":{"type":"Polygon","coordinates":[[[7.05816,49.51646],[7.07196,49.51682],[7.07142,49.52581],[7.05761,49.52545],[7.05816,49.51646]]]},"properties":{"id":"CRS3035RES1kmN2938000E4108000","pop":3,"ags":"10046116","t_wd_pm_supermarket":29,"t_wd_pm_gp":29,"t_wd_pm_primary_school":22,"t_wd_pm_rail_station":74,"t_wd_pm_pharmacy":29,"t_wd_pm_secondary_school":75,"t_wd_am_primary_school":22,"t_wd_am_rail_station":57,"t_wd_am_supermarket":29,"t_wd_am_hospital":74,"t_wd_am_gp":29,"t_wd_am_pharmacy":29,"t_wd_am_secondary_school":39,"t_su_am_primary_school":22,"t_su_am_rail_station":65,"t_su_am_supermarket":29,"t_su_am_gp":29,"t_su_am_pharmacy":29,"t_su_am_secondary_school":74,"t_wd_pm_hospital":null,"t_su_am_hospital":null,"c_gp":8,"c_hospital":26,"c_pharmacy":8,"c_primary_school":7,"c_rail_station":15,"c_secondary_school":14,"c_supermarket":8,"p30_wd_am":2229,"p45_wd_am":13483,"p60_wd_am":37720,"p30_wd_pm":2229,"p45_wd_pm":4055,"p60_wd_pm":9536,"p30_su_am":2229,"p45_su_am":4055,"p60_su_am":11159,"pc30":143803,"pc45":179233,"pc60":184282}},{"type":"Feature","geometry":{"type":"Polygon","coordinates":[[[7.07196,49.51682],[7.08575,49.51718],[7.08522,49.52617],[7.07142,49.52581],[7.07196,49.51682]]]},"properties":{"id":"CRS3035RES1kmN2938000E4109000","pop":65,"ags":"10046116","t_wd_pm_supermarket":17,"t_wd_pm_gp":17,"t_wd_pm_primary_school":23,"t_wd_pm_rail_station":74,"t_wd_pm_pharmacy":17,"t_wd_pm_secondary_school":79,"t_wd_am_primary_school":23,"t_wd_am_rail_station":50,"t_wd_am_supermarket":17,"t_wd_am_hospital":66,"t_wd_am_gp":17,"t_wd_am_pharmacy":17,"t_wd_am_secondary_school":47,"t_su_am_primary_school":23,"t_su_am_rail_station":69,"t_su_am_supermarket":17,"t_su_am_gp":17,"t_su_am_pharmacy":17,"t_su_am_secondary_school":78,"t_wd_pm_hospital":null,"t_su_am_hospital":null,"c_gp":4,"c_hospital":24,"c_pharmacy":4,"c_primary_school":5,"c_rail_station":10,"c_secondary_school":14,"c_supermarket":4,"p30_wd_am":4444,"p45_wd_am":7917,"p60_wd_am":24529,"p30_wd_pm":4095,"p45_wd_pm":4915,"p60_wd_pm":9950,"p30_su_am":4095,"p45_su_am":4915,"p60_su_am":11473,"pc30":149634,"pc45":179434,"pc60":184282}},{"type":"Feature","geometry":{"type":"Polygon","coordinates":[[[7.08575,49.51718],[7.09955,49.51754],[7.09902,49.52652],[7.08522,49.52617],[7.08575,49.51718]]]},"properties":{"id":"CRS3035RES1kmN2938000E4110000","pop":105,"ags":"10046116","t_wd_pm_supermarket":22,"t_wd_pm_gp":23,"t_wd_pm_primary_school":46,"t_wd_pm_rail_station":74,"t_wd_pm_pharmacy":23,"t_wd_pm_secondary_school":81,"t_wd_am_primary_school":30,"t_wd_am_rail_station":52,"t_wd_am_supermarket":22,"t_wd_am_hospital":68,"t_wd_am_gp":23,"t_wd_am_pharmacy":23,"t_wd_am_secondary_school":51,"t_su_am_primary_school":45,"t_su_am_rail_station":77,"t_su_am_supermarket":22,"t_su_am_gp":23,"t_su_am_pharmacy":23,"t_su_am_secondary_school":86,"t_wd_pm_hospital":null,"t_su_am_hospital":null,"c_gp":5,"c_hospital":24,"c_pharmacy":5,"c_primary_school":7,"c_rail_station":9,"c_secondary_school":15,"c_supermarket":5,"p30_wd_am":4659,"p45_wd_am":8510,"p60_wd_am":23573,"p30_wd_pm":4659,"p45_wd_pm":5252,"p60_wd_pm":7593,"p30_su_am":4659,"p45_su_am":5252,"p60_su_am":7483,"pc30":136755,"pc45":178616,"pc60":184193}},{"type":"Feature","geometry":{"type":"Polygon","coordinates":[[[7.09955,49.51754],[7.11335,49.51789],[7.11282,49.52687],[7.09902,49.52652],[7.09955,49.51754]]]},"properties":{"id":"CRS3035RES1kmN2938000E4111000","pop":1010,"ags":"10046116","t_wd_pm_supermarket":28,"t_wd_pm_gp":28,"t_wd_pm_primary_school":63,"t_wd_pm_rail_station":74,"t_wd_pm_pharmacy":28,"t_wd_pm_secondary_school":81,"t_wd_am_primary_school":29,"t_wd_am_rail_station":44,"t_wd_am_supermarket":25,"t_wd_am_hospital":60,"t_wd_am_gp":25,"t_wd_am_pharmacy":25,"t_wd_am_secondary_school":46,"t_su_am_primary_school":92,"t_su_am_rail_station":106,"t_su_am_supermarket":28,"t_su_am_gp":28,"t_su_am_pharmacy":28,"t_su_am_secondary_school":91,"t_wd_pm_hospital":null,"t_su_am_hospital":null,"c_gp":2,"c_hospital":21,"c_pharmacy":3,"c_primary_school":5,"c_rail_station":5,"c_secondary_school":12,"c_supermarket":4,"p30_wd_am":5837,"p45_wd_am":16074,"p60_wd_am":37625,"p30_wd_pm":3741,"p45_wd_pm":3809,"p60_wd_pm":4167,"p30_su_am":3741,"p45_su_am":3809,"p60_su_am":3809,"pc30":156172,"pc45":180730,"pc60":184353}},{"type":"Feature","geometry":{"type":"Polygon","coordinates":[[[7.11335,49.51789],[7.12715,49.51824],[7.12662,49.52723],[7.11282,49.52687],[7.11335,49.51789]]]},"properties":{"id":"CRS3035RES1kmN2938000E4112000","pop":4,"ags":"10046116","t_wd_pm_supermarket":null,"t_wd_pm_gp":25,"t_wd_pm_primary_school":null,"t_wd_pm_rail_station":null,"t_wd_pm_pharmacy":null,"t_wd_pm_secondary_school":null,"t_wd_am_primary_school":29,"t_wd_am_rail_station":50,"t_wd_am_supermarket":25,"t_wd_am_hospital":66,"t_wd_am_gp":25,"t_wd_am_pharmacy":25,"t_wd_am_secondary_school":52,"t_su_am_primary_school":null,"t_su_am_rail_station":null,"t_su_am_supermarket":null,"t_su_am_gp":25,"t_su_am_pharmacy":null,"t_su_am_secondary_school":null,"t_wd_pm_hospital":null,"t_su_am_hospital":null,"c_gp":2,"c_hospital":21,"c_pharmacy":3,"c_primary_school":8,"c_rail_station":5,"c_secondary_school":12,"c_supermarket":6,"p30_wd_am":5139,"p45_wd_am":9234,"p60_wd_am":25814,"p30_wd_pm":2171,"p45_wd_pm":2171,"p60_wd_pm":2171,"p30_su_am":2171,"p45_su_am":2171,"p60_su_am":2171,"pc30":142979,"pc45":180447,"pc60":184334}},{"type":"Feature","geometry":{"type":"Polygon","coordinates":[[[7.12715,49.51824],[7.14095,49.51859],[7.14042,49.52758],[7.12662,49.52723],[7.12715,49.51824]]]},"properties":{"id":"CRS3035RES1kmN2938000E4113000","pop":940,"ags":"10046113","t_wd_pm_supermarket":43,"t_wd_pm_gp":2,"t_wd_pm_primary_school":51,"t_wd_pm_rail_station":13,"t_wd_pm_pharmacy":7,"t_wd_pm_secondary_school":63,"t_wd_am_primary_school":48,"t_wd_am_rail_station":13,"t_wd_am_supermarket":41,"t_wd_am_hospital":77,"t_wd_am_gp":2,"t_wd_am_pharmacy":7,"t_wd_am_secondary_school":62,"t_su_am_primary_school":41,"t_su_am_rail_station":13,"t_su_am_supermarket":41,"t_su_am_gp":2,"t_su_am_pharmacy":7,"t_su_am_secondary_school":51,"t_wd_pm_hospital":null,"t_su_am_hospital":null,"c_gp":0,"c_hospital":19,"c_pharmacy":1,"c_primary_school":8,"c_rail_station":3,"c_secondary_school":10,"c_supermarket":4,"p30_wd_am":3235,"p45_wd_am":3908,"p60_wd_am":12570,"p30_wd_pm":3228,"p45_wd_pm":4966,"p60_wd_pm":15051,"p30_su_am":3228,"p45_su_am":4151,"p60_su_am":6280,"pc30":145551,"pc45":180980,"pc60":184282}},{"type":"Feature","geometry":{"type":"Polygon","coordinates":[[[7.14095,49.51859],[7.15475,49.51894],[7.15422,49.52793],[7.14042,49.52758],[7.14095,49.51859]]]},"properties":{"id":"CRS3035RES1kmN2938000E4114000","pop":655,"ags":"10046113","t_wd_pm_supermarket":24,"t_wd_pm_gp":12,"t_wd_pm_primary_school":50,"t_wd_pm_rail_station":3,"t_wd_pm_pharmacy":2,"t_wd_pm_secondary_school":62,"t_wd_am_primary_school":44,"t_wd_am_rail_station":3,"t_wd_am_supermarket":24,"t_wd_am_hospital":79,"t_wd_am_gp":12,"t_wd_am_pharmacy":2,"t_wd_am_secondary_school":46,"t_su_am_primary_school":34,"t_su_am_rail_station":3,"t_su_am_supermarket":24,"t_su_am_gp":12,"t_su_am_pharmacy":2,"t_su_am_secondary_school":44,"t_wd_pm_hospital":null,"t_su_am_hospital":null,"c_gp":1,"c_hospital":19,"c_pharmacy":0,"c_primary_school":8,"c_rail_station":1,"c_secondary_school":10,"c_supermarket":4,"p30_wd_am":3371,"p45_wd_am":7608,"p60_wd_am":23602,"p30_wd_pm":2753,"p45_wd_pm":4436,"p60_wd_pm":14037,"p30_su_am":3122,"p45_su_am":8996,"p60_su_am":20891,"pc30":143218,"pc45":181106,"pc60":184282}},{"type":"Feature","geometry":{"type":"Polygon","coordinates":[[[7.15475,49.51894],[7.16855,49.51929],[7.16803,49.52827],[7.15422,49.52793],[7.15475,49.51894]]]},"properties":{"id":"CRS3035RES1kmN2938000E4115000","pop":55,"ags":"10046113","t_wd_pm_supermarket":14,"t_wd_pm_gp":35,"t_wd_pm_primary_school":50,"t_wd_pm_rail_station":29,"t_wd_pm_pharmacy":25,"t_wd_pm_secondary_school":62,"t_wd_am_primary_school":39,"t_wd_am_rail_station":29,"t_wd_am_supermarket":14,"t_wd_am_hospital":91,"t_wd_am_gp":33,"t_wd_am_pharmacy":25,"t_wd_am_secondary_school":37,"t_su_am_primary_school":50,"t_su_am_rail_station":29,"t_su_am_supermarket":14,"t_su_am_gp":56,"t_su_am_pharmacy":25,"t_su_am_secondary_school":65,"t_wd_pm_hospital":null,"t_su_am_hospital":null,"c_gp":3,"c_hospital":17,"c_pharmacy":2,"c_primary_school":6,"c_rail_station":4,"c_secondary_school":8,"c_supermarket":2,"p30_wd_am":3219,"p45_wd_am":8788,"p60_wd_am":18295,"p30_wd_pm":3043,"p45_wd_pm":4334,"p60_wd_pm":13998,"p30_su_am":3043,"p45_su_am":3353,"p60_su_am":9106,"pc30":150488,"pc45":181127,"pc60":184282}},{"type":"Feature","geometry":{"type":"Polygon","coordinates":[[[7.16855,49.51929],[7.18235,49.51963],[7.18183,49.52862],[7.16803,49.52827],[7.16855,49.51929]]]},"properties":{"id":"CRS3035RES1kmN2938000E4116000","pop":126,"ags":"10046113","t_wd_pm_supermarket":23,"t_wd_pm_gp":50,"t_wd_pm_primary_school":65,"t_wd_pm_rail_station":49,"t_wd_pm_pharmacy":43,"t_wd_pm_secondary_school":68,"t_wd_am_primary_school":39,"t_wd_am_rail_station":36,"t_wd_am_supermarket":23,"t_wd_am_hospital":91,"t_wd_am_gp":34,"t_wd_am_pharmacy":30,"t_wd_am_secondary_school":38,"t_su_am_primary_school":54,"t_su_am_rail_station":48,"t_su_am_supermarket":23,"t_su_am_gp":59,"t_su_am_pharmacy":59,"t_su_am_secondary_school":65,"t_wd_pm_hospital":null,"t_su_am_hospital":null,"c_gp":5,"c_hospital":19,"c_pharmacy":4,"c_primary_school":8,"c_rail_station":6,"c_secondary_school":10,"c_supermarket":4,"p30_wd_am":2088,"p45_wd_am":8615,"p60_wd_am":18249,"p30_wd_pm":2088,"p45_wd_pm":2877,"p60_wd_pm":6408,"p30_su_am":2088,"p45_su_am":2088,"p60_su_am":7951,"pc30":140472,"pc45":181127,"pc60":184282}},{"type":"Feature","geometry":{"type":"Polygon","coordinates":[[[7.18235,49.51963],[7.19615,49.51998],[7.19563,49.52896],[7.18183,49.52862],[7.18235,49.51963]]]},"properties":{"id":"CRS3035RES1kmN2938000E4117000","pop":176,"ags":"10046113","t_wd_pm_supermarket":57,"t_wd_pm_gp":65,"t_wd_pm_primary_school":92,"t_wd_pm_rail_station":60,"t_wd_pm_pharmacy":55,"t_wd_pm_secondary_school":76,"t_wd_am_primary_school":41,"t_wd_am_rail_station":38,"t_wd_am_supermarket":34,"t_wd_am_hospital":91,"t_wd_am_gp":35,"t_wd_am_pharmacy":32,"t_wd_am_secondary_school":39,"t_su_am_primary_school":null,"t_su_am_rail_station":null,"t_su_am_supermarket":null,"t_su_am_gp":null,"t_su_am_pharmacy":null,"t_su_am_secondary_school":null,"t_wd_pm_hospital":null,"t_su_am_hospital":null,"c_gp":9,"c_hospital":23,"c_pharmacy":8,"c_primary_school":9,"c_rail_station":9,"c_secondary_school":12,"c_supermarket":7,"p30_wd_am":1608,"p45_wd_am":8068,"p60_wd_am":12989,"p30_wd_pm":1553,"p45_wd_pm":1733,"p60_wd_pm":3533,"p30_su_am":1553,"p45_su_am":1599,"p60_su_am":1599,"pc30":123193,"pc45":180265,"pc60":184193}},{"type":"Feature","geometry":{"type":"Polygon","coordinates":[[[7.19615,49.51998],[7.20995,49.52032],[7.20943,49.52931],[7.19563,49.52896],[7.19615,49.51998]]]},"properties":{"id":"CRS3035RES1kmN2938000E4118000","pop":5,"ags":"10046113","t_wd_pm_supermarket":34,"t_wd_pm_gp":34,"t_wd_pm_primary_school":79,"t_wd_pm_rail_station":77,"t_wd_pm_pharmacy":35,"t_wd_pm_secondary_school":40,"t_wd_am_primary_school":38,"t_wd_am_rail_station":31,"t_wd_am_supermarket":33,"t_wd_am_hospital":91,"t_wd_am_gp":34,"t_wd_am_pharmacy":35,"t_wd_am_secondary_school":38,"t_su_am_primary_school":52,"t_su_am_rail_station":46,"t_su_am_supermarket":52,"t_su_am_gp":58,"t_su_am_pharmacy":57,"t_su_am_secondary_school":65,"t_wd_pm_hospital":null,"t_su_am_hospital":null,"c_gp":7,"c_hospital":23,"c_pharmacy":8,"c_primary_school":7,"c_rail_station":7,"c_secondary_school":10,"c_supermarket":6,"p30_wd_am":2536,"p45_wd_am":11663,"p60_wd_am":15991,"p30_wd_pm":2025,"p45_wd_pm":4783,"p60_wd_pm":5137,"p30_su_am":2025,"p45_su_am":2519,"p60_su_am":7234,"pc30":114588,"pc45":179080,"pc60":183816}},{"type":"Feature","geometry":{"type":"Polygon","coordinates":[[[7.20995,49.52032],[7.22375,49.52066],[7.22324,49.52965],[7.20943,49.52931],[7.20995,49.52032]]]},"properties":{"id":"CRS3035RES1kmN2938000E4119000","pop":217,"ags":"10046111","t_wd_pm_supermarket":25,"t_wd_pm_gp":25,"t_wd_pm_primary_school":79,"t_wd_pm_rail_station":77,"t_wd_pm_pharmacy":26,"t_wd_pm_secondary_school":31,"t_wd_am_primary_school":33,"t_wd_am_rail_station":49,"t_wd_am_supermarket":25,"t_wd_am_hospital":91,"t_wd_am_gp":27,"t_wd_am_pharmacy":28,"t_wd_am_secondary_school":31,"t_su_am_primary_school":50,"t_su_am_rail_station":44,"t_su_am_supermarket":50,"t_su_am_gp":56,"t_su_am_pharmacy":55,"t_su_am_secondary_school":65,"t_wd_pm_hospital":null,"t_su_am_hospital":null,"c_gp":7,"c_hospital":24,"c_pharmacy":7,"c_primary_school":6,"c_rail_station":9,"c_secondary_school":9,"c_supermarket":5,"p30_wd_am":2660,"p45_wd_am":6819,"p60_wd_am":11760,"p30_wd_pm":2500,"p45_wd_pm":3948,"p60_wd_pm":3948,"p30_su_am":1205,"p45_su_am":2649,"p60_su_am":7250,"pc30":115141,"pc45":179780,"pc60":184118}},{"type":"Feature","geometry":{"type":"Polygon","coordinates":[[[7.22375,49.52066],[7.23755,49.521],[7.23704,49.52998],[7.22324,49.52965],[7.22375,49.52066]]]},"properties":{"id":"CRS3035RES1kmN2938000E4120000","pop":5,"ags":"10046111","t_wd_pm_supermarket":86,"t_wd_pm_gp":86,"t_wd_pm_primary_school":79,"t_wd_pm_rail_station":77,"t_wd_pm_pharmacy":85,"t_wd_pm_secondary_school":95,"t_wd_am_primary_school":36,"t_wd_am_rail_station":66,"t_wd_am_supermarket":41,"t_wd_am_hospital":91,"t_wd_am_gp":39,"t_wd_am_pharmacy":38,"t_wd_am_secondary_school":58,"t_su_am_primary_school":50,"t_su_am_rail_station":44,"t_su_am_supermarket":50,"t_su_am_gp":56,"t_su_am_pharmacy":55,"t_su_am_secondary_school":65,"t_wd_pm_hospital":null,"t_su_am_hospital":null,"c_gp":6,"c_hospital":25,"c_pharmacy":6,"c_primary_school":6,"c_rail_station":10,"c_secondary_school":9,"c_supermarket":5,"p30_wd_am":395,"p45_wd_am":2593,"p60_wd_am":6362,"p30_wd_pm":395,"p45_wd_pm":395,"p60_wd_pm":542,"p30_su_am":395,"p45_su_am":1835,"p60_su_am":7246,"pc30":113531,"pc45":178197,"pc60":183816}},{"type":"Feature","geometry":{"type":"Polygon","coordinates":[[[7.25135,49.52134],[7.26515,49.52167],[7.26465,49.53066],[7.25084,49.53032],[7.25135,49.52134]]]},"properties":{"id":"CRS3035RES1kmN2938000E4122000","pop":1441,"ags":"10046111","t_wd_pm_supermarket":5,"t_wd_pm_gp":3,"t_wd_pm_primary_school":6,"t_wd_pm_rail_station":77,"t_wd_pm_pharmacy":3,"t_wd_pm_secondary_school":55,"t_wd_am_primary_school":6,"t_wd_am_rail_station":49,"t_wd_am_supermarket":5,"t_wd_am_hospital":91,"t_wd_am_gp":3,"t_wd_am_pharmacy":3,"t_wd_am_secondary_school":20,"t_su_am_primary_school":6,"t_su_am_rail_station":null,"t_su_am_supermarket":5,"t_su_am_gp":3,"t_su_am_pharmacy":3,"t_su_am_secondary_school":null,"t_wd_pm_hospital":null,"t_su_am_hospital":null,"c_gp":1,"c_hospital":23,"c_pharmacy":1,"c_primary_school":1,"c_rail_station":12,"c_secondary_school":7,"c_supermarket":2,"p30_wd_am":5592,"p45_wd_am":6438,"p60_wd_am":12295,"p30_wd_pm":3006,"p45_wd_pm":3006,"p60_wd_pm":6199,"p30_su_am":3006,"p45_su_am":3006,"p60_su_am":3006,"pc30":100786,"pc45":172575,"pc60":183764}},{"type":"Feature","geometry":{"type":"Polygon","coordinates":[[[7.26515,49.52167],[7.27895,49.522],[7.27845,49.53099],[7.26465,49.53066],[7.26515,49.52167]]]},"properties":{"id":"CRS3035RES1kmN2938000E4123000","pop":328,"ags":"10046111","t_wd_pm_supermarket":6,"t_wd_pm_gp":8,"t_wd_pm_primary_school":16,"t_wd_pm_rail_station":77,"t_wd_pm_pharmacy":8,"t_wd_pm_secondary_school":55,"t_wd_am_primary_school":16,"t_wd_am_rail_station":57,"t_wd_am_supermarket":6,"t_wd_am_hospital":91,"t_wd_am_gp":8,"t_wd_am_pharmacy":8,"t_wd_am_secondary_school":22,"t_su_am_primary_school":16,"t_su_am_rail_station":null,"t_su_am_supermarket":6,"t_su_am_gp":8,"t_su_am_pharmacy":8,"t_su_am_secondary_school":null,"t_wd_pm_hospital":null,"t_su_am_hospital":null,"c_gp":3,"c_hospital":26,"c_pharmacy":3,"c_primary_school":4,"c_rail_station":16,"c_secondary_school":8,"c_supermarket":2,"p30_wd_am":4714,"p45_wd_am":6465,"p60_wd_am":10706,"p30_wd_pm":3423,"p45_wd_pm":3423,"p60_wd_pm":6199,"p30_su_am":3423,"p45_su_am":3423,"p60_su_am":3423,"pc30":86924,"pc45":157689,"pc60":182611}},{"type":"Feature","geometry":{"type":"Polygon","coordinates":[[[7.27895,49.522],[7.29275,49.52234],[7.29225,49.53132],[7.27845,49.53099],[7.27895,49.522]]]},"properties":{"id":"CRS3035RES1kmN2938000E4124000","pop":36,"ags":"10046111","t_wd_pm_supermarket":24,"t_wd_pm_gp":26,"t_wd_pm_primary_school":58,"t_wd_pm_rail_station":77,"t_wd_pm_pharmacy":26,"t_wd_pm_secondary_school":55,"t_wd_am_primary_school":26,"t_wd_am_rail_station":72,"t_wd_am_supermarket":20,"t_wd_am_hospital":97,"t_wd_am_gp":21,"t_wd_am_pharmacy":20,"t_wd_am_secondary_school":27,"t_su_am_primary_school":null,"t_su_am_rail_station":null,"t_su_am_supermarket":24,"t_su_am_gp":26,"t_su_am_pharmacy":26,"t_su_am_secondary_school":null,"t_wd_pm_hospital":null,"t_su_am_hospital":null,"c_gp":5,"c_hospital":29,"c_pharmacy":6,"c_primary_school":7,"c_rail_station":19,"c_secondary_school":8,"c_supermarket":5,"p30_wd_am":3214,"p45_wd_am":6021,"p60_wd_am":8508,"p30_wd_pm":2478,"p45_wd_pm":2481,"p60_wd_pm":6540,"p30_su_am":2478,"p45_su_am":2481,"p60_su_am":3362,"pc30":74087,"pc45":148836,"pc60":182611}},{"type":"Feature","geometry":{"type":"Polygon","coordinates":[[[6.96101,49.52289],[6.97481,49.52326],[6.97425,49.53224],[6.96045,49.53187],[6.96101,49.52289]]]},"properties":{"id":"CRS3035RES1kmN2939000E4101000","pop":617,"ags":"10046115","t_wd_pm_supermarket":16,"t_wd_pm_gp":55,"t_wd_pm_primary_school":15,"t_wd_pm_rail_station":74,"t_wd_pm_pharmacy":11,"t_wd_pm_secondary_school":75,"t_wd_am_primary_school":15,"t_wd_am_rail_station":59,"t_wd_am_supermarket":16,"t_wd_am_hospital":91,"t_wd_am_gp":40,"t_wd_am_pharmacy":11,"t_wd_am_secondary_school":39,"t_su_am_primary_school":15,"t_su_am_rail_station":null,"t_su_am_supermarket":16,"t_su_am_gp":64,"t_su_am_pharmacy":11,"t_su_am_secondary_school":75,"t_wd_pm_hospital":null,"t_su_am_hospital":null,"c_gp":13,"c_hospital":36,"c_pharmacy":3,"c_primary_school":6,"c_rail_station":19,"c_secondary_school":16,"c_supermarket":5,"p30_wd_am":2091,"p45_wd_am":8397,"p60_wd_am":18637,"p30_wd_pm":2081,"p45_wd_pm":2377,"p60_wd_pm":5982,"p30_su_am":2081,"p45_su_am":2094,"p60_su_am":3404,"pc30":120522,"pc45":176726,"pc60":183646}},{"type":"Feature","geometry":{"type":"Polygon","coordinates":[[[6.97481,49.52326],[6.98861,49.52363],[6.98806,49.53261],[6.97425,49.53224],[6.97481,49.52326]]]},"properties":{"id":"CRS3035RES1kmN2939000E4102000","pop":240,"ags":"10046115","t_wd_pm_supermarket":17,"t_wd_pm_gp":55,"t_wd_pm_primary_school":16,"t_wd_pm_rail_station":74,"t_wd_pm_pharmacy":12,"t_wd_pm_secondary_school":75,"t_wd_am_primary_school":16,"t_wd_am_rail_station":60,"t_wd_am_supermarket":17,"t_wd_am_hospital":91,"t_wd_am_gp":40,"t_wd_am_pharmacy":12,"t_wd_am_secondary_school":40,"t_su_am_primary_school":16,"t_su_am_rail_station":null,"t_su_am_supermarket":17,"t_su_am_gp":64,"t_su_am_pharmacy":12,"t_su_am_secondary_school":75,"t_wd_pm_hospital":null,"t_su_am_hospital":null,"c_gp":11,"c_hospital":34,"c_pharmacy":2,"c_primary_school":5,"c_rail_station":17,"c_secondary_school":13,"c_supermarket":4,"p30_wd_am":2094,"p45_wd_am":7559,"p60_wd_am":18440,"p30_wd_pm":2084,"p45_wd_pm":2367,"p60_wd_pm":5982,"p30_su_am":2084,"p45_su_am":2084,"p60_su_am":3394,"pc30":134628,"pc45":178392,"pc60":184135}},{"type":"Feature","geometry":{"type":"Polygon","coordinates":[[[7.03001,49.52473],[7.04381,49.52509],[7.04327,49.53407],[7.02946,49.53371],[7.03001,49.52473]]]},"properties":{"id":"CRS3035RES1kmN2939000E4106000","pop":157,"ags":"10046114","t_wd_pm_supermarket":47,"t_wd_pm_gp":47,"t_wd_pm_primary_school":52,"t_wd_pm_rail_station":74,"t_wd_pm_pharmacy":46,"t_wd_pm_secondary_school":75,"t_wd_am_primary_school":32,"t_wd_am_rail_station":57,"t_wd_am_supermarket":39,"t_wd_am_hospital":91,"t_wd_am_gp":34,"t_wd_am_pharmacy":37,"t_wd_am_secondary_school":39,"t_su_am_primary_school":52,"t_su_am_rail_station":65,"t_su_am_supermarket":47,"t_su_am_gp":44,"t_su_am_pharmacy":46,"t_su_am_secondary_school":74,"t_wd_pm_hospital":null,"t_su_am_hospital":null,"c_gp":6,"c_hospital":28,"c_pharmacy":7,"c_primary_school":8,"c_rail_station":13,"c_secondary_school":11,"c_supermarket":7,"p30_wd_am":1263,"p45_wd_am":5915,"p60_wd_am":16702,"p30_wd_pm":763,"p45_wd_pm":1986,"p60_wd_pm":6139,"p30_su_am":763,"p45_su_am":1986,"p60_su_am":7169,"pc30":156074,"pc45":181454,"pc60":184353}},{"type":"Feature","geometry":{"type":"Polygon","coordinates":[[[7.11282,49.52687],[7.12662,49.52723],[7.12609,49.53621],[7.11228,49.53586],[7.11282,49.52687]]]},"properties":{"id":"CRS3035RES1kmN2939000E4112000","pop":67,"ags":"10046116","t_wd_pm_supermarket":null,"t_wd_pm_gp":29,"t_wd_pm_primary_school":null,"t_wd_pm_rail_station":null,"t_wd_pm_pharmacy":null,"t_wd_pm_secondary_school":null,"t_wd_am_primary_school":29,"t_wd_am_rail_station":48,"t_wd_am_supermarket":25,"t_wd_am_hospital":64,"t_wd_am_gp":25,"t_wd_am_pharmacy":25,"t_wd_am_secondary_school":50,"t_su_am_primary_school":null,"t_su_am_rail_station":null,"t_su_am_supermarket":null,"t_su_am_gp":29,"t_su_am_pharmacy":null,"t_su_am_secondary_school":null,"t_wd_pm_hospital":null,"t_su_am_hospital":null,"c_gp":4,"c_hospital":23,"c_pharmacy":5,"c_primary_school":7,"c_rail_station":5,"c_secondary_school":12,"c_supermarket":5,"p30_wd_am":4904,"p45_wd_am":13080,"p60_wd_am":32378,"p30_wd_pm":1786,"p45_wd_pm":1786,"p60_wd_pm":1786,"p30_su_am":1786,"p45_su_am":1786,"p60_su_am":1786,"pc30":143857,"pc45":181373,"pc60":184353}},{"type":"Feature","geometry":{"type":"Polygon","coordinates":[[[7.12662,49.52723],[7.14042,49.52758],[7.13989,49.53656],[7.12609,49.53621],[7.12662,49.52723]]]},"properties":{"id":"CRS3035RES1kmN2939000E4113000","pop":8,"ags":"10046113","t_wd_pm_supermarket":53,"t_wd_pm_gp":27,"t_wd_pm_primary_school":56,"t_wd_pm_rail_station":28,"t_wd_pm_pharmacy":24,"t_wd_pm_secondary_school":66,"t_wd_am_primary_school":51,"t_wd_am_rail_station":28,"t_wd_am_supermarket":46,"t_wd_am_hospital":88,"t_wd_am_gp":27,"t_wd_am_pharmacy":24,"t_wd_am_secondary_school":66,"t_su_am_primary_school":71,"t_su_am_rail_station":28,"t_su_am_supermarket":78,"t_su_am_gp":27,"t_su_am_pharmacy":24,"t_su_am_secondary_school":85,"t_wd_pm_hospital":null,"t_su_am_hospital":null,"c_gp":4,"c_hospital":22,"c_pharmacy":3,"c_primary_school":10,"c_rail_station":6,"c_secondary_school":13,"c_supermarket":7,"p30_wd_am":2273,"p45_wd_am":3408,"p60_wd_am":9296,"p30_wd_pm":2273,"p45_wd_pm":2369,"p60_wd_pm":11047,"p30_su_am":2273,"p45_su_am":2314,"p60_su_am":2314,"pc30":132671,"pc45":179960,"pc60":184334}},{"type":"Feature","geometry":{"type":"Polygon","coordinates":[[[7.14042,49.52758],[7.15422,49.52793],[7.1537,49.53691],[7.13989,49.53656],[7.14042,49.52758]]]},"properties":{"id":"CRS3035RES1kmN2939000E4114000","pop":52,"ags":"10046113","t_wd_pm_supermarket":53,"t_wd_pm_gp":26,"t_wd_pm_primary_school":55,"t_wd_pm_rail_station":27,"t_wd_pm_pharmacy":23,"t_wd_pm_secondary_school":65,"t_wd_am_primary_school":50,"t_wd_am_rail_station":27,"t_wd_am_supermarket":45,"t_wd_am_hospital":88,"t_wd_am_gp":26,"t_wd_am_pharmacy":23,"t_wd_am_secondary_school":65,"t_su_am_primary_school":71,"t_su_am_rail_station":27,"t_su_am_supermarket":78,"t_su_am_gp":26,"t_su_am_pharmacy":23,"t_su_am_secondary_school":85,"t_wd_pm_hospital":null,"t_su_am_hospital":null,"c_gp":4,"c_hospital":22,"c_pharmacy":4,"c_primary_school":9,"c_rail_station":6,"c_secondary_school":13,"c_supermarket":7,"p30_wd_am":2273,"p45_wd_am":3408,"p60_wd_am":9351,"p30_wd_pm":2273,"p45_wd_pm":2369,"p60_wd_pm":11051,"p30_su_am":2273,"p45_su_am":2314,"p60_su_am":2314,"pc30":133259,"pc45":179960,"pc60":184334}},{"type":"Feature","geometry":{"type":"Polygon","coordinates":[[[7.15422,49.52793],[7.16803,49.52827],[7.1675,49.53726],[7.1537,49.53691],[7.15422,49.52793]]]},"properties":{"id":"CRS3035RES1kmN2939000E4115000","pop":208,"ags":"10046113","t_wd_pm_supermarket":57,"t_wd_pm_gp":65,"t_wd_pm_primary_school":92,"t_wd_pm_rail_station":60,"t_wd_pm_pharmacy":55,"t_wd_pm_secondary_school":76,"t_wd_am_primary_school":39,"t_wd_am_rail_station":36,"t_wd_am_supermarket":37,"t_wd_am_hospital":91,"t_wd_am_gp":37,"t_wd_am_pharmacy":30,"t_wd_am_secondary_school":42,"t_su_am_primary_school":null,"t_su_am_rail_station":null,"t_su_am_supermarket":null,"t_su_am_gp":null,"t_su_am_pharmacy":null,"t_su_am_secondary_school":null,"t_wd_pm_hospital":null,"t_su_am_hospital":null,"c_gp":6,"c_hospital":20,"c_pharmacy":5,"c_primary_school":9,"c_rail_station":7,"c_secondary_school":11,"c_supermarket":5,"p30_wd_am":1604,"p45_wd_am":7878,"p60_wd_am":16706,"p30_wd_pm":1604,"p45_wd_pm":1738,"p60_wd_pm":3487,"p30_su_am":1604,"p45_su_am":1604,"p60_su_am":1604,"pc30":136455,"pc45":181127,"pc60":184282}},{"type":"Feature","geometry":{"type":"Polygon","coordinates":[[[7.16803,49.52827],[7.18183,49.52862],[7.18131,49.5376],[7.1675,49.53726],[7.16803,49.52827]]]},"properties":{"id":"CRS3035RES1kmN2939000E4116000","pop":618,"ags":"10046113","t_wd_pm_supermarket":27,"t_wd_pm_gp":52,"t_wd_pm_primary_school":68,"t_wd_pm_rail_station":51,"t_wd_pm_pharmacy":45,"t_wd_pm_secondary_school":70,"t_wd_am_primary_school":39,"t_wd_am_rail_station":36,"t_wd_am_supermarket":27,"t_wd_am_hospital":91,"t_wd_am_gp":34,"t_wd_am_pharmacy":30,"t_wd_am_secondary_school":38,"t_su_am_primary_school":null,"t_su_am_rail_station":null,"t_su_am_supermarket":27,"t_su_am_gp":null,"t_su_am_pharmacy":null,"t_su_am_secondary_school":null,"t_wd_pm_hospital":null,"t_su_am_hospital":null,"c_gp":5,"c_hospital":19,"c_pharmacy":4,"c_primary_school":8,"c_rail_station":5,"c_secondary_school":10,"c_supermarket":4,"p30_wd_am":1604,"p45_wd_am":8077,"p60_wd_am":17071,"p30_wd_pm":1604,"p45_wd_pm":1738,"p60_wd_pm":5924,"p30_su_am":1604,"p45_su_am":1604,"p60_su_am":1604,"pc30":143996,"pc45":181410,"pc60":184334}},{"type":"Feature","geometry":{"type":"Polygon","coordinates":[[[7.18183,49.52862],[7.19563,49.52896],[7.19511,49.53795],[7.18131,49.5376],[7.18183,49.52862]]]},"properties":{"id":"CRS3035RES1kmN2939000E4117000","pop":421,"ags":"10046113","t_wd_pm_supermarket":57,"t_wd_pm_gp":65,"t_wd_pm_primary_school":78,"t_wd_pm_rail_station":60,"t_wd_pm_pharmacy":55,"t_wd_pm_secondary_school":76,"t_wd_am_primary_school":39,"t_wd_am_rail_station":36,"t_wd_am_supermarket":29,"t_wd_am_hospital":91,"t_wd_am_gp":30,"t_wd_am_pharmacy":30,"t_wd_am_secondary_school":34,"t_su_am_primary_school":58,"t_su_am_rail_station":52,"t_su_am_supermarket":58,"t_su_am_gp":59,"t_su_am_pharmacy":60,"t_su_am_secondary_school":65,"t_wd_pm_hospital":null,"t_su_am_hospital":null,"c_gp":6,"c_hospital":20,"c_pharmacy":5,"c_primary_school":7,"c_rail_station":7,"c_secondary_school":10,"c_supermarket":5,"p30_wd_am":2430,"p45_wd_am":9586,"p60_wd_am":18322,"p30_wd_pm":2430,"p45_wd_pm":2650,"p60_wd_pm":4309,"p30_su_am":2430,"p45_su_am":2516,"p60_su_am":5391,"pc30":134199,"pc45":181160,"pc60":184282}},{"type":"Feature","geometry":{"type":"Polygon","coordinates":[[[7.19563,49.52896],[7.20943,49.52931],[7.20892,49.53829],[7.19511,49.53795],[7.19563,49.52896]]]},"properties":{"id":"CRS3035RES1kmN2939000E4118000","pop":4,"ags":"10046113","t_wd_pm_supermarket":57,"t_wd_pm_gp":65,"t_wd_pm_primary_school":79,"t_wd_pm_rail_station":60,"t_wd_pm_pharmacy":55,"t_wd_pm_secondary_school":76,"t_wd_am_primary_school":44,"t_wd_am_rail_station":44,"t_wd_am_supermarket":35,"t_wd_am_hospital":91,"t_wd_am_gp":36,"t_wd_am_pharmacy":37,"t_wd_am_secondary_school":40,"t_su_am_primary_school":60,"t_su_am_rail_station":54,"t_su_am_supermarket":60,"t_su_am_gp":63,"t_su_am_pharmacy":64,"t_su_am_secondary_school":69,"t_wd_pm_hospital":null,"t_su_am_hospital":null,"c_gp":10,"c_hospital":24,"c_pharmacy":9,"c_primary_school":10,"c_rail_station":11,"c_secondary_school":13,"c_supermarket":9,"p30_wd_am":1211,"p45_wd_am":6809,"p60_wd_am":16876,"p30_wd_pm":1211,"p45_wd_pm":1955,"p60_wd_pm":3873,"p30_su_am":1211,"p45_su_am":1211,"p60_su_am":3917,"pc30":112058,"pc45":178551,"pc60":184118}},{"type":"Feature","geometry":{"type":"Polygon","coordinates":[[[7.20943,49.52931],[7.22324,49.52965],[7.22272,49.53863],[7.20892,49.53829],[7.20943,49.52931]]]},"properties":{"id":"CRS3035RES1kmN2939000E4119000","pop":169,"ags":"10046111","t_wd_pm_supermarket":23,"t_wd_pm_gp":23,"t_wd_pm_primary_school":79,"t_wd_pm_rail_station":77,"t_wd_pm_pharmacy":24,"t_wd_pm_secondary_school":29,"t_wd_am_primary_school":33,"t_wd_am_rail_station":47,"t_wd_am_supermarket":23,"t_wd_am_hospital":91,"t_wd_am_gp":25,"t_wd_am_pharmacy":26,"t_wd_am_secondary_school":29,"t_su_am_primary_school":50,"t_su_am_rail_station":44,"t_su_am_supermarket":50,"t_su_am_gp":56,"t_su_am_pharmacy":55,"t_su_am_secondary_school":65,"t_wd_pm_hospital":null,"t_su_am_hospital":null,"c_gp":6,"c_hospital":24,"c_pharmacy":6,"c_primary_school":6,"c_rail_station":9,"c_secondary_school":9,"c_supermarket":4,"p30_wd_am":2886,"p45_wd_am":6819,"p60_wd_am":12604,"p30_wd_pm":3791,"p45_wd_pm":3948,"p60_wd_pm":3948,"p30_su_am":1205,"p45_su_am":2649,"p60_su_am":7250,"pc30":115169,"pc45":179305,"pc60":184118}},{"type":"Feature","geometry":{"type":"Polygon","coordinates":[[[7.22324,49.52965],[7.23704,49.52998],[7.23653,49.53897],[7.22272,49.53863],[7.22324,49.52965]]]},"properties":{"id":"CRS3035RES1kmN2939000E4120000","pop":4,"ags":"10046111","t_wd_pm_supermarket":28,"t_wd_pm_gp":28,"t_wd_pm_primary_school":79,"t_wd_pm_rail_station":77,"t_wd_pm_pharmacy":29,"t_wd_pm_secondary_school":34,"t_wd_am_primary_school":33,"t_wd_am_rail_station":52,"t_wd_am_supermarket":28,"t_wd_am_hospital":91,"t_wd_am_gp":30,"t_wd_am_pharmacy":31,"t_wd_am_secondary_school":34,"t_su_am_primary_school":50,"t_su_am_rail_station":44,"t_su_am_supermarket":50,"t_su_am_gp":56,"t_su_am_pharmacy":55,"t_su_am_secondary_school":65,"t_wd_pm_hospital":null,"t_su_am_hospital":null,"c_gp":5,"c_hospital":23,"c_pharmacy":5,"c_primary_school":5,"c_rail_station":8,"c_secondary_school":8,"c_supermarket":3,"p30_wd_am":395,"p45_wd_am":6720,"p60_wd_am":10664,"p30_wd_pm":1690,"p45_wd_pm":3134,"p60_wd_pm":3290,"p30_su_am":395,"p45_su_am":1835,"p60_su_am":7246,"pc30":117094,"pc45":179780,"pc60":184118}},{"type":"Feature","geometry":{"type":"Polygon","coordinates":[[[7.25084,49.53032],[7.26465,49.53066],[7.26414,49.53964],[7.25033,49.53931],[7.25084,49.53032]]]},"properties":{"id":"CRS3035RES1kmN2939000E4122000","pop":153,"ags":"10046111","t_wd_pm_supermarket":15,"t_wd_pm_gp":13,"t_wd_pm_primary_school":19,"t_wd_pm_rail_station":77,"t_wd_pm_pharmacy":14,"t_wd_pm_secondary_school":29,"t_wd_am_primary_school":19,"t_wd_am_rail_station":53,"t_wd_am_supermarket":15,"t_wd_am_hospital":91,"t_wd_am_gp":13,"t_wd_am_pharmacy":14,"t_wd_am_secondary_school":20,"t_su_am_primary_school":19,"t_su_am_rail_station":null,"t_su_am_supermarket":15,"t_su_am_gp":13,"t_su_am_pharmacy":14,"t_su_am_secondary_school":29,"t_wd_pm_hospital":null,"t_su_am_hospital":null,"c_gp":3,"c_hospital":26,"c_pharmacy":3,"c_primary_school":5,"c_rail_station":16,"c_secondary_school":6,"c_supermarket":5,"p30_wd_am":4937,"p45_wd_am":5918,"p60_wd_am":11246,"p30_wd_pm":2511,"p45_wd_pm":2511,"p60_wd_pm":5580,"p30_su_am":2511,"p45_su_am":2511,"p60_su_am":2511,"pc30":84188,"pc45":159732,"pc60":182611}},{"type":"Feature","geometry":{"type":"Polygon","coordinates":[[[7.27845,49.53099],[7.29225,49.53132],[7.29175,49.54031],[7.27795,49.53998],[7.27845,49.53099]]]},"properties":{"id":"CRS3035RES1kmN2939000E4124000","pop":417,"ags":"10046111","t_wd_pm_supermarket":27,"t_wd_pm_gp":29,"t_wd_pm_primary_school":58,"t_wd_pm_rail_station":77,"t_wd_pm_pharmacy":29,"t_wd_pm_secondary_school":55,"t_wd_am_primary_school":21,"t_wd_am_rail_station":58,"t_wd_am_supermarket":15,"t_wd_am_hospital":92,"t_wd_am_gp":16,"t_wd_am_pharmacy":15,"t_wd_am_secondary_school":23,"t_su_am_primary_school":null,"t_su_am_rail_station":null,"t_su_am_supermarket":27,"t_su_am_gp":29,"t_su_am_pharmacy":29,"t_su_am_secondary_school":null,"t_wd_pm_hospital":null,"t_su_am_hospital":null,"c_gp":4,"c_hospital":28,"c_pharmacy":5,"c_primary_school":6,"c_rail_station":18,"c_secondary_school":7,"c_supermarket":4,"p30_wd_am":4354,"p45_wd_am":6713,"p60_wd_am":11084,"p30_wd_pm":1040,"p45_wd_pm":1163,"p60_wd_pm":6554,"p30_su_am":1040,"p45_su_am":1163,"p60_su_am":1935,"pc30":77175,"pc45":153104,"pc60":182611}},{"type":"Feature","geometry":{"type":"Polygon","coordinates":[[[6.96045,49.53187],[6.97425,49.53224],[6.97369,49.54123],[6.95989,49.54086],[6.96045,49.53187]]]},"properties":{"id":"CRS3035RES1kmN2940000E4101000","pop":31,"ags":"10046115","t_wd_pm_supermarket":19,"t_wd_pm_gp":55,"t_wd_pm_primary_school":18,"t_wd_pm_rail_station":74,"t_wd_pm_pharmacy":14,"t_wd_pm_secondary_school":75,"t_wd_am_primary_school":18,"t_wd_am_rail_station":64,"t_wd_am_supermarket":19,"t_wd_am_hospital":91,"t_wd_am_gp":43,"t_wd_am_pharmacy":14,"t_wd_am_secondary_school":44,"t_su_am_primary_school":18,"t_su_am_rail_station":null,"t_su_am_supermarket":19,"t_su_am_gp":64,"t_su_am_pharmacy":14,"t_su_am_secondary_school":75,"t_wd_pm_hospital":null,"t_su_am_hospital":null,"c_gp":12,"c_hospital":37,"c_pharmacy":4,"c_primary_school":7,"c_rail_station":20,"c_secondary_school":17,"c_supermarket":5,"p30_wd_am":2081,"p45_wd_am":6823,"p60_wd_am":16546,"p30_wd_pm":2081,"p45_wd_pm":2364,"p60_wd_pm":5979,"p30_su_am":2081,"p45_su_am":2081,"p60_su_am":3391,"pc30":116609,"pc45":175423,"pc60":183588}},{"type":"Feature","geometry":{"type":"Polygon","coordinates":[[[6.97425,49.53224],[6.98806,49.53261],[6.9875,49.5416],[6.97369,49.54123],[6.97425,49.53224]]]},"properties":{"id":"CRS3035RES1kmN2940000E4102000","pop":1053,"ags":"10046115","t_wd_pm_supermarket":4,"t_wd_pm_gp":55,"t_wd_pm_primary_school":13,"t_wd_pm_rail_station":74,"t_wd_pm_pharmacy":7,"t_wd_pm_secondary_school":75,"t_wd_am_primary_school":13,"t_wd_am_rail_station":57,"t_wd_am_supermarket":4,"t_wd_am_hospital":91,"t_wd_am_gp":40,"t_wd_am_pharmacy":7,"t_wd_am_secondary_school":37,"t_su_am_primary_school":13,"t_su_am_rail_station":null,"t_su_am_supermarket":4,"t_su_am_gp":64,"t_su_am_pharmacy":7,"t_su_am_secondary_school":75,"t_wd_pm_hospital":null,"t_su_am_hospital":null,"c_gp":11,"c_hospital":33,"c_pharmacy":2,"c_primary_school":6,"c_rail_station":17,"c_secondary_school":13,"c_supermarket":2,"p30_wd_am":2091,"p45_wd_am":8679,"p60_wd_am":19159,"p30_wd_pm":2091,"p45_wd_pm":2377,"p60_wd_pm":5982,"p30_su_am":2091,"p45_su_am":2094,"p60_su_am":3404,"pc30":135958,"pc45":179574,"pc60":184135}},{"type":"Feature","geometry":{"type":"Polygon","coordinates":[[[6.98806,49.53261],[7.00186,49.53298],[7.0013,49.54196],[6.9875,49.5416],[6.98806,49.53261]]]},"properties":{"id":"CRS3035RES1kmN2940000E4103000","pop":10,"ags":"10046115","t_wd_pm_supermarket":15,"t_wd_pm_gp":55,"t_wd_pm_primary_school":26,"t_wd_pm_rail_station":74,"t_wd_pm_pharmacy":20,"t_wd_pm_secondary_school":75,"t_wd_am_primary_school":26,"t_wd_am_rail_station":61,"t_wd_am_supermarket":15,"t_wd_am_hospital":91,"t_wd_am_gp":47,"t_wd_am_pharmacy":20,"t_wd_am_secondary_school":41,"t_su_am_primary_school":26,"t_su_am_rail_station":null,"t_su_am_supermarket":15,"t_su_am_gp":64,"t_su_am_pharmacy":20,"t_su_am_secondary_school":75,"t_wd_pm_hospital":null,"t_su_am_hospital":null,"c_gp":9,"c_hospital":32,"c_pharmacy":4,"c_primary_school":7,"c_rail_station":15,"c_secondary_school":12,"c_supermarket":3,"p30_wd_am":1203,"p45_wd_am":6253,"p60_wd_am":17883,"p30_wd_pm":1203,"p45_wd_pm":2134,"p60_wd_pm":5979,"p30_su_am":1203,"p45_su_am":1851,"p60_su_am":3401,"pc30":147224,"pc45":179960,"pc60":184157}},{"type":"Feature","geometry":{"type":"Polygon","coordinates":[[[7.01566,49.53335],[7.02946,49.53371],[7.02891,49.54269],[7.01511,49.54233],[7.01566,49.53335]]]},"properties":{"id":"CRS3035RES1kmN2940000E4105000","pop":3,"ags":"10046114","t_wd_pm_supermarket":47,"t_wd_pm_gp":47,"t_wd_pm_primary_school":52,"t_wd_pm_rail_station":74,"t_wd_pm_pharmacy":46,"t_wd_pm_secondary_school":75,"t_wd_am_primary_school":33,"t_wd_am_rail_station":57,"t_wd_am_supermarket":39,"t_wd_am_hospital":91,"t_wd_am_gp":34,"t_wd_am_pharmacy":38,"t_wd_am_secondary_school":39,"t_su_am_primary_school":52,"t_su_am_rail_station":65,"t_su_am_supermarket":47,"t_su_am_gp":44,"t_su_am_pharmacy":46,"t_su_am_secondary_school":74,"t_wd_pm_hospital":null,"t_su_am_hospital":null,"c_gp":6,"c_hospital":28,"c_pharmacy":6,"c_primary_school":8,"c_rail_station":14,"c_secondary_school":11,"c_supermarket":6,"p30_wd_am":1263,"p45_wd_am":5915,"p60_wd_am":15331,"p30_wd_pm":763,"p45_wd_pm":1986,"p60_wd_pm":6139,"p30_su_am":763,"p45_su_am":1986,"p60_su_am":7169,"pc30":154149,"pc45":181278,"pc60":184332}},{"type":"Feature","geometry":{"type":"Polygon","coordinates":[[[7.02946,49.53371],[7.04327,49.53407],[7.04272,49.54306],[7.02891,49.54269],[7.02946,49.53371]]]},"properties":{"id":"CRS3035RES1kmN2940000E4106000","pop":515,"ags":"10046114","t_wd_pm_supermarket":47,"t_wd_pm_gp":47,"t_wd_pm_primary_school":52,"t_wd_pm_rail_station":74,"t_wd_pm_pharmacy":46,"t_wd_pm_secondary_school":75,"t_wd_am_primary_school":32,"t_wd_am_rail_station":57,"t_wd_am_supermarket":39,"t_wd_am_hospital":91,"t_wd_am_gp":34,"t_wd_am_pharmacy":37,"t_wd_am_secondary_school":39,"t_su_am_primary_school":52,"t_su_am_rail_station":65,"t_su_am_supermarket":47,"t_su_am_gp":44,"t_su_am_pharmacy":46,"t_su_am_secondary_school":74,"t_wd_pm_hospital":null,"t_su_am_hospital":null,"c_gp":5,"c_hospital":27,"c_pharmacy":7,"c_primary_school":8,"c_rail_station":13,"c_secondary_school":10,"c_supermarket":7,"p30_wd_am":1263,"p45_wd_am":5915,"p60_wd_am":17878,"p30_wd_pm":763,"p45_wd_pm":1986,"p60_wd_pm":6139,"p30_su_am":763,"p45_su_am":1986,"p60_su_am":7169,"pc30":156514,"pc45":181552,"pc60":184353}},{"type":"Feature","geometry":{"type":"Polygon","coordinates":[[[7.04327,49.53407],[7.05707,49.53443],[7.05653,49.54342],[7.04272,49.54306],[7.04327,49.53407]]]},"properties":{"id":"CRS3035RES1kmN2940000E4107000","pop":88,"ags":"10046114","t_wd_pm_supermarket":47,"t_wd_pm_gp":26,"t_wd_pm_primary_school":52,"t_wd_pm_rail_station":71,"t_wd_pm_pharmacy":46,"t_wd_pm_secondary_school":75,"t_wd_am_primary_school":32,"t_wd_am_rail_station":51,"t_wd_am_supermarket":39,"t_wd_am_hospital":88,"t_wd_am_gp":26,"t_wd_am_pharmacy":37,"t_wd_am_secondary_school":39,"t_su_am_primary_school":52,"t_su_am_rail_station":65,"t_su_am_supermarket":47,"t_su_am_gp":26,"t_su_am_pharmacy":46,"t_su_am_secondary_school":74,"t_wd_pm_hospital":null,"t_su_am_hospital":null,"c_gp":3,"c_hospital":27,"c_pharmacy":6,"c_primary_school":7,"c_rail_station":10,"c_secondary_school":9,"c_supermarket":6,"p30_wd_am":1986,"p45_wd_am":5939,"p60_wd_am":19442,"p30_wd_pm":1566,"p45_wd_pm":1986,"p60_wd_pm":8287,"p30_su_am":1566,"p45_su_am":1986,"p60_su_am":7169,"pc30":160639,"pc45":181784,"pc60":184353}},{"type":"Feature","geometry":{"type":"Polygon","coordinates":[[[7.07087,49.53479],[7.08468,49.53515],[7.08414,49.54413],[7.07033,49.54378],[7.07087,49.53479]]]},"properties":{"id":"CRS3035RES1kmN2940000E4109000","pop":15,"ags":"10046114","t_wd_pm_supermarket":55,"t_wd_pm_gp":30,"t_wd_pm_primary_school":60,"t_wd_pm_rail_station":74,"t_wd_pm_pharmacy":54,"t_wd_pm_secondary_school":81,"t_wd_am_primary_school":30,"t_wd_am_rail_station":47,"t_wd_am_supermarket":45,"t_wd_am_hospital":91,"t_wd_am_gp":30,"t_wd_am_pharmacy":54,"t_wd_am_secondary_school":61,"t_su_am_primary_school":60,"t_su_am_rail_station":66,"t_su_am_supermarket":55,"t_su_am_gp":30,"t_su_am_pharmacy":54,"t_su_am_secondary_school":75,"t_wd_pm_hospital":null,"t_su_am_hospital":null,"c_gp":4,"c_hospital":27,"c_pharmacy":8,"c_primary_school":7,"c_rail_station":8,"c_secondary_school":11,"c_supermarket":8,"p30_wd_am":641,"p45_wd_am":2639,"p60_wd_am":9933,"p30_wd_pm":641,"p45_wd_pm":873,"p60_wd_pm":4449,"p30_su_am":641,"p45_su_am":873,"p60_su_am":4776,"pc30":149376,"pc45":181359,"pc60":184353}},{"type":"Feature","geometry":{"type":"Polygon","coordinates":[[[7.08468,49.53515],[7.09848,49.53551],[7.09794,49.54449],[7.08414,49.54413],[7.08468,49.53515]]]},"properties":{"id":"CRS3035RES1kmN2940000E4110000","pop":3,"ags":"10046116","t_wd_pm_supermarket":null,"t_wd_pm_gp":null,"t_wd_pm_primary_school":null,"t_wd_pm_rail_station":null,"t_wd_pm_pharmacy":null,"t_wd_pm_secondary_school":null,"t_wd_am_primary_school":83,"t_wd_am_rail_station":95,"t_wd_am_supermarket":74,"t_wd_am_hospital":null,"t_wd_am_gp":74,"t_wd_am_pharmacy":74,"t_wd_am_secondary_school":102,"t_su_am_primary_school":null,"t_su_am_rail_station":null,"t_su_am_supermarket":null,"t_su_am_gp":null,"t_su_am_pharmacy":null,"t_su_am_secondary_school":null,"t_wd_pm_hospital":null,"t_su_am_hospital":null,"c_gp":6,"c_hospital":26,"c_pharmacy":7,"c_primary_school":9,"c_rail_station":8,"c_secondary_school":14,"c_supermarket":8,"p30_wd_am":907,"p45_wd_am":907,"p60_wd_am":907,"p30_wd_pm":907,"p45_wd_pm":907,"p60_wd_pm":907,"p30_su_am":907,"p45_su_am":907,"p60_su_am":907,"pc30":142245,"pc45":180229,"pc60":184353}},{"type":"Feature","geometry":{"type":"Polygon","coordinates":[[[7.09848,49.53551],[7.11228,49.53586],[7.11175,49.54484],[7.09794,49.54449],[7.09848,49.53551]]]},"properties":{"id":"CRS3035RES1kmN2940000E4111000","pop":115,"ags":"10046116","t_wd_pm_supermarket":null,"t_wd_pm_gp":null,"t_wd_pm_primary_school":null,"t_wd_pm_rail_station":null,"t_wd_pm_pharmacy":null,"t_wd_pm_secondary_school":null,"t_wd_am_primary_school":34,"t_wd_am_rail_station":56,"t_wd_am_supermarket":30,"t_wd_am_hospital":72,"t_wd_am_gp":30,"t_wd_am_pharmacy":30,"t_wd_am_secondary_school":58,"t_su_am_primary_school":null,"t_su_am_rail_station":null,"t_su_am_supermarket":null,"t_su_am_gp":null,"t_su_am_pharmacy":null,"t_su_am_secondary_school":null,"t_wd_pm_hospital":null,"t_su_am_hospital":null,"c_gp":6,"c_hospital":25,"c_pharmacy":7,"c_primary_school":8,"c_rail_station":5,"c_secondary_school":12,"c_supermarket":8,"p30_wd_am":3247,"p45_wd_am":6380,"p60_wd_am":19522,"p30_wd_pm":772,"p45_wd_pm":775,"p60_wd_pm":775,"p30_su_am":772,"p45_su_am":775,"p60_su_am":775,"pc30":138137,"pc45":181373,"pc60":184353}},{"type":"Feature","geometry":{"type":"Polygon","coordinates":[[[7.11228,49.53586],[7.12609,49.53621],[7.12556,49.5452],[7.11175,49.54484],[7.11228,49.53586]]]},"properties":{"id":"CRS3035RES1kmN2940000E4112000","pop":572,"ags":"10046116","t_wd_pm_supermarket":null,"t_wd_pm_gp":null,"t_wd_pm_primary_school":null,"t_wd_pm_rail_station":null,"t_wd_pm_pharmacy":null,"t_wd_pm_secondary_school":null,"t_wd_am_primary_school":25,"t_wd_am_rail_station":25,"t_wd_am_supermarket":25,"t_wd_am_hospital":62,"t_wd_am_gp":25,"t_wd_am_pharmacy":25,"t_wd_am_secondary_school":29,"t_su_am_primary_school":null,"t_su_am_rail_station":null,"t_su_am_supermarket":null,"t_su_am_gp":null,"t_su_am_pharmacy":null,"t_su_am_secondary_school":null,"t_wd_pm_hospital":null,"t_su_am_hospital":null,"c_gp":4,"c_hospital":24,"c_pharmacy":5,"c_primary_school":6,"c_rail_station":4,"c_secondary_school":10,"c_supermarket":6,"p30_wd_am":6354,"p45_wd_am":18941,"p60_wd_am":44473,"p30_wd_pm":878,"p45_wd_pm":878,"p60_wd_pm":878,"p30_su_am":878,"p45_su_am":878,"p60_su_am":878,"pc30":139465,"pc45":181848,"pc60":184353}},{"type":"Feature","geometry":{"type":"Polygon","coordinates":[[[7.12609,49.53621],[7.13989,49.53656],[7.13936,49.54555],[7.12556,49.5452],[7.12609,49.53621]]]},"properties":{"id":"CRS3035RES1kmN2940000E4113000","pop":7,"ags":"10046113","t_wd_pm_supermarket":null,"t_wd_pm_gp":null,"t_wd_pm_primary_school":null,"t_wd_pm_rail_station":null,"t_wd_pm_pharmacy":null,"t_wd_pm_secondary_school":null,"t_wd_am_primary_school":67,"t_wd_am_rail_station":42,"t_wd_am_supermarket":50,"t_wd_am_hospital":89,"t_wd_am_gp":41,"t_wd_am_pharmacy":35,"t_wd_am_secondary_school":79,"t_su_am_primary_school":null,"t_su_am_rail_station":null,"t_su_am_supermarket":null,"t_su_am_gp":null,"t_su_am_pharmacy":null,"t_su_am_secondary_school":null,"t_wd_pm_hospital":null,"t_su_am_hospital":null,"c_gp":5,"c_hospital":23,"c_pharmacy":4,"c_primary_school":8,"c_rail_station":5,"c_secondary_school":13,"c_supermarket":8,"p30_wd_am":678,"p45_wd_am":2790,"p60_wd_am":3781,"p30_wd_pm":678,"p45_wd_pm":678,"p60_wd_pm":678,"p30_su_am":678,"p45_su_am":678,"p60_su_am":678,"pc30":129514,"pc45":180966,"pc60":184353}},{"type":"Feature","geometry":{"type":"Polygon","coordinates":[[[7.13989,49.53656],[7.1537,49.53691],[7.15317,49.5459],[7.13936,49.54555],[7.13989,49.53656]]]},"properties":{"id":"CRS3035RES1kmN2940000E4114000","pop":39,"ags":"10046113","t_wd_pm_supermarket":60,"t_wd_pm_gp":62,"t_wd_pm_primary_school":104,"t_wd_pm_rail_station":57,"t_wd_pm_pharmacy":27,"t_wd_pm_secondary_school":88,"t_wd_am_primary_school":64,"t_wd_am_rail_station":37,"t_wd_am_supermarket":45,"t_wd_am_hospital":87,"t_wd_am_gp":36,"t_wd_am_pharmacy":27,"t_wd_am_secondary_school":76,"t_su_am_primary_school":null,"t_su_am_rail_station":null,"t_su_am_supermarket":null,"t_su_am_gp":null,"t_su_am_pharmacy":27,"t_su_am_secondary_school":null,"t_wd_pm_hospital":null,"t_su_am_hospital":null,"c_gp":4,"c_hospital":22,"c_pharmacy":4,"c_primary_school":9,"c_rail_station":5,"c_secondary_school":13,"c_supermarket":7,"p30_wd_am":2273,"p45_wd_am":2790,"p60_wd_am":3836,"p30_wd_pm":2273,"p45_wd_pm":2273,"p60_wd_pm":4487,"p30_su_am":2273,"p45_su_am":2273,"p60_su_am":2273,"pc30":132693,"pc45":180243,"pc60":184353}},{"type":"Feature","geometry":{"type":"Polygon","coordinates":[[[7.18131,49.5376],[7.19511,49.53795],[7.19459,49.54693],[7.18079,49.54659],[7.18131,49.5376]]]},"properties":{"id":"CRS3035RES1kmN2940000E4117000","pop":86,"ags":"10046111","t_wd_pm_supermarket":57,"t_wd_pm_gp":65,"t_wd_pm_primary_school":92,"t_wd_pm_rail_station":60,"t_wd_pm_pharmacy":55,"t_wd_pm_secondary_school":76,"t_wd_am_primary_school":40,"t_wd_am_rail_station":45,"t_wd_am_supermarket":26,"t_wd_am_hospital":91,"t_wd_am_gp":26,"t_wd_am_pharmacy":27,"t_wd_am_secondary_school":30,"t_su_am_primary_school":59,"t_su_am_rail_station":53,"t_su_am_supermarket":30,"t_su_am_gp":30,"t_su_am_pharmacy":31,"t_su_am_secondary_school":36,"t_wd_pm_hospital":null,"t_su_am_hospital":null,"c_gp":9,"c_hospital":24,"c_pharmacy":8,"c_primary_school":11,"c_rail_station":8,"c_secondary_school":11,"c_supermarket":7,"p30_wd_am":1983,"p45_wd_am":7897,"p60_wd_am":15347,"p30_wd_pm":528,"p45_wd_pm":949,"p60_wd_pm":3311,"p30_su_am":528,"p45_su_am":4081,"p60_su_am":6981,"pc30":116910,"pc45":180451,"pc60":184282}},{"type":"Feature","geometry":{"type":"Polygon","coordinates":[[[7.19511,49.53795],[7.20892,49.53829],[7.2084,49.54728],[7.19459,49.54693],[7.19511,49.53795]]]},"properties":{"id":"CRS3035RES1kmN2940000E4118000","pop":4,"ags":"10046111","t_wd_pm_supermarket":57,"t_wd_pm_gp":65,"t_wd_pm_primary_school":92,"t_wd_pm_rail_station":60,"t_wd_pm_pharmacy":55,"t_wd_pm_secondary_school":76,"t_wd_am_primary_school":41,"t_wd_am_rail_station":46,"t_wd_am_supermarket":26,"t_wd_am_hospital":91,"t_wd_am_gp":27,"t_wd_am_pharmacy":28,"t_wd_am_secondary_school":31,"t_su_am_primary_school":60,"t_su_am_rail_station":54,"t_su_am_supermarket":31,"t_su_am_gp":31,"t_su_am_pharmacy":32,"t_su_am_secondary_school":37,"t_wd_pm_hospital":null,"t_su_am_hospital":null,"c_gp":8,"c_hospital":24,"c_pharmacy":9,"c_primary_school":10,"c_rail_station":8,"c_secondary_school":11,"c_supermarket":7,"p30_wd_am":1983,"p45_wd_am":6156,"p60_wd_am":12107,"p30_wd_pm":528,"p45_wd_pm":528,"p60_wd_pm":1883,"p30_su_am":528,"p45_su_am":3660,"p60_su_am":6366,"pc30":117463,"pc45":180451,"pc60":184282}},{"type":"Feature","geometry":{"type":"Polygon","coordinates":[[[7.23653,49.53897],[7.25033,49.53931],[7.24982,49.54829],[7.23602,49.54796],[7.23653,49.53897]]]},"properties":{"id":"CRS3035RES1kmN2940000E4121000","pop":226,"ags":"10046111","t_wd_pm_supermarket":11,"t_wd_pm_gp":6,"t_wd_pm_primary_school":79,"t_wd_pm_rail_station":77,"t_wd_pm_pharmacy":10,"t_wd_pm_secondary_school":6,"t_wd_am_primary_school":33,"t_wd_am_rail_station":46,"t_wd_am_supermarket":11,"t_wd_am_hospital":91,"t_wd_am_gp":6,"t_wd_am_pharmacy":10,"t_wd_am_secondary_school":6,"t_su_am_primary_school":50,"t_su_am_rail_station":44,"t_su_am_supermarket":11,"t_su_am_gp":6,"t_su_am_pharmacy":10,"t_su_am_secondary_school":6,"t_wd_pm_hospital":null,"t_su_am_hospital":null,"c_gp":2,"c_hospital":29,"c_pharmacy":2,"c_primary_school":9,"c_rail_station":14,"c_secondary_school":4,"c_supermarket":4,"p30_wd_am":2739,"p45_wd_am":5783,"p60_wd_am":12954,"p30_wd_pm":2739,"p45_wd_pm":2739,"p60_wd_pm":2908,"p30_su_am":2739,"p45_su_am":4576,"p60_su_am":10339,"pc30":90740,"pc45":172958,"pc60":183764}},{"type":"Feature","geometry":{"type":"Polygon","coordinates":[[[7.25033,49.53931],[7.26414,49.53964],[7.26363,49.54863],[7.24982,49.54829],[7.25033,49.53931]]]},"properties":{"id":"CRS3035RES1kmN2940000E4122000","pop":160,"ags":"10046111","t_wd_pm_supermarket":16,"t_wd_pm_gp":1,"t_wd_pm_primary_school":79,"t_wd_pm_rail_station":77,"t_wd_pm_pharmacy":9,"t_wd_pm_secondary_school":2,"t_wd_am_primary_school":33,"t_wd_am_rail_station":46,"t_wd_am_supermarket":16,"t_wd_am_hospital":91,"t_wd_am_gp":1,"t_wd_am_pharmacy":9,"t_wd_am_secondary_school":2,"t_su_am_primary_school":50,"t_su_am_rail_station":44,"t_su_am_supermarket":16,"t_su_am_gp":1,"t_su_am_pharmacy":9,"t_su_am_secondary_school":2,"t_wd_pm_hospital":null,"t_su_am_hospital":null,"c_gp":0,"c_hospital":28,"c_pharmacy":2,"c_primary_school":6,"c_rail_station":13,"c_secondary_school":2,"c_supermarket":4,"p30_wd_am":2892,"p45_wd_am":6581,"p60_wd_am":12954,"p30_wd_pm":2892,"p45_wd_pm":2892,"p60_wd_pm":3061,"p30_su_am":2892,"p45_su_am":4729,"p60_su_am":10492,"pc30":96726,"pc45":173655,"pc60":183764}},{"type":"Feature","geometry":{"type":"Polygon","coordinates":[[[6.95989,49.54086],[6.97369,49.54123],[6.97313,49.55021],[6.95933,49.54984],[6.95989,49.54086]]]},"properties":{"id":"CRS3035RES1kmN2941000E4101000","pop":9,"ags":"10046115","t_wd_pm_supermarket":11,"t_wd_pm_gp":55,"t_wd_pm_primary_school":22,"t_wd_pm_rail_station":74,"t_wd_pm_pharmacy":15,"t_wd_pm_secondary_school":75,"t_wd_am_primary_school":22,"t_wd_am_rail_station":64,"t_wd_am_supermarket":11,"t_wd_am_hospital":91,"t_wd_am_gp":40,"t_wd_am_pharmacy":15,"t_wd_am_secondary_school":44,"t_su_am_primary_school":22,"t_su_am_rail_station":null,"t_su_am_supermarket":11,"t_su_am_gp":64,"t_su_am_pharmacy":15,"t_su_am_secondary_school":75,"t_wd_pm_hospital":null,"t_su_am_hospital":null,"c_gp":8,"c_hospital":33,"c_pharmacy":2,"c_primary_school":5,"c_rail_station":16,"c_secondary_school":13,"c_supermarket":2,"p30_wd_am":2091,"p45_wd_am":7556,"p60_wd_am":16546,"p30_wd_pm":2091,"p45_wd_pm":2374,"p60_wd_pm":5979,"p30_su_am":2091,"p45_su_am":2091,"p60_su_am":3401,"pc30":140851,"pc45":179818,"pc60":184135}},{"type":"Feature","geometry":{"type":"Polygon","coordinates":[[[6.97369,49.54123],[6.9875,49.5416],[6.98694,49.55058],[6.97313,49.55021],[6.97369,49.54123]]]},"properties":{"id":"CRS3035RES1kmN2941000E4102000","pop":131,"ags":"10046115","t_wd_pm_supermarket":10,"t_wd_pm_gp":55,"t_wd_pm_primary_school":21,"t_wd_pm_rail_station":74,"t_wd_pm_pharmacy":14,"t_wd_pm_secondary_school":75,"t_wd_am_primary_school":21,"t_wd_am_rail_station":60,"t_wd_am_supermarket":10,"t_wd_am_hospital":91,"t_wd_am_gp":41,"t_wd_am_pharmacy":14,"t_wd_am_secondary_school":40,"t_su_am_primary_school":21,"t_su_am_rail_station":null,"t_su_am_supermarket":10,"t_su_am_gp":64,"t_su_am_pharmacy":14,"t_su_am_secondary_school":75,"t_wd_pm_hospital":null,"t_su_am_hospital":null,"c_gp":10,"c_hospital":33,"c_pharmacy":3,"c_primary_school":6,"c_rail_station":16,"c_secondary_school":13,"c_supermarket":3,"p30_wd_am":2091,"p45_wd_am":7559,"p60_wd_am":18440,"p30_wd_pm":2091,"p45_wd_pm":2374,"p60_wd_pm":5979,"p30_su_am":2091,"p45_su_am":2091,"p60_su_am":3401,"pc30":140033,"pc45":179729,"pc60":184135}},{"type":"Feature","geometry":{"type":"Polygon","coordinates":[[[7.0013,49.54196],[7.01511,49.54233],[7.01456,49.55131],[7.00075,49.55095],[7.0013,49.54196]]]},"properties":{"id":"CRS3035RES1kmN2941000E4104000","pop":134,"ags":"10046114","t_wd_pm_supermarket":47,"t_wd_pm_gp":55,"t_wd_pm_primary_school":52,"t_wd_pm_rail_station":74,"t_wd_pm_pharmacy":46,"t_wd_pm_secondary_school":75,"t_wd_am_primary_school":28,"t_wd_am_rail_station":47,"t_wd_am_supermarket":42,"t_wd_am_hospital":91,"t_wd_am_gp":23,"t_wd_am_pharmacy":45,"t_wd_am_secondary_school":45,"t_su_am_primary_school":52,"t_su_am_rail_station":114,"t_su_am_supermarket":47,"t_su_am_gp":64,"t_su_am_pharmacy":46,"t_su_am_secondary_school":75,"t_wd_pm_hospital":null,"t_su_am_hospital":null,"c_gp":9,"c_hospital":33,"c_pharmacy":5,"c_primary_school":8,"c_rail_station":16,"c_secondary_school":13,"c_supermarket":5,"p30_wd_am":2304,"p45_wd_am":6175,"p60_wd_am":15662,"p30_wd_pm":576,"p45_wd_pm":576,"p60_wd_pm":5979,"p30_su_am":576,"p45_su_am":576,"p60_su_am":3977,"pc30":138653,"pc45":179876,"pc60":184135}},{"type":"Feature","geometry":{"type":"Polygon","coordinates":[[[7.01511,49.54233],[7.02891,49.54269],[7.02836,49.55168],[7.01456,49.55131],[7.01511,49.54233]]]},"properties":{"id":"CRS3035RES1kmN2941000E4105000","pop":13,"ags":"10046114","t_wd_pm_supermarket":47,"t_wd_pm_gp":55,"t_wd_pm_primary_school":52,"t_wd_pm_rail_station":74,"t_wd_pm_pharmacy":46,"t_wd_pm_secondary_school":75,"t_wd_am_primary_school":32,"t_wd_am_rail_station":50,"t_wd_am_supermarket":46,"t_wd_am_hospital":91,"t_wd_am_gp":27,"t_wd_am_pharmacy":45,"t_wd_am_secondary_school":48,"t_su_am_primary_school":52,"t_su_am_rail_station":119,"t_su_am_supermarket":47,"t_su_am_gp":64,"t_su_am_pharmacy":46,"t_su_am_secondary_school":75,"t_wd_pm_hospital":null,"t_su_am_hospital":null,"c_gp":9,"c_hospital":34,"c_pharmacy":8,"c_primary_school":11,"c_rail_station":16,"c_secondary_school":16,"c_supermarket":8,"p30_wd_am":1382,"p45_wd_am":3971,"p60_wd_am":15588,"p30_wd_pm":576,"p45_wd_pm":576,"p60_wd_pm":5979,"p30_su_am":576,"p45_su_am":576,"p60_su_am":3977,"pc30":131491,"pc45":177873,"pc60":184064}},{"type":"Feature","geometry":{"type":"Polygon","coordinates":[[[7.04272,49.54306],[7.05653,49.54342],[7.05598,49.5524],[7.04217,49.55204],[7.04272,49.54306]]]},"properties":{"id":"CRS3035RES1kmN2941000E4107000","pop":217,"ags":"10046114","t_wd_pm_supermarket":47,"t_wd_pm_gp":10,"t_wd_pm_primary_school":52,"t_wd_pm_rail_station":74,"t_wd_pm_pharmacy":46,"t_wd_pm_secondary_school":75,"t_wd_am_primary_school":24,"t_wd_am_rail_station":30,"t_wd_am_supermarket":36,"t_wd_am_hospital":91,"t_wd_am_gp":10,"t_wd_am_pharmacy":31,"t_wd_am_secondary_school":33,"t_su_am_primary_school":52,"t_su_am_rail_station":65,"t_su_am_supermarket":47,"t_su_am_gp":10,"t_su_am_pharmacy":46,"t_su_am_secondary_school":74,"t_wd_pm_hospital":null,"t_su_am_hospital":null,"c_gp":3,"c_hospital":29,"c_pharmacy":8,"c_primary_school":7,"c_rail_station":10,"c_secondary_school":11,"c_supermarket":8,"p30_wd_am":2981,"p45_wd_am":6763,"p60_wd_am":18665,"p30_wd_pm":928,"p45_wd_pm":1860,"p60_wd_pm":6173,"p30_su_am":928,"p45_su_am":1860,"p60_su_am":7184,"pc30":153351,"pc45":180641,"pc60":184353}},{"type":"Feature","geometry":{"type":"Polygon","coordinates":[[[7.05653,49.54342],[7.07033,49.54378],[7.06979,49.55276],[7.05598,49.5524],[7.05653,49.54342]]]},"properties":{"id":"CRS3035RES1kmN2941000E4108000","pop":586,"ags":"10046114","t_wd_pm_supermarket":47,"t_wd_pm_gp":3,"t_wd_pm_primary_school":52,"t_wd_pm_rail_station":74,"t_wd_pm_pharmacy":46,"t_wd_pm_secondary_school":75,"t_wd_am_primary_school":21,"t_wd_am_rail_station":25,"t_wd_am_supermarket":32,"t_wd_am_hospital":88,"t_wd_am_gp":3,"t_wd_am_pharmacy":26,"t_wd_am_secondary_school":28,"t_su_am_primary_school":52,"t_su_am_rail_station":65,"t_su_am_supermarket":47,"t_su_am_gp":3,"t_su_am_pharmacy":46,"t_su_am_secondary_school":74,"t_wd_pm_hospital":null,"t_su_am_hospital":null,"c_gp":1,"c_hospital":28,"c_pharmacy":8,"c_primary_school":7,"c_rail_station":9,"c_secondary_school":11,"c_supermarket":8,"p30_wd_am":3617,"p45_wd_am":7379,"p60_wd_am":21352,"p30_wd_pm":943,"p45_wd_pm":1360,"p60_wd_pm":6267,"p30_su_am":943,"p45_su_am":1360,"p60_su_am":6524,"pc30":154418,"pc45":181364,"pc60":184353}},{"type":"Feature","geometry":{"type":"Polygon","coordinates":[[[7.07033,49.54378],[7.08414,49.54413],[7.0836,49.55312],[7.06979,49.55276],[7.07033,49.54378]]]},"properties":{"id":"CRS3035RES1kmN2941000E4109000","pop":15,"ags":"10046114","t_wd_pm_supermarket":50,"t_wd_pm_gp":22,"t_wd_pm_primary_school":55,"t_wd_pm_rail_station":74,"t_wd_pm_pharmacy":49,"t_wd_pm_secondary_school":78,"t_wd_am_primary_school":25,"t_wd_am_rail_station":40,"t_wd_am_supermarket":37,"t_wd_am_hospital":91,"t_wd_am_gp":22,"t_wd_am_pharmacy":41,"t_wd_am_secondary_school":49,"t_su_am_primary_school":55,"t_su_am_rail_station":65,"t_su_am_supermarket":50,"t_su_am_gp":22,"t_su_am_pharmacy":49,"t_su_am_secondary_school":74,"t_wd_pm_hospital":null,"t_su_am_hospital":null,"c_gp":3,"c_hospital":27,"c_pharmacy":7,"c_primary_school":5,"c_rail_station":8,"c_secondary_school":10,"c_supermarket":8,"p30_wd_am":1682,"p45_wd_am":4153,"p60_wd_am":14489,"p30_wd_pm":1010,"p45_wd_pm":1010,"p60_wd_pm":6186,"p30_su_am":1010,"p45_su_am":1010,"p60_su_am":6594,"pc30":149899,"pc45":181545,"pc60":184353}},{"type":"Feature","geometry":{"type":"Polygon","coordinates":[[[7.08414,49.54413],[7.09794,49.54449],[7.09741,49.55347],[7.0836,49.55312],[7.08414,49.54413]]]},"properties":{"id":"CRS3035RES1kmN2941000E4110000","pop":3,"ags":"10046114","t_wd_pm_supermarket":47,"t_wd_pm_gp":55,"t_wd_pm_primary_school":48,"t_wd_pm_rail_station":null,"t_wd_pm_pharmacy":null,"t_wd_pm_secondary_school":null,"t_wd_am_primary_school":36,"t_wd_am_rail_station":50,"t_wd_am_supermarket":45,"t_wd_am_hospital":104,"t_wd_am_gp":53,"t_wd_am_pharmacy":59,"t_wd_am_secondary_school":64,"t_su_am_primary_school":62,"t_su_am_rail_station":65,"t_su_am_supermarket":67,"t_su_am_gp":66,"t_su_am_pharmacy":66,"t_su_am_secondary_school":74,"t_wd_pm_hospital":null,"t_su_am_hospital":null,"c_gp":8,"c_hospital":30,"c_pharmacy":9,"c_primary_school":8,"c_rail_station":8,"c_secondary_school":12,"c_supermarket":10,"p30_wd_am":195,"p45_wd_am":954,"p60_wd_am":5374,"p30_wd_pm":195,"p45_wd_pm":195,"p60_wd_pm":2477,"p30_su_am":195,"p45_su_am":195,"p60_su_am":195,"pc30":123968,"pc45":180662,"pc60":184353}},{"type":"Feature","geometry":{"type":"Polygon","coordinates":[[[7.09794,49.54449],[7.11175,49.54484],[7.11122,49.55383],[7.09741,49.55347],[7.09794,49.54449]]]},"properties":{"id":"CRS3035RES1kmN2941000E4111000","pop":15,"ags":"10046116","t_wd_pm_supermarket":null,"t_wd_pm_gp":null,"t_wd_pm_primary_school":null,"t_wd_pm_rail_station":null,"t_wd_pm_pharmacy":null,"t_wd_pm_secondary_school":null,"t_wd_am_primary_school":79,"t_wd_am_rail_station":91,"t_wd_am_supermarket":70,"t_wd_am_hospital":null,"t_wd_am_gp":70,"t_wd_am_pharmacy":70,"t_wd_am_secondary_school":98,"t_su_am_primary_school":null,"t_su_am_rail_station":null,"t_su_am_supermarket":null,"t_su_am_gp":null,"t_su_am_pharmacy":null,"t_su_am_secondary_school":null,"t_wd_pm_hospital":null,"t_su_am_hospital":null,"c_gp":8,"c_hospital":28,"c_pharmacy":10,"c_primary_school":8,"c_rail_station":6,"c_secondary_school":13,"c_supermarket":11,"p30_wd_am":775,"p45_wd_am":775,"p60_wd_am":775,"p30_wd_pm":775,"p45_wd_pm":775,"p60_wd_pm":775,"p30_su_am":775,"p45_su_am":775,"p60_su_am":775,"pc30":130610,"pc45":180952,"pc60":184353}},{"type":"Feature","geometry":{"type":"Polygon","coordinates":[[[7.15317,49.5459],[7.16698,49.54624],[7.16645,49.55523],[7.15264,49.55488],[7.15317,49.5459]]]},"properties":{"id":"CRS3035RES1kmN2941000E4115000","pop":240,"ags":"10046114","t_wd_pm_supermarket":57,"t_wd_pm_gp":65,"t_wd_pm_primary_school":92,"t_wd_pm_rail_station":60,"t_wd_pm_pharmacy":55,"t_wd_pm_secondary_school":76,"t_wd_am_primary_school":27,"t_wd_am_rail_station":27,"t_wd_am_supermarket":29,"t_wd_am_hospital":97,"t_wd_am_gp":28,"t_wd_am_pharmacy":27,"t_wd_am_secondary_school":30,"t_su_am_primary_school":58,"t_su_am_rail_station":52,"t_su_am_supermarket":29,"t_su_am_gp":29,"t_su_am_pharmacy":30,"t_su_am_secondary_school":35,"t_wd_pm_hospital":null,"t_su_am_hospital":null,"c_gp":8,"c_hospital":24,"c_pharmacy":8,"c_primary_school":7,"c_rail_station":3,"c_secondary_school":12,"c_supermarket":8,"p30_wd_am":2265,"p45_wd_am":11047,"p60_wd_am":19688,"p30_wd_pm":375,"p45_wd_pm":375,"p60_wd_pm":1730,"p30_su_am":1035,"p45_su_am":5010,"p60_su_am":8262,"pc30":128241,"pc45":181995,"pc60":184353}},{"type":"Feature","geometry":{"type":"Polygon","coordinates":[[[7.18079,49.54659],[7.19459,49.54693],[7.19407,49.55592],[7.18026,49.55557],[7.18079,49.54659]]]},"properties":{"id":"CRS3035RES1kmN2941000E4117000","pop":134,"ags":"10046111","t_wd_pm_supermarket":57,"t_wd_pm_gp":65,"t_wd_pm_primary_school":92,"t_wd_pm_rail_station":60,"t_wd_pm_pharmacy":55,"t_wd_pm_secondary_school":76,"t_wd_am_primary_school":37,"t_wd_am_rail_station":38,"t_wd_am_supermarket":24,"t_wd_am_hospital":91,"t_wd_am_gp":25,"t_wd_am_pharmacy":26,"t_wd_am_secondary_school":29,"t_su_am_primary_school":52,"t_su_am_rail_station":46,"t_su_am_supermarket":23,"t_su_am_gp":23,"t_su_am_pharmacy":24,"t_su_am_secondary_school":29,"t_wd_pm_hospital":null,"t_su_am_hospital":null,"c_gp":6,"c_hospital":23,"c_pharmacy":7,"c_primary_school":10,"c_rail_station":7,"c_secondary_school":9,"c_supermarket":5,"p30_wd_am":2209,"p45_wd_am":7953,"p60_wd_am":12583,"p30_wd_pm":754,"p45_wd_pm":754,"p60_wd_pm":1883,"p30_su_am":3340,"p45_su_am":5196,"p60_su_am":11065,"pc30":127040,"pc45":180627,"pc60":184334}},{"type":"Feature","geometry":{"type":"Polygon","coordinates":[[[7.19459,49.54693],[7.2084,49.54728],[7.20788,49.55626],[7.19407,49.55592],[7.19459,49.54693]]]},"properties":{"id":"CRS3035RES1kmN2941000E4118000","pop":292,"ags":"10046111","t_wd_pm_supermarket":57,"t_wd_pm_gp":65,"t_wd_pm_primary_school":92,"t_wd_pm_rail_station":60,"t_wd_pm_pharmacy":55,"t_wd_pm_secondary_school":76,"t_wd_am_primary_school":39,"t_wd_am_rail_station":43,"t_wd_am_supermarket":25,"t_wd_am_hospital":91,"t_wd_am_gp":26,"t_wd_am_pharmacy":27,"t_wd_am_secondary_school":30,"t_su_am_primary_school":55,"t_su_am_rail_station":49,"t_su_am_supermarket":26,"t_su_am_gp":26,"t_su_am_pharmacy":27,"t_su_am_secondary_school":32,"t_wd_pm_hospital":null,"t_su_am_hospital":null,"c_gp":6,"c_hospital":25,"c_pharmacy":6,"c_primary_school":11,"c_rail_station":8,"c_secondary_school":9,"c_supermarket":5,"p30_wd_am":1979,"p45_wd_am":6798,"p60_wd_am":12149,"p30_wd_pm":524,"p45_wd_pm":524,"p60_wd_pm":1879,"p30_su_am":1819,"p45_su_am":4920,"p60_su_am":10348,"pc30":116521,"pc45":180451,"pc60":184282}},{"type":"Feature","geometry":{"type":"Polygon","coordinates":[[[7.22221,49.54762],[7.23602,49.54796],[7.23551,49.55694],[7.22169,49.5566],[7.22221,49.54762]]]},"properties":{"id":"CRS3035RES1kmN2941000E4120000","pop":6,"ags":"10046111","t_wd_pm_supermarket":9,"t_wd_pm_gp":17,"t_wd_pm_primary_school":79,"t_wd_pm_rail_station":77,"t_wd_pm_pharmacy":17,"t_wd_pm_secondary_school":24,"t_wd_am_primary_school":39,"t_wd_am_rail_station":46,"t_wd_am_supermarket":9,"t_wd_am_hospital":91,"t_wd_am_gp":17,"t_wd_am_pharmacy":17,"t_wd_am_secondary_school":24,"t_su_am_primary_school":50,"t_su_am_rail_station":44,"t_su_am_supermarket":9,"t_su_am_gp":17,"t_su_am_pharmacy":17,"t_su_am_secondary_school":24,"t_wd_pm_hospital":null,"t_su_am_hospital":null,"c_gp":4,"c_hospital":25,"c_pharmacy":4,"c_primary_school":9,"c_rail_station":9,"c_secondary_school":6,"c_supermarket":2,"p30_wd_am":2739,"p45_wd_am":5777,"p60_wd_am":12143,"p30_wd_pm":2739,"p45_wd_pm":2739,"p60_wd_pm":2908,"p30_su_am":2739,"p45_su_am":4576,"p60_su_am":10339,"pc30":114577,"pc45":180876,"pc60":184282}},{"type":"Feature","geometry":{"type":"Polygon","coordinates":[[[7.23602,49.54796],[7.24982,49.54829],[7.24932,49.55728],[7.23551,49.55694],[7.23602,49.54796]]]},"properties":{"id":"CRS3035RES1kmN2941000E4121000","pop":1295,"ags":"10046111","t_wd_pm_supermarket":7,"t_wd_pm_gp":4,"t_wd_pm_primary_school":79,"t_wd_pm_rail_station":77,"t_wd_pm_pharmacy":6,"t_wd_pm_secondary_school":11,"t_wd_am_primary_school":33,"t_wd_am_rail_station":46,"t_wd_am_supermarket":7,"t_wd_am_hospital":91,"t_wd_am_gp":4,"t_wd_am_pharmacy":6,"t_wd_am_secondary_school":11,"t_su_am_primary_school":50,"t_su_am_rail_station":44,"t_su_am_supermarket":7,"t_su_am_gp":4,"t_su_am_pharmacy":6,"t_su_am_secondary_school":11,"t_wd_pm_hospital":null,"t_su_am_hospital":null,"c_gp":1,"c_hospital":28,"c_pharmacy":1,"c_primary_school":8,"c_rail_station":12,"c_secondary_school":4,"c_supermarket":1,"p30_wd_am":2739,"p45_wd_am":6581,"p60_wd_am":12954,"p30_wd_pm":2739,"p45_wd_pm":2739,"p60_wd_pm":2908,"p30_su_am":2739,"p45_su_am":4576,"p60_su_am":10339,"pc30":100759,"pc45":176615,"pc60":183816}},{"type":"Feature","geometry":{"type":"Polygon","coordinates":[[[7.24982,49.54829],[7.26363,49.54863],[7.26313,49.55761],[7.24932,49.55728],[7.24982,49.54829]]]},"properties":{"id":"CRS3035RES1kmN2941000E4122000","pop":905,"ags":"10046111","t_wd_pm_supermarket":16,"t_wd_pm_gp":7,"t_wd_pm_primary_school":79,"t_wd_pm_rail_station":77,"t_wd_pm_pharmacy":7,"t_wd_pm_secondary_school":8,"t_wd_am_primary_school":33,"t_wd_am_rail_station":46,"t_wd_am_supermarket":16,"t_wd_am_hospital":91,"t_wd_am_gp":7,"t_wd_am_pharmacy":7,"t_wd_am_secondary_school":8,"t_su_am_primary_school":50,"t_su_am_rail_station":44,"t_su_am_supermarket":16,"t_su_am_gp":7,"t_su_am_pharmacy":7,"t_su_am_secondary_school":8,"t_wd_pm_hospital":null,"t_su_am_hospital":null,"c_gp":3,"c_hospital":31,"c_pharmacy":3,"c_primary_school":9,"c_rail_station":15,"c_secondary_school":3,"c_supermarket":5,"p30_wd_am":2747,"p45_wd_am":5791,"p60_wd_am":12962,"p30_wd_pm":2747,"p45_wd_pm":2747,"p60_wd_pm":2916,"p30_su_am":2747,"p45_su_am":4584,"p60_su_am":10347,"pc30":83941,"pc45":166249,"pc60":183764}},{"type":"Feature","geometry":{"type":"Polygon","coordinates":[[[7.26363,49.54863],[7.27744,49.54896],[7.27694,49.55795],[7.26313,49.55761],[7.26363,49.54863]]]},"properties":{"id":"CRS3035RES1kmN2941000E4123000","pop":8,"ags":"10046111","t_wd_pm_supermarket":58,"t_wd_pm_gp":27,"t_wd_pm_primary_school":79,"t_wd_pm_rail_station":77,"t_wd_pm_pharmacy":27,"t_wd_pm_secondary_school":69,"t_wd_am_primary_school":75,"t_wd_am_rail_station":73,"t_wd_am_supermarket":41,"t_wd_am_hospital":98,"t_wd_am_gp":27,"t_wd_am_pharmacy":27,"t_wd_am_secondary_school":38,"t_su_am_primary_school":93,"t_su_am_rail_station":85,"t_su_am_supermarket":56,"t_su_am_gp":27,"t_su_am_pharmacy":27,"t_su_am_secondary_school":60,"t_wd_pm_hospital":null,"t_su_am_hospital":null,"c_gp":4,"c_hospital":31,"c_pharmacy":5,"c_primary_school":10,"c_rail_station":16,"c_secondary_school":7,"c_supermarket":6,"p30_wd_am":913,"p45_wd_am":2772,"p60_wd_am":4977,"p30_wd_pm":913,"p45_wd_pm":1091,"p60_wd_pm":2121,"p30_su_am":913,"p45_su_am":1091,"p60_su_am":3247,"pc30":75604,"pc45":160548,"pc60":182797}},{"type":"Feature","geometry":{"type":"Polygon","coordinates":[[[7.00075,49.55095],[7.01456,49.55131],[7.014,49.5603],[7.00019,49.55993],[7.00075,49.55095]]]},"properties":{"id":"CRS3035RES1kmN2942000E4104000","pop":146,"ags":"10046114","t_wd_pm_supermarket":47,"t_wd_pm_gp":55,"t_wd_pm_primary_school":52,"t_wd_pm_rail_station":74,"t_wd_pm_pharmacy":46,"t_wd_pm_secondary_school":75,"t_wd_am_primary_school":32,"t_wd_am_rail_station":50,"t_wd_am_supermarket":46,"t_wd_am_hospital":91,"t_wd_am_gp":27,"t_wd_am_pharmacy":45,"t_wd_am_secondary_school":48,"t_su_am_primary_school":52,"t_su_am_rail_station":119,"t_su_am_supermarket":47,"t_su_am_gp":64,"t_su_am_pharmacy":46,"t_su_am_secondary_school":75,"t_wd_pm_hospital":null,"t_su_am_hospital":null,"c_gp":9,"c_hospital":34,"c_pharmacy":6,"c_primary_school":9,"c_rail_station":16,"c_secondary_school":14,"c_supermarket":5,"p30_wd_am":1382,"p45_wd_am":3971,"p60_wd_am":15588,"p30_wd_pm":576,"p45_wd_pm":576,"p60_wd_pm":5979,"p30_su_am":576,"p45_su_am":576,"p60_su_am":3977,"pc30":136875,"pc45":178746,"pc60":184135}},{"type":"Feature","geometry":{"type":"Polygon","coordinates":[[[7.01456,49.55131],[7.02836,49.55168],[7.02781,49.56066],[7.014,49.5603],[7.01456,49.55131]]]},"properties":{"id":"CRS3035RES1kmN2942000E4105000","pop":283,"ags":"10046114","t_wd_pm_supermarket":47,"t_wd_pm_gp":55,"t_wd_pm_primary_school":52,"t_wd_pm_rail_station":74,"t_wd_pm_pharmacy":46,"t_wd_pm_secondary_school":75,"t_wd_am_primary_school":26,"t_wd_am_rail_station":44,"t_wd_am_supermarket":39,"t_wd_am_hospital":91,"t_wd_am_gp":20,"t_wd_am_pharmacy":44,"t_wd_am_secondary_school":43,"t_su_am_primary_school":52,"t_su_am_rail_station":114,"t_su_am_supermarket":47,"t_su_am_gp":64,"t_su_am_pharmacy":46,"t_su_am_secondary_school":75,"t_wd_pm_hospital":null,"t_su_am_hospital":null,"c_gp":6,"c_hospital":32,"c_pharmacy":5,"c_primary_school":8,"c_rail_station":13,"c_secondary_school":14,"c_supermarket":5,"p30_wd_am":2819,"p45_wd_am":6479,"p60_wd_am":16497,"p30_wd_pm":576,"p45_wd_pm":579,"p60_wd_pm":5979,"p30_su_am":576,"p45_su_am":579,"p60_su_am":3980,"pc30":146486,"pc45":180105,"pc60":184282}},{"type":"Feature","geometry":{"type":"Polygon","coordinates":[[[7.02836,49.55168],[7.04217,49.55204],[7.04163,49.56103],[7.02781,49.56066],[7.02836,49.55168]]]},"properties":{"id":"CRS3035RES1kmN2942000E4106000","pop":3,"ags":"10046114","t_wd_pm_supermarket":47,"t_wd_pm_gp":23,"t_wd_pm_primary_school":52,"t_wd_pm_rail_station":74,"t_wd_pm_pharmacy":46,"t_wd_pm_secondary_school":75,"t_wd_am_primary_school":27,"t_wd_am_rail_station":46,"t_wd_am_supermarket":41,"t_wd_am_hospital":91,"t_wd_am_gp":21,"t_wd_am_pharmacy":45,"t_wd_am_secondary_school":44,"t_su_am_primary_school":52,"t_su_am_rail_station":65,"t_su_am_supermarket":47,"t_su_am_gp":23,"t_su_am_pharmacy":46,"t_su_am_secondary_school":74,"t_wd_pm_hospital":null,"t_su_am_hospital":null,"c_gp":4,"c_hospital":31,"c_pharmacy":9,"c_primary_school":10,"c_rail_station":12,"c_secondary_school":14,"c_supermarket":9,"p30_wd_am":2304,"p45_wd_am":6476,"p60_wd_am":15662,"p30_wd_pm":806,"p45_wd_pm":1223,"p60_wd_pm":5979,"p30_su_am":806,"p45_su_am":1223,"p60_su_am":6406,"pc30":142003,"pc45":179227,"pc60":184353}},{"type":"Feature","geometry":{"type":"Polygon","coordinates":[[[7.06979,49.55276],[7.0836,49.55312],[7.08306,49.5621],[7.06925,49.56175],[7.06979,49.55276]]]},"properties":{"id":"CRS3035RES1kmN2942000E4109000","pop":19,"ags":"10046114","t_wd_pm_supermarket":29,"t_wd_pm_gp":17,"t_wd_pm_primary_school":33,"t_wd_pm_rail_station":74,"t_wd_pm_pharmacy":51,"t_wd_pm_secondary_school":80,"t_wd_am_primary_school":24,"t_wd_am_rail_station":30,"t_wd_am_supermarket":29,"t_wd_am_hospital":90,"t_wd_am_gp":17,"t_wd_am_pharmacy":31,"t_wd_am_secondary_school":33,"t_su_am_primary_school":33,"t_su_am_rail_station":65,"t_su_am_supermarket":29,"t_su_am_gp":17,"t_su_am_pharmacy":51,"t_su_am_secondary_school":74,"t_wd_pm_hospital":null,"t_su_am_hospital":null,"c_gp":2,"c_hospital":29,"c_pharmacy":7,"c_primary_school":6,"c_rail_station":8,"c_secondary_school":10,"c_supermarket":9,"p30_wd_am":1835,"p45_wd_am":4044,"p60_wd_am":15024,"p30_wd_pm":1004,"p45_wd_pm":1676,"p60_wd_pm":6956,"p30_su_am":1004,"p45_su_am":1676,"p60_su_am":5910,"pc30":146539,"pc45":181085,"pc60":184353}},{"type":"Feature","geometry":{"type":"Polygon","coordinates":[[[7.0836,49.55312],[7.09741,49.55347],[7.09687,49.56246],[7.08306,49.5621],[7.0836,49.55312]]]},"properties":{"id":"CRS3035RES1kmN2942000E4110000","pop":128,"ags":"10046114","t_wd_pm_supermarket":24,"t_wd_pm_gp":42,"t_wd_pm_primary_school":15,"t_wd_pm_rail_station":null,"t_wd_pm_pharmacy":null,"t_wd_pm_secondary_school":null,"t_wd_am_primary_school":15,"t_wd_am_rail_station":23,"t_wd_am_supermarket":24,"t_wd_am_hospital":86,"t_wd_am_gp":24,"t_wd_am_pharmacy":24,"t_wd_am_secondary_school":26,"t_su_am_primary_school":15,"t_su_am_rail_station":65,"t_su_am_supermarket":24,"t_su_am_gp":66,"t_su_am_pharmacy":66,"t_su_am_secondary_school":74,"t_wd_pm_hospital":null,"t_su_am_hospital":null,"c_gp":3,"c_hospital":30,"c_pharmacy":6,"c_primary_school":4,"c_rail_station":7,"c_secondary_school":9,"c_supermarket":7,"p30_wd_am":1620,"p45_wd_am":5571,"p60_wd_am":15844,"p30_wd_pm":948,"p45_wd_pm":2471,"p60_wd_pm":3447,"p30_su_am":948,"p45_su_am":948,"p60_su_am":948,"pc30":145810,"pc45":180256,"pc60":184353}},{"type":"Feature","geometry":{"type":"Polygon","coordinates":[[[7.11122,49.55383],[7.12502,49.55418],[7.12449,49.56317],[7.11068,49.56281],[7.11122,49.55383]]]},"properties":{"id":"CRS3035RES1kmN2942000E4112000","pop":173,"ags":"10046114","t_wd_pm_supermarket":53,"t_wd_pm_gp":50,"t_wd_pm_primary_school":7,"t_wd_pm_rail_station":9,"t_wd_pm_pharmacy":50,"t_wd_pm_secondary_school":63,"t_wd_am_primary_school":7,"t_wd_am_rail_station":9,"t_wd_am_supermarket":26,"t_wd_am_hospital":69,"t_wd_am_gp":19,"t_wd_am_pharmacy":21,"t_wd_am_secondary_school":21,"t_su_am_primary_school":7,"t_su_am_rail_station":9,"t_su_am_supermarket":35,"t_su_am_gp":32,"t_su_am_pharmacy":32,"t_su_am_secondary_school":45,"t_wd_pm_hospital":null,"t_su_am_hospital":null,"c_gp":7,"c_hospital":28,"c_pharmacy":7,"c_primary_school":2,"c_rail_station":3,"c_secondary_school":10,"c_supermarket":8,"p30_wd_am":3055,"p45_wd_am":16283,"p60_wd_am":48852,"p30_wd_pm":598,"p45_wd_pm":598,"p60_wd_pm":8075,"p30_su_am":598,"p45_su_am":1270,"p60_su_am":3092,"pc30":134407,"pc45":182034,"pc60":184353}},{"type":"Feature","geometry":{"type":"Polygon","coordinates":[[[7.12502,49.55418],[7.13883,49.55453],[7.1383,49.56352],[7.12449,49.56317],[7.12502,49.55418]]]},"properties":{"id":"CRS3035RES1kmN2942000E4113000","pop":369,"ags":"10046114","t_wd_pm_supermarket":53,"t_wd_pm_gp":50,"t_wd_pm_primary_school":10,"t_wd_pm_rail_station":4,"t_wd_pm_pharmacy":50,"t_wd_pm_secondary_school":63,"t_wd_am_primary_school":10,"t_wd_am_rail_station":4,"t_wd_am_supermarket":26,"t_wd_am_hospital":63,"t_wd_am_gp":19,"t_wd_am_pharmacy":20,"t_wd_am_secondary_school":22,"t_su_am_primary_school":10,"t_su_am_rail_station":4,"t_su_am_supermarket":34,"t_su_am_gp":31,"t_su_am_pharmacy":31,"t_su_am_secondary_school":44,"t_wd_pm_hospital":null,"t_su_am_hospital":null,"c_gp":5,"c_hospital":26,"c_pharmacy":5,"c_primary_school":4,"c_rail_station":1,"c_secondary_school":8,"c_supermarket":6,"p30_wd_am":3055,"p45_wd_am":26265,"p60_wd_am":55965,"p30_wd_pm":598,"p45_wd_pm":598,"p60_wd_pm":8075,"p30_su_am":598,"p45_su_am":1270,"p60_su_am":4231,"pc30":137664,"pc45":182912,"pc60":184353}},{"type":"Feature","geometry":{"type":"Polygon","coordinates":[[[7.15264,49.55488],[7.16645,49.55523],[7.16593,49.56421],[7.15212,49.56387],[7.15264,49.55488]]]},"properties":{"id":"CRS3035RES1kmN2942000E4115000","pop":135,"ags":"10046114","t_wd_pm_supermarket":57,"t_wd_pm_gp":65,"t_wd_pm_primary_school":92,"t_wd_pm_rail_station":60,"t_wd_pm_pharmacy":55,"t_wd_pm_secondary_school":76,"t_wd_am_primary_school":29,"t_wd_am_rail_station":29,"t_wd_am_supermarket":33,"t_wd_am_hospital":93,"t_wd_am_gp":32,"t_wd_am_pharmacy":31,"t_wd_am_secondary_school":34,"t_su_am_primary_school":62,"t_su_am_rail_station":56,"t_su_am_supermarket":33,"t_su_am_gp":33,"t_su_am_pharmacy":34,"t_su_am_secondary_school":39,"t_wd_pm_hospital":null,"t_su_am_hospital":null,"c_gp":8,"c_hospital":24,"c_pharmacy":7,"c_primary_school":7,"c_rail_station":3,"c_secondary_school":11,"c_supermarket":8,"p30_wd_am":1653,"p45_wd_am":7931,"p60_wd_am":17207,"p30_wd_pm":1173,"p45_wd_pm":1173,"p60_wd_pm":1730,"p30_su_am":1307,"p45_su_am":4786,"p60_su_am":7689,"pc30":128765,"pc45":181995,"pc60":184353}},{"type":"Feature","geometry":{"type":"Polygon","coordinates":[[[7.16645,49.55523],[7.18026,49.55557],[7.17974,49.56456],[7.16593,49.56421],[7.16645,49.55523]]]},"properties":{"id":"CRS3035RES1kmN2942000E4116000","pop":226,"ags":"10046114","t_wd_pm_supermarket":57,"t_wd_pm_gp":65,"t_wd_pm_primary_school":92,"t_wd_pm_rail_station":60,"t_wd_pm_pharmacy":55,"t_wd_pm_secondary_school":76,"t_wd_am_primary_school":36,"t_wd_am_rail_station":22,"t_wd_am_supermarket":18,"t_wd_am_hospital":91,"t_wd_am_gp":24,"t_wd_am_pharmacy":16,"t_wd_am_secondary_school":26,"t_su_am_primary_school":64,"t_su_am_rail_station":58,"t_su_am_supermarket":35,"t_su_am_gp":35,"t_su_am_pharmacy":36,"t_su_am_secondary_school":41,"t_wd_pm_hospital":null,"t_su_am_hospital":null,"c_gp":8,"c_hospital":23,"c_pharmacy":4,"c_primary_school":9,"c_rail_station":5,"c_secondary_school":11,"c_supermarket":5,"p30_wd_am":2923,"p45_wd_am":9179,"p60_wd_am":20888,"p30_wd_pm":1244,"p45_wd_pm":1281,"p60_wd_pm":2055,"p30_su_am":1244,"p45_su_am":4410,"p60_su_am":6251,"pc30":127414,"pc45":181995,"pc60":184353}},{"type":"Feature","geometry":{"type":"Polygon","coordinates":[[[7.18026,49.55557],[7.19407,49.55592],[7.19355,49.5649],[7.17974,49.56456],[7.18026,49.55557]]]},"properties":{"id":"CRS3035RES1kmN2942000E4117000","pop":66,"ags":"10046114","t_wd_pm_supermarket":57,"t_wd_pm_gp":65,"t_wd_pm_primary_school":92,"t_wd_pm_rail_station":60,"t_wd_pm_pharmacy":55,"t_wd_pm_secondary_school":76,"t_wd_am_primary_school":37,"t_wd_am_rail_station":31,"t_wd_am_supermarket":26,"t_wd_am_hospital":91,"t_wd_am_gp":33,"t_wd_am_pharmacy":24,"t_wd_am_secondary_school":36,"t_su_am_primary_school":93,"t_su_am_rail_station":85,"t_su_am_supermarket":85,"t_su_am_gp":87,"t_su_am_pharmacy":84,"t_su_am_secondary_school":93,"t_wd_pm_hospital":null,"t_su_am_hospital":null,"c_gp":9,"c_hospital":24,"c_pharmacy":5,"c_primary_school":9,"c_rail_station":6,"c_secondary_school":12,"c_supermarket":5,"p30_wd_am":1109,"p45_wd_am":8009,"p60_wd_am":19355,"p30_wd_pm":975,"p45_wd_pm":1012,"p60_wd_pm":1396,"p30_su_am":975,"p45_su_am":1012,"p60_su_am":1012,"pc30":124461,"pc45":181974,"pc60":184353}},{"type":"Feature","geometry":{"type":"Polygon","coordinates":[[[7.19407,49.55592],[7.20788,49.55626],[7.20737,49.56525],[7.19355,49.5649],[7.19407,49.55592]]]},"properties":{"id":"CRS3035RES1kmN2942000E4118000","pop":8,"ags":"10046111","t_wd_pm_supermarket":57,"t_wd_pm_gp":65,"t_wd_pm_primary_school":92,"t_wd_pm_rail_station":60,"t_wd_pm_pharmacy":55,"t_wd_pm_secondary_school":76,"t_wd_am_primary_school":40,"t_wd_am_rail_station":44,"t_wd_am_supermarket":26,"t_wd_am_hospital":91,"t_wd_am_gp":26,"t_wd_am_pharmacy":27,"t_wd_am_secondary_school":30,"t_su_am_primary_school":56,"t_su_am_rail_station":50,"t_su_am_supermarket":27,"t_su_am_gp":27,"t_su_am_pharmacy":28,"t_su_am_secondary_school":33,"t_wd_pm_hospital":null,"t_su_am_hospital":null,"c_gp":10,"c_hospital":28,"c_pharmacy":10,"c_primary_school":15,"c_rail_station":12,"c_secondary_school":13,"c_supermarket":9,"p30_wd_am":1979,"p45_wd_am":6728,"p60_wd_am":12107,"p30_wd_pm":524,"p45_wd_pm":524,"p60_wd_pm":1879,"p30_su_am":1819,"p45_su_am":4436,"p60_su_am":7709,"pc30":95611,"pc45":176037,"pc60":183816}},{"type":"Feature","geometry":{"type":"Polygon","coordinates":[[[7.22169,49.5566],[7.23551,49.55694],[7.23499,49.56593],[7.22118,49.56559],[7.22169,49.5566]]]},"properties":{"id":"CRS3035RES1kmN2942000E4120000","pop":7,"ags":"10046111","t_wd_pm_supermarket":null,"t_wd_pm_gp":null,"t_wd_pm_primary_school":null,"t_wd_pm_rail_station":null,"t_wd_pm_pharmacy":null,"t_wd_pm_secondary_school":null,"t_wd_am_primary_school":null,"t_wd_am_rail_station":null,"t_wd_am_supermarket":null,"t_wd_am_hospital":null,"t_wd_am_gp":null,"t_wd_am_pharmacy":null,"t_wd_am_secondary_school":null,"t_su_am_primary_school":52,"t_su_am_rail_station":46,"t_su_am_supermarket":31,"t_su_am_gp":29,"t_su_am_pharmacy":30,"t_su_am_secondary_school":35,"t_wd_pm_hospital":null,"t_su_am_hospital":null,"c_gp":6,"c_hospital":30,"c_pharmacy":6,"c_primary_school":12,"c_rail_station":14,"c_secondary_school":9,"c_supermarket":7,"p30_wd_am":85,"p45_wd_am":432,"p60_wd_am":432,"p30_wd_pm":85,"p45_wd_pm":432,"p60_wd_pm":432,"p30_su_am":85,"p45_su_am":4789,"p60_su_am":10315,"pc30":88314,"pc45":171089,"pc60":183764}},{"type":"Feature","geometry":{"type":"Polygon","coordinates":[[[7.23551,49.55694],[7.24932,49.55728],[7.24881,49.56626],[7.23499,49.56593],[7.23551,49.55694]]]},"properties":{"id":"CRS3035RES1kmN2942000E4121000","pop":78,"ags":"10046111","t_wd_pm_supermarket":14,"t_wd_pm_gp":11,"t_wd_pm_primary_school":79,"t_wd_pm_rail_station":77,"t_wd_pm_pharmacy":11,"t_wd_pm_secondary_school":18,"t_wd_am_primary_school":35,"t_wd_am_rail_station":46,"t_wd_am_supermarket":14,"t_wd_am_hospital":91,"t_wd_am_gp":11,"t_wd_am_pharmacy":11,"t_wd_am_secondary_school":18,"t_su_am_primary_school":51,"t_su_am_rail_station":45,"t_su_am_supermarket":14,"t_su_am_gp":11,"t_su_am_pharmacy":11,"t_su_am_secondary_school":18,"t_wd_pm_hospital":null,"t_su_am_hospital":null,"c_gp":1,"c_hospital":29,"c_pharmacy":1,"c_primary_school":8,"c_rail_station":13,"c_secondary_school":4,"c_supermarket":3,"p30_wd_am":2746,"p45_wd_am":6137,"p60_wd_am":13308,"p30_wd_pm":2746,"p45_wd_pm":3093,"p60_wd_pm":3262,"p30_su_am":2746,"p45_su_am":4923,"p60_su_am":10339,"pc30":94049,"pc45":174334,"pc60":183764}},{"type":"Feature","geometry":{"type":"Polygon","coordinates":[[[7.24932,49.55728],[7.26313,49.55761],[7.26262,49.5666],[7.24881,49.56626],[7.24932,49.55728]]]},"properties":{"id":"CRS3035RES1kmN2942000E4122000","pop":69,"ags":"10046111","t_wd_pm_supermarket":17,"t_wd_pm_gp":10,"t_wd_pm_primary_school":79,"t_wd_pm_rail_station":77,"t_wd_pm_pharmacy":10,"t_wd_pm_secondary_school":17,"t_wd_am_primary_school":35,"t_wd_am_rail_station":46,"t_wd_am_supermarket":17,"t_wd_am_hospital":91,"t_wd_am_gp":10,"t_wd_am_pharmacy":10,"t_wd_am_secondary_school":17,"t_su_am_primary_school":50,"t_su_am_rail_station":44,"t_su_am_supermarket":17,"t_su_am_gp":10,"t_su_am_pharmacy":10,"t_su_am_secondary_school":17,"t_wd_pm_hospital":null,"t_su_am_hospital":null,"c_gp":5,"c_hospital":33,"c_pharmacy":5,"c_primary_school":11,"c_rail_station":16,"c_secondary_school":8,"c_supermarket":6,"p30_wd_am":2739,"p45_wd_am":5783,"p60_wd_am":12954,"p30_wd_pm":2739,"p45_wd_pm":2739,"p60_wd_pm":2908,"p30_su_am":2739,"p45_su_am":4576,"p60_su_am":10339,"pc30":74923,"pc45":160061,"pc60":182895}},{"type":"Feature","geometry":{"type":"Polygon","coordinates":[[[6.95876,49.55882],[6.97257,49.5592],[6.97201,49.56818],[6.9582,49.56781],[6.95876,49.55882]]]},"properties":{"id":"CRS3035RES1kmN2943000E4101000","pop":159,"ags":"10046115","t_wd_pm_supermarket":null,"t_wd_pm_gp":null,"t_wd_pm_primary_school":null,"t_wd_pm_rail_station":null,"t_wd_pm_pharmacy":null,"t_wd_pm_secondary_school":null,"t_wd_am_primary_school":30,"t_wd_am_rail_station":74,"t_wd_am_supermarket":26,"t_wd_am_hospital":91,"t_wd_am_gp":40,"t_wd_am_pharmacy":27,"t_wd_am_secondary_school":75,"t_su_am_primary_school":98,"t_su_am_rail_station":119,"t_su_am_supermarket":81,"t_su_am_gp":79,"t_su_am_pharmacy":78,"t_su_am_secondary_school":null,"t_wd_pm_hospital":null,"t_su_am_hospital":null,"c_gp":8,"c_hospital":37,"c_pharmacy":6,"c_primary_school":9,"c_rail_station":17,"c_secondary_school":15,"c_supermarket":6,"p30_wd_am":2144,"p45_wd_am":4551,"p60_wd_am":10324,"p30_wd_pm":1082,"p45_wd_pm":1082,"p60_wd_pm":1082,"p30_su_am":1082,"p45_su_am":1082,"p60_su_am":1082,"pc30":118399,"pc45":176905,"pc60":184077}},{"type":"Feature","geometry":{"type":"Polygon","coordinates":[[[7.04163,49.56103],[7.05544,49.56139],[7.05489,49.57037],[7.04108,49.57001],[7.04163,49.56103]]]},"properties":{"id":"CRS3035RES1kmN2943000E4107000","pop":261,"ags":"10046114","t_wd_pm_supermarket":null,"t_wd_pm_gp":23,"t_wd_pm_primary_school":null,"t_wd_pm_rail_station":null,"t_wd_pm_pharmacy":null,"t_wd_pm_secondary_school":null,"t_wd_am_primary_school":34,"t_wd_am_rail_station":46,"t_wd_am_supermarket":46,"t_wd_am_hospital":91,"t_wd_am_gp":17,"t_wd_am_pharmacy":45,"t_wd_am_secondary_school":52,"t_su_am_primary_school":60,"t_su_am_rail_station":65,"t_su_am_supermarket":57,"t_su_am_gp":23,"t_su_am_pharmacy":66,"t_su_am_secondary_school":74,"t_wd_pm_hospital":null,"t_su_am_hospital":null,"c_gp":5,"c_hospital":33,"c_pharmacy":12,"c_primary_school":10,"c_rail_station":13,"c_secondary_school":12,"c_supermarket":9,"p30_wd_am":2628,"p45_wd_am":5743,"p60_wd_am":16295,"p30_wd_pm":1523,"p45_wd_pm":1531,"p60_wd_pm":2136,"p30_su_am":1523,"p45_su_am":1531,"p60_su_am":1612,"pc30":130713,"pc45":179293,"pc60":184261}},{"type":"Feature","geometry":{"type":"Polygon","coordinates":[[[7.05544,49.56139],[7.06925,49.56175],[7.0687,49.57073],[7.05489,49.57037],[7.05544,49.56139]]]},"properties":{"id":"CRS3035RES1kmN2943000E4108000","pop":239,"ags":"10046114","t_wd_pm_supermarket":null,"t_wd_pm_gp":15,"t_wd_pm_primary_school":null,"t_wd_pm_rail_station":null,"t_wd_pm_pharmacy":null,"t_wd_pm_secondary_school":null,"t_wd_am_primary_school":34,"t_wd_am_rail_station":46,"t_wd_am_supermarket":46,"t_wd_am_hospital":91,"t_wd_am_gp":15,"t_wd_am_pharmacy":45,"t_wd_am_secondary_school":51,"t_su_am_primary_school":60,"t_su_am_rail_station":65,"t_su_am_supermarket":57,"t_su_am_gp":15,"t_su_am_pharmacy":66,"t_su_am_secondary_school":74,"t_wd_pm_hospital":null,"t_su_am_hospital":null,"c_gp":2,"c_hospital":31,"c_pharmacy":11,"c_primary_school":8,"c_rail_station":11,"c_secondary_school":11,"c_supermarket":8,"p30_wd_am":2780,"p45_wd_am":5738,"p60_wd_am":16295,"p30_wd_pm":1523,"p45_wd_pm":1526,"p60_wd_pm":2134,"p30_su_am":1523,"p45_su_am":1526,"p60_su_am":1607,"pc30":142360,"pc45":180205,"pc60":184353}},{"type":"Feature","geometry":{"type":"Polygon","coordinates":[[[7.06925,49.56175],[7.08306,49.5621],[7.08252,49.57109],[7.0687,49.57073],[7.06925,49.56175]]]},"properties":{"id":"CRS3035RES1kmN2943000E4109000","pop":24,"ags":"10046114","t_wd_pm_supermarket":19,"t_wd_pm_gp":42,"t_wd_pm_primary_school":22,"t_wd_pm_rail_station":null,"t_wd_pm_pharmacy":null,"t_wd_pm_secondary_school":null,"t_wd_am_primary_school":22,"t_wd_am_rail_station":43,"t_wd_am_supermarket":19,"t_wd_am_hospital":91,"t_wd_am_gp":40,"t_wd_am_pharmacy":44,"t_wd_am_secondary_school":47,"t_su_am_primary_school":22,"t_su_am_rail_station":65,"t_su_am_supermarket":19,"t_su_am_gp":66,"t_su_am_pharmacy":66,"t_su_am_secondary_school":74,"t_wd_pm_hospital":null,"t_su_am_hospital":null,"c_gp":5,"c_hospital":32,"c_pharmacy":7,"c_primary_school":6,"c_rail_station":8,"c_secondary_school":10,"c_supermarket":8,"p30_wd_am":945,"p45_wd_am":4526,"p60_wd_am":8945,"p30_wd_pm":945,"p45_wd_pm":2468,"p60_wd_pm":3444,"p30_su_am":945,"p45_su_am":945,"p60_su_am":945,"pc30":137396,"pc45":179912,"pc60":184282}},{"type":"Feature","geometry":{"type":"Polygon","coordinates":[[[7.08306,49.5621],[7.09687,49.56246],[7.09633,49.57144],[7.08252,49.57109],[7.08306,49.5621]]]},"properties":{"id":"CRS3035RES1kmN2943000E4110000","pop":672,"ags":"10046114","t_wd_pm_supermarket":15,"t_wd_pm_gp":42,"t_wd_pm_primary_school":3,"t_wd_pm_rail_station":51,"t_wd_pm_pharmacy":53,"t_wd_pm_secondary_school":51,"t_wd_am_primary_school":3,"t_wd_am_rail_station":20,"t_wd_am_supermarket":15,"t_wd_am_hospital":84,"t_wd_am_gp":21,"t_wd_am_pharmacy":21,"t_wd_am_secondary_school":23,"t_su_am_primary_school":3,"t_su_am_rail_station":60,"t_su_am_supermarket":15,"t_su_am_gp":57,"t_su_am_pharmacy":62,"t_su_am_secondary_school":60,"t_wd_pm_hospital":null,"t_su_am_hospital":null,"c_gp":5,"c_hospital":32,"c_pharmacy":7,"c_primary_school":1,"c_rail_station":7,"c_secondary_school":10,"c_supermarket":8,"p30_wd_am":1623,"p45_wd_am":5534,"p60_wd_am":22645,"p30_wd_pm":1298,"p45_wd_pm":2824,"p60_wd_pm":5986,"p30_su_am":1298,"p45_su_am":1298,"p60_su_am":1451,"pc30":135096,"pc45":180098,"pc60":184282}},{"type":"Feature","geometry":{"type":"Polygon","coordinates":[[[7.09687,49.56246],[7.11068,49.56281],[7.11015,49.5718],[7.09633,49.57144],[7.09687,49.56246]]]},"properties":{"id":"CRS3035RES1kmN2943000E4111000","pop":6,"ags":"10046114","t_wd_pm_supermarket":20,"t_wd_pm_gp":25,"t_wd_pm_primary_school":11,"t_wd_pm_rail_station":24,"t_wd_pm_pharmacy":25,"t_wd_pm_secondary_school":35,"t_wd_am_primary_school":11,"t_wd_am_rail_station":22,"t_wd_am_supermarket":20,"t_wd_am_hospital":85,"t_wd_am_gp":23,"t_wd_am_pharmacy":23,"t_wd_am_secondary_school":25,"t_su_am_primary_school":11,"t_su_am_rail_station":24,"t_su_am_supermarket":20,"t_su_am_gp":25,"t_su_am_pharmacy":25,"t_su_am_secondary_school":62,"t_wd_pm_hospital":null,"t_su_am_hospital":null,"c_gp":4,"c_hospital":30,"c_pharmacy":4,"c_primary_school":4,"c_rail_station":5,"c_secondary_school":7,"c_supermarket":5,"p30_wd_am":1623,"p45_wd_am":5537,"p60_wd_am":23213,"p30_wd_pm":1623,"p45_wd_pm":3152,"p60_wd_pm":13073,"p30_su_am":1623,"p45_su_am":1626,"p60_su_am":3402,"pc30":148440,"pc45":182304,"pc60":184353}},{"type":"Feature","geometry":{"type":"Polygon","coordinates":[[[7.11068,49.56281],[7.12449,49.56317],[7.12396,49.57215],[7.11015,49.5718],[7.11068,49.56281]]]},"properties":{"id":"CRS3035RES1kmN2943000E4112000","pop":3,"ags":"10046114","t_wd_pm_supermarket":49,"t_wd_pm_gp":29,"t_wd_pm_primary_school":14,"t_wd_pm_rail_station":12,"t_wd_pm_pharmacy":29,"t_wd_pm_secondary_school":46,"t_wd_am_primary_school":14,"t_wd_am_rail_station":12,"t_wd_am_supermarket":31,"t_wd_am_hospital":79,"t_wd_am_gp":24,"t_wd_am_pharmacy":26,"t_wd_am_secondary_school":26,"t_su_am_primary_school":14,"t_su_am_rail_station":12,"t_su_am_supermarket":37,"t_su_am_gp":29,"t_su_am_pharmacy":29,"t_su_am_secondary_school":47,"t_wd_pm_hospital":null,"t_su_am_hospital":null,"c_gp":4,"c_hospital":27,"c_pharmacy":4,"c_primary_school":3,"c_rail_station":2,"c_secondary_school":7,"c_supermarket":5,"p30_wd_am":1645,"p45_wd_am":3918,"p60_wd_am":31266,"p30_wd_pm":1098,"p45_wd_pm":1098,"p60_wd_pm":10830,"p30_su_am":1098,"p45_su_am":1270,"p60_su_am":3092,"pc30":142799,"pc45":183001,"pc60":184353}},{"type":"Feature","geometry":{"type":"Polygon","coordinates":[[[7.12449,49.56317],[7.1383,49.56352],[7.13777,49.5725],[7.12396,49.57215],[7.12449,49.56317]]]},"properties":{"id":"CRS3035RES1kmN2943000E4113000","pop":53,"ags":"10046114","t_wd_pm_supermarket":53,"t_wd_pm_gp":50,"t_wd_pm_primary_school":12,"t_wd_pm_rail_station":9,"t_wd_pm_pharmacy":50,"t_wd_pm_secondary_school":63,"t_wd_am_primary_school":12,"t_wd_am_rail_station":9,"t_wd_am_supermarket":28,"t_wd_am_hospital":77,"t_wd_am_gp":21,"t_wd_am_pharmacy":23,"t_wd_am_secondary_school":24,"t_su_am_primary_school":12,"t_su_am_rail_station":9,"t_su_am_supermarket":34,"t_su_am_gp":31,"t_su_am_pharmacy":31,"t_su_am_secondary_school":44,"t_wd_pm_hospital":null,"t_su_am_hospital":null,"c_gp":6,"c_hospital":27,"c_pharmacy":6,"c_primary_school":4,"c_rail_station":2,"c_secondary_school":8,"c_supermarket":7,"p30_wd_am":1645,"p45_wd_am":7155,"p60_wd_am":38956,"p30_wd_pm":598,"p45_wd_pm":598,"p60_wd_pm":8075,"p30_su_am":598,"p45_su_am":1270,"p60_su_am":3092,"pc30":133377,"pc45":182912,"pc60":184353}},{"type":"Feature","geometry":{"type":"Polygon","coordinates":[[[7.15212,49.56387],[7.16593,49.56421],[7.1654,49.5732],[7.15159,49.57285],[7.15212,49.56387]]]},"properties":{"id":"CRS3035RES1kmN2943000E4115000","pop":4,"ags":"10046114","t_wd_pm_supermarket":57,"t_wd_pm_gp":65,"t_wd_pm_primary_school":92,"t_wd_pm_rail_station":60,"t_wd_pm_pharmacy":55,"t_wd_pm_secondary_school":76,"t_wd_am_primary_school":39,"t_wd_am_rail_station":39,"t_wd_am_supermarket":40,"t_wd_am_hospital":96,"t_wd_am_gp":40,"t_wd_am_pharmacy":39,"t_wd_am_secondary_school":44,"t_su_am_primary_school":93,"t_su_am_rail_station":87,"t_su_am_supermarket":85,"t_su_am_gp":89,"t_su_am_pharmacy":84,"t_su_am_secondary_school":93,"t_wd_pm_hospital":null,"t_su_am_hospital":null,"c_gp":9,"c_hospital":24,"c_pharmacy":6,"c_primary_school":9,"c_rail_station":5,"c_secondary_school":13,"c_supermarket":6,"p30_wd_am":975,"p45_wd_am":5280,"p60_wd_am":10276,"p30_wd_pm":975,"p45_wd_pm":975,"p60_wd_pm":1359,"p30_su_am":975,"p45_su_am":975,"p60_su_am":975,"pc30":125495,"pc45":181588,"pc60":184353}},{"type":"Feature","geometry":{"type":"Polygon","coordinates":[[[7.16593,49.56421],[7.17974,49.56456],[7.17922,49.57354],[7.1654,49.5732],[7.16593,49.56421]]]},"properties":{"id":"CRS3035RES1kmN2943000E4116000","pop":572,"ags":"10046114","t_wd_pm_supermarket":57,"t_wd_pm_gp":65,"t_wd_pm_primary_school":92,"t_wd_pm_rail_station":60,"t_wd_pm_pharmacy":55,"t_wd_pm_secondary_school":76,"t_wd_am_primary_school":36,"t_wd_am_rail_station":22,"t_wd_am_supermarket":18,"t_wd_am_hospital":91,"t_wd_am_gp":24,"t_wd_am_pharmacy":16,"t_wd_am_secondary_school":26,"t_su_am_primary_school":64,"t_su_am_rail_station":58,"t_su_am_supermarket":35,"t_su_am_gp":35,"t_su_am_pharmacy":36,"t_su_am_secondary_school":41,"t_wd_pm_hospital":null,"t_su_am_hospital":null,"c_gp":7,"c_hospital":23,"c_pharmacy":3,"c_primary_school":9,"c_rail_station":5,"c_secondary_school":10,"c_supermarket":4,"p30_wd_am":2915,"p45_wd_am":9459,"p60_wd_am":21168,"p30_wd_pm":1110,"p45_wd_pm":1427,"p60_wd_pm":1811,"p30_su_am":1484,"p45_su_am":4930,"p60_su_am":6771,"pc30":129364,"pc45":181995,"pc60":184353}},{"type":"Feature","geometry":{"type":"Polygon","coordinates":[[[7.17974,49.56456],[7.19355,49.5649],[7.19303,49.57389],[7.17922,49.57354],[7.17974,49.56456]]]},"properties":{"id":"CRS3035RES1kmN2943000E4117000","pop":104,"ags":"10046114","t_wd_pm_supermarket":57,"t_wd_pm_gp":65,"t_wd_pm_primary_school":92,"t_wd_pm_rail_station":60,"t_wd_pm_pharmacy":55,"t_wd_pm_secondary_school":76,"t_wd_am_primary_school":37,"t_wd_am_rail_station":29,"t_wd_am_supermarket":24,"t_wd_am_hospital":91,"t_wd_am_gp":32,"t_wd_am_pharmacy":22,"t_wd_am_secondary_school":34,"t_su_am_primary_school":93,"t_su_am_rail_station":85,"t_su_am_supermarket":85,"t_su_am_gp":87,"t_su_am_pharmacy":84,"t_su_am_secondary_school":93,"t_wd_pm_hospital":null,"t_su_am_hospital":null,"c_gp":8,"c_hospital":24,"c_pharmacy":5,"c_primary_school":9,"c_rail_station":6,"c_secondary_school":11,"c_supermarket":5,"p30_wd_am":1146,"p45_wd_am":8177,"p60_wd_am":20183,"p30_wd_pm":1012,"p45_wd_pm":1292,"p60_wd_pm":1676,"p30_su_am":1012,"p45_su_am":1292,"p60_su_am":1292,"pc30":123733,"pc45":181974,"pc60":184353}},{"type":"Feature","geometry":{"type":"Polygon","coordinates":[[[6.9582,49.56781],[6.97201,49.56818],[6.97145,49.57716],[6.95764,49.57679],[6.9582,49.56781]]]},"properties":{"id":"CRS3035RES1kmN2944000E4101000","pop":830,"ags":"10046115","t_wd_pm_supermarket":null,"t_wd_pm_gp":null,"t_wd_pm_primary_school":null,"t_wd_pm_rail_station":null,"t_wd_pm_pharmacy":null,"t_wd_pm_secondary_school":null,"t_wd_am_primary_school":28,"t_wd_am_rail_station":72,"t_wd_am_supermarket":24,"t_wd_am_hospital":91,"t_wd_am_gp":40,"t_wd_am_pharmacy":26,"t_wd_am_secondary_school":52,"t_su_am_primary_school":98,"t_su_am_rail_station":119,"t_su_am_supermarket":81,"t_su_am_gp":79,"t_su_am_pharmacy":78,"t_su_am_secondary_school":null,"t_wd_pm_hospital":null,"t_su_am_hospital":null,"c_gp":8,"c_hospital":37,"c_pharmacy":6,"c_primary_school":9,"c_rail_station":18,"c_secondary_school":15,"c_supermarket":6,"p30_wd_am":2144,"p45_wd_am":4901,"p60_wd_am":13260,"p30_wd_pm":1082,"p45_wd_pm":1082,"p60_wd_pm":1082,"p30_su_am":1082,"p45_su_am":1082,"p60_su_am":1082,"pc30":117120,"pc45":176905,"pc60":183590}},{"type":"Feature","geometry":{"type":"Polygon","coordinates":[[[6.97201,49.56818],[6.98583,49.56855],[6.98527,49.57753],[6.97145,49.57716],[6.97201,49.56818]]]},"properties":{"id":"CRS3035RES1kmN2944000E4102000","pop":77,"ags":"10046115","t_wd_pm_supermarket":null,"t_wd_pm_gp":null,"t_wd_pm_primary_school":null,"t_wd_pm_rail_station":null,"t_wd_pm_pharmacy":null,"t_wd_pm_secondary_school":null,"t_wd_am_primary_school":31,"t_wd_am_rail_station":74,"t_wd_am_supermarket":27,"t_wd_am_hospital":91,"t_wd_am_gp":40,"t_wd_am_pharmacy":30,"t_wd_am_secondary_school":75,"t_su_am_primary_school":98,"t_su_am_rail_station":119,"t_su_am_supermarket":81,"t_su_am_gp":79,"t_su_am_pharmacy":78,"t_su_am_secondary_school":null,"t_wd_pm_hospital":null,"t_su_am_hospital":null,"c_gp":6,"c_hospital":37,"c_pharmacy":6,"c_primary_school":10,"c_rail_station":16,"c_secondary_school":14,"c_supermarket":6,"p30_wd_am":2494,"p45_wd_am":5219,"p60_wd_am":11339,"p30_wd_pm":1432,"p45_wd_pm":1432,"p60_wd_pm":1432,"p30_su_am":1432,"p45_su_am":1432,"p60_su_am":1432,"pc30":121841,"pc45":177052,"pc60":183590}},{"type":"Feature","geometry":{"type":"Polygon","coordinates":[[[7.04108,49.57001],[7.05489,49.57037],[7.05435,49.57936],[7.04053,49.57899],[7.04108,49.57001]]]},"properties":{"id":"CRS3035RES1kmN2944000E4107000","pop":653,"ags":"10046114","t_wd_pm_supermarket":null,"t_wd_pm_gp":26,"t_wd_pm_primary_school":null,"t_wd_pm_rail_station":null,"t_wd_pm_pharmacy":null,"t_wd_pm_secondary_school":null,"t_wd_am_primary_school":38,"t_wd_am_rail_station":50,"t_wd_am_supermarket":49,"t_wd_am_hospital":91,"t_wd_am_gp":24,"t_wd_am_pharmacy":49,"t_wd_am_secondary_school":55,"t_su_am_primary_school":60,"t_su_am_rail_station":65,"t_su_am_supermarket":57,"t_su_am_gp":26,"t_su_am_pharmacy":66,"t_su_am_secondary_school":74,"t_wd_pm_hospital":null,"t_su_am_hospital":null,"c_gp":6,"c_hospital":35,"c_pharmacy":13,"c_primary_school":8,"c_rail_station":14,"c_secondary_school":13,"c_supermarket":9,"p30_wd_am":2117,"p45_wd_am":5181,"p60_wd_am":15260,"p30_wd_pm":1531,"p45_wd_pm":1531,"p60_wd_pm":2139,"p30_su_am":1531,"p45_su_am":1531,"p60_su_am":1612,"pc30":120122,"pc45":178828,"pc60":184261}},{"type":"Feature","geometry":{"type":"Polygon","coordinates":[[[7.05489,49.57037],[7.0687,49.57073],[7.06816,49.57972],[7.05435,49.57936],[7.05489,49.57037]]]},"properties":{"id":"CRS3035RES1kmN2944000E4108000","pop":301,"ags":"10046114","t_wd_pm_supermarket":29,"t_wd_pm_gp":26,"t_wd_pm_primary_school":50,"t_wd_pm_rail_station":55,"t_wd_pm_pharmacy":57,"t_wd_pm_secondary_school":55,"t_wd_am_primary_school":33,"t_wd_am_rail_station":43,"t_wd_am_supermarket":29,"t_wd_am_hospital":90,"t_wd_am_gp":17,"t_wd_am_pharmacy":44,"t_wd_am_secondary_school":45,"t_su_am_primary_school":59,"t_su_am_rail_station":63,"t_su_am_supermarket":29,"t_su_am_gp":26,"t_su_am_pharmacy":65,"t_su_am_secondary_school":63,"t_wd_pm_hospital":null,"t_su_am_hospital":null,"c_gp":5,"c_hospital":33,"c_pharmacy":9,"c_primary_school":6,"c_rail_station":10,"c_secondary_school":9,"c_supermarket":6,"p30_wd_am":2768,"p45_wd_am":6218,"p60_wd_am":19882,"p30_wd_pm":1526,"p45_wd_pm":1526,"p60_wd_pm":5136,"p30_su_am":1526,"p45_su_am":1526,"p60_su_am":2407,"pc30":131323,"pc45":180475,"pc60":184282}},{"type":"Feature","geometry":{"type":"Polygon","coordinates":[[[7.0687,49.57073],[7.08252,49.57109],[7.08198,49.58007],[7.06816,49.57972],[7.0687,49.57073]]]},"properties":{"id":"CRS3035RES1kmN2944000E4109000","pop":46,"ags":"10046114","t_wd_pm_supermarket":44,"t_wd_pm_gp":42,"t_wd_pm_primary_school":47,"t_wd_pm_rail_station":56,"t_wd_pm_pharmacy":58,"t_wd_pm_secondary_school":56,"t_wd_am_primary_school":36,"t_wd_am_rail_station":44,"t_wd_am_supermarket":39,"t_wd_am_hospital":91,"t_wd_am_gp":19,"t_wd_am_pharmacy":46,"t_wd_am_secondary_school":44,"t_su_am_primary_school":60,"t_su_am_rail_station":64,"t_su_am_supermarket":57,"t_su_am_gp":59,"t_su_am_pharmacy":66,"t_su_am_secondary_school":64,"t_wd_pm_hospital":null,"t_su_am_hospital":null,"c_gp":6,"c_hospital":35,"c_pharmacy":9,"c_primary_school":6,"c_rail_station":10,"c_secondary_school":8,"c_supermarket":6,"p30_wd_am":2337,"p45_wd_am":5465,"p60_wd_am":19353,"p30_wd_pm":1534,"p45_wd_pm":2573,"p60_wd_pm":5515,"p30_su_am":1534,"p45_su_am":1534,"p60_su_am":1615,"pc30":117180,"pc45":178749,"pc60":184282}},{"type":"Feature","geometry":{"type":"Polygon","coordinates":[[[7.08252,49.57109],[7.09633,49.57144],[7.09579,49.58043],[7.08198,49.58007],[7.08252,49.57109]]]},"properties":{"id":"CRS3035RES1kmN2944000E4110000","pop":81,"ags":"10046114","t_wd_pm_supermarket":14,"t_wd_pm_gp":21,"t_wd_pm_primary_school":13,"t_wd_pm_rail_station":46,"t_wd_pm_pharmacy":47,"t_wd_pm_secondary_school":22,"t_wd_am_primary_school":13,"t_wd_am_rail_station":27,"t_wd_am_supermarket":14,"t_wd_am_hospital":89,"t_wd_am_gp":21,"t_wd_am_pharmacy":28,"t_wd_am_secondary_school":22,"t_su_am_primary_school":13,"t_su_am_rail_station":62,"t_su_am_supermarket":14,"t_su_am_gp":21,"t_su_am_pharmacy":64,"t_su_am_secondary_school":22,"t_wd_pm_hospital":null,"t_su_am_hospital":null,"c_gp":6,"c_hospital":32,"c_pharmacy":6,"c_primary_school":5,"c_rail_station":7,"c_secondary_school":9,"c_supermarket":7,"p30_wd_am":1430,"p45_wd_am":5951,"p60_wd_am":20180,"p30_wd_pm":1430,"p45_wd_pm":4483,"p60_wd_pm":8120,"p30_su_am":1430,"p45_su_am":1430,"p60_su_am":1430,"pc30":137427,"pc45":180098,"pc60":184315}},{"type":"Feature","geometry":{"type":"Polygon","coordinates":[[[7.09633,49.57144],[7.11015,49.5718],[7.10961,49.58078],[7.09579,49.58043],[7.09633,49.57144]]]},"properties":{"id":"CRS3035RES1kmN2944000E4111000","pop":347,"ags":"10046114","t_wd_pm_supermarket":20,"t_wd_pm_gp":14,"t_wd_pm_primary_school":25,"t_wd_pm_rail_station":13,"t_wd_pm_pharmacy":14,"t_wd_pm_secondary_school":22,"t_wd_am_primary_school":25,"t_wd_am_rail_station":13,"t_wd_am_supermarket":20,"t_wd_am_hospital":81,"t_wd_am_gp":14,"t_wd_am_pharmacy":14,"t_wd_am_secondary_school":17,"t_su_am_primary_school":25,"t_su_am_rail_station":13,"t_su_am_supermarket":20,"t_su_am_gp":14,"t_su_am_pharmacy":14,"t_su_am_secondary_school":22,"t_wd_pm_hospital":null,"t_su_am_hospital":null,"c_gp":4,"c_hospital":30,"c_pharmacy":4,"c_primary_school":6,"c_rail_station":4,"c_secondary_school":6,"c_supermarket":5,"p30_wd_am":1548,"p45_wd_am":8993,"p60_wd_am":34838,"p30_wd_pm":1508,"p45_wd_pm":5101,"p60_wd_pm":24845,"p30_su_am":1508,"p45_su_am":2167,"p60_su_am":3694,"pc30":135798,"pc45":182304,"pc60":184353}},{"type":"Feature","geometry":{"type":"Polygon","coordinates":[[[7.11015,49.5718],[7.12396,49.57215],[7.12343,49.58114],[7.10961,49.58078],[7.11015,49.5718]]]},"properties":{"id":"CRS3035RES1kmN2944000E4112000","pop":153,"ags":"10046114","t_wd_pm_supermarket":13,"t_wd_pm_gp":6,"t_wd_pm_primary_school":30,"t_wd_pm_rail_station":4,"t_wd_pm_pharmacy":6,"t_wd_pm_secondary_school":15,"t_wd_am_primary_school":16,"t_wd_am_rail_station":4,"t_wd_am_supermarket":13,"t_wd_am_hospital":71,"t_wd_am_gp":6,"t_wd_am_pharmacy":6,"t_wd_am_secondary_school":11,"t_su_am_primary_school":30,"t_su_am_rail_station":4,"t_su_am_supermarket":13,"t_su_am_gp":6,"t_su_am_pharmacy":6,"t_su_am_secondary_school":15,"t_wd_pm_hospital":null,"t_su_am_hospital":null,"c_gp":2,"c_hospital":29,"c_pharmacy":2,"c_primary_school":6,"c_rail_station":3,"c_secondary_school":5,"c_supermarket":3,"p30_wd_am":3220,"p45_wd_am":22303,"p60_wd_am":58914,"p30_wd_pm":1260,"p45_wd_pm":18860,"p60_wd_pm":38309,"p30_su_am":876,"p45_su_am":17244,"p60_su_am":28390,"pc30":140905,"pc45":182356,"pc60":184353}},{"type":"Feature","geometry":{"type":"Polygon","coordinates":[[[7.13777,49.5725],[7.15159,49.57285],[7.15106,49.58184],[7.13724,49.58149],[7.13777,49.5725]]]},"properties":{"id":"CRS3035RES1kmN2944000E4114000","pop":384,"ags":"10046114","t_wd_pm_supermarket":14,"t_wd_pm_gp":28,"t_wd_pm_primary_school":40,"t_wd_pm_rail_station":20,"t_wd_pm_pharmacy":13,"t_wd_pm_secondary_school":39,"t_wd_am_primary_school":36,"t_wd_am_rail_station":19,"t_wd_am_supermarket":14,"t_wd_am_hospital":90,"t_wd_am_gp":22,"t_wd_am_pharmacy":13,"t_wd_am_secondary_school":24,"t_su_am_primary_school":66,"t_su_am_rail_station":20,"t_su_am_supermarket":14,"t_su_am_gp":57,"t_su_am_pharmacy":13,"t_su_am_secondary_school":70,"t_wd_pm_hospital":null,"t_su_am_hospital":null,"c_gp":7,"c_hospital":28,"c_pharmacy":3,"c_primary_school":12,"c_rail_station":4,"c_secondary_school":10,"c_supermarket":3,"p30_wd_am":2054,"p45_wd_am":9235,"p60_wd_am":21988,"p30_wd_pm":1442,"p45_wd_pm":3004,"p60_wd_pm":14080,"p30_su_am":1043,"p45_su_am":1043,"p60_su_am":1855,"pc30":114442,"pc45":182034,"pc60":184353}},{"type":"Feature","geometry":{"type":"Polygon","coordinates":[[[7.1654,49.5732],[7.17922,49.57354],[7.1787,49.58253],[7.16488,49.58218],[7.1654,49.5732]]]},"properties":{"id":"CRS3035RES1kmN2944000E4116000","pop":3,"ags":"10046114","t_wd_pm_supermarket":57,"t_wd_pm_gp":65,"t_wd_pm_primary_school":92,"t_wd_pm_rail_station":60,"t_wd_pm_pharmacy":55,"t_wd_pm_secondary_school":76,"t_wd_am_primary_school":37,"t_wd_am_rail_station":25,"t_wd_am_supermarket":21,"t_wd_am_hospital":91,"t_wd_am_gp":28,"t_wd_am_pharmacy":19,"t_wd_am_secondary_school":30,"t_su_am_primary_school":93,"t_su_am_rail_station":85,"t_su_am_supermarket":85,"t_su_am_gp":87,"t_su_am_pharmacy":84,"t_su_am_secondary_school":93,"t_wd_pm_hospital":null,"t_su_am_hospital":null,"c_gp":7,"c_hospital":25,"c_pharmacy":4,"c_primary_school":11,"c_rail_station":5,"c_secondary_school":11,"c_supermarket":4,"p30_wd_am":2398,"p45_wd_am":7714,"p60_wd_am":20248,"p30_wd_pm":975,"p45_wd_pm":980,"p60_wd_pm":1396,"p30_su_am":975,"p45_su_am":980,"p60_su_am":1012,"pc30":117921,"pc45":181974,"pc60":184353}},{"type":"Feature","geometry":{"type":"Polygon","coordinates":[[[7.2483,49.57525],[7.26211,49.57558],[7.26161,49.58457],[7.24779,49.58423],[7.2483,49.57525]]]},"properties":{"id":"CRS3035RES1kmN2944000E4122000","pop":140,"ags":"10046111","t_wd_pm_supermarket":null,"t_wd_pm_gp":null,"t_wd_pm_primary_school":null,"t_wd_pm_rail_station":null,"t_wd_pm_pharmacy":null,"t_wd_pm_secondary_school":null,"t_wd_am_primary_school":96,"t_wd_am_rail_station":103,"t_wd_am_supermarket":42,"t_wd_am_hospital":null,"t_wd_am_gp":36,"t_wd_am_pharmacy":43,"t_wd_am_secondary_school":38,"t_su_am_primary_school":null,"t_su_am_rail_station":null,"t_su_am_supermarket":null,"t_su_am_gp":null,"t_su_am_pharmacy":null,"t_su_am_secondary_school":null,"t_wd_pm_hospital":null,"t_su_am_hospital":null,"c_gp":9,"c_hospital":36,"c_pharmacy":9,"c_primary_school":14,"c_rail_station":21,"c_secondary_school":11,"c_supermarket":10,"p30_wd_am":173,"p45_wd_am":3219,"p60_wd_am":3764,"p30_wd_pm":173,"p45_wd_pm":173,"p60_wd_pm":173,"p30_su_am":173,"p45_su_am":173,"p60_su_am":173,"pc30":54867,"pc45":136464,"pc60":182204}},{"type":"Feature","geometry":{"type":"Polygon","coordinates":[[[6.97145,49.57716],[6.98527,49.57753],[6.98471,49.58652],[6.97089,49.58615],[6.97145,49.57716]]]},"properties":{"id":"CRS3035RES1kmN2945000E4102000","pop":16,"ags":"10046115","t_wd_pm_supermarket":null,"t_wd_pm_gp":null,"t_wd_pm_primary_school":null,"t_wd_pm_rail_station":null,"t_wd_pm_pharmacy":null,"t_wd_pm_secondary_school":null,"t_wd_am_primary_school":28,"t_wd_am_rail_station":58,"t_wd_am_supermarket":24,"t_wd_am_hospital":91,"t_wd_am_gp":38,"t_wd_am_pharmacy":25,"t_wd_am_secondary_school":44,"t_su_am_primary_school":98,"t_su_am_rail_station":119,"t_su_am_supermarket":81,"t_su_am_gp":79,"t_su_am_pharmacy":78,"t_su_am_secondary_school":null,"t_wd_pm_hospital":null,"t_su_am_hospital":null,"c_gp":5,"c_hospital":39,"c_pharmacy":4,"c_primary_school":11,"c_rail_station":17,"c_secondary_school":15,"c_supermarket":7,"p30_wd_am":2840,"p45_wd_am":8981,"p60_wd_am":17206,"p30_wd_pm":1619,"p45_wd_pm":1619,"p60_wd_pm":1619,"p30_su_am":1619,"p45_su_am":1791,"p60_su_am":1791,"pc30":113849,"pc45":174745,"pc60":183590}},{"type":"Feature","geometry":{"type":"Polygon","coordinates":[[[6.98527,49.57753],[6.99908,49.5779],[6.99853,49.58688],[6.98471,49.58652],[6.98527,49.57753]]]},"properties":{"id":"CRS3035RES1kmN2945000E4103000","pop":350,"ags":"10046115","t_wd_pm_supermarket":null,"t_wd_pm_gp":null,"t_wd_pm_primary_school":null,"t_wd_pm_rail_station":null,"t_wd_pm_pharmacy":null,"t_wd_pm_secondary_school":null,"t_wd_am_primary_school":33,"t_wd_am_rail_station":45,"t_wd_am_supermarket":31,"t_wd_am_hospital":91,"t_wd_am_gp":38,"t_wd_am_pharmacy":31,"t_wd_am_secondary_school":37,"t_su_am_primary_school":98,"t_su_am_rail_station":119,"t_su_am_supermarket":81,"t_su_am_gp":79,"t_su_am_pharmacy":78,"t_su_am_secondary_school":null,"t_wd_pm_hospital":null,"t_su_am_hospital":null,"c_gp":6,"c_hospital":39,"c_pharmacy":6,"c_primary_school":10,"c_rail_station":16,"c_secondary_school":14,"c_supermarket":8,"p30_wd_am":2159,"p45_wd_am":12058,"p60_wd_am":21462,"p30_wd_pm":802,"p45_wd_pm":802,"p60_wd_pm":802,"p30_su_am":802,"p45_su_am":802,"p60_su_am":802,"pc30":118402,"pc45":175261,"pc60":183590}},{"type":"Feature","geometry":{"type":"Polygon","coordinates":[[[6.99908,49.5779],[7.0129,49.57827],[7.01234,49.58725],[6.99853,49.58688],[6.99908,49.5779]]]},"properties":{"id":"CRS3035RES1kmN2945000E4104000","pop":318,"ags":"10046115","t_wd_pm_supermarket":null,"t_wd_pm_gp":null,"t_wd_pm_primary_school":null,"t_wd_pm_rail_station":null,"t_wd_pm_pharmacy":null,"t_wd_pm_secondary_school":null,"t_wd_am_primary_school":38,"t_wd_am_rail_station":48,"t_wd_am_supermarket":36,"t_wd_am_hospital":91,"t_wd_am_gp":38,"t_wd_am_pharmacy":37,"t_wd_am_secondary_school":44,"t_su_am_primary_school":98,"t_su_am_rail_station":119,"t_su_am_supermarket":81,"t_su_am_gp":79,"t_su_am_pharmacy":78,"t_su_am_secondary_school":null,"t_wd_pm_hospital":null,"t_su_am_hospital":null,"c_gp":8,"c_hospital":40,"c_pharmacy":8,"c_primary_school":11,"c_rail_station":18,"c_secondary_school":16,"c_supermarket":9,"p30_wd_am":1392,"p45_wd_am":10066,"p60_wd_am":17834,"p30_wd_pm":697,"p45_wd_pm":697,"p60_wd_pm":697,"p30_su_am":697,"p45_su_am":697,"p60_su_am":725,"pc30":107146,"pc45":174376,"pc60":183590}},{"type":"Feature","geometry":{"type":"Polygon","coordinates":[[[7.0129,49.57827],[7.02671,49.57863],[7.02616,49.58762],[7.01234,49.58725],[7.0129,49.57827]]]},"properties":{"id":"CRS3035RES1kmN2945000E4105000","pop":3,"ags":"10046115","t_wd_pm_supermarket":49,"t_wd_pm_gp":55,"t_wd_pm_primary_school":55,"t_wd_pm_rail_station":58,"t_wd_pm_pharmacy":57,"t_wd_pm_secondary_school":58,"t_wd_am_primary_school":41,"t_wd_am_rail_station":50,"t_wd_am_supermarket":38,"t_wd_am_hospital":93,"t_wd_am_gp":40,"t_wd_am_pharmacy":39,"t_wd_am_secondary_school":50,"t_su_am_primary_school":61,"t_su_am_rail_station":64,"t_su_am_supermarket":55,"t_su_am_gp":61,"t_su_am_pharmacy":66,"t_su_am_secondary_school":64,"t_wd_pm_hospital":null,"t_su_am_hospital":null,"c_gp":9,"c_hospital":39,"c_pharmacy":9,"c_primary_school":7,"c_rail_station":15,"c_secondary_school":13,"c_supermarket":7,"p30_wd_am":1379,"p45_wd_am":7837,"p60_wd_am":14197,"p30_wd_pm":711,"p45_wd_pm":711,"p60_wd_pm":4539,"p30_su_am":711,"p45_su_am":711,"p60_su_am":1416,"pc30":112698,"pc45":175371,"pc60":183590}},{"type":"Feature","geometry":{"type":"Polygon","coordinates":[[[7.04053,49.57899],[7.05435,49.57936],[7.0538,49.58834],[7.03998,49.58798],[7.04053,49.57899]]]},"properties":{"id":"CRS3035RES1kmN2945000E4107000","pop":8,"ags":"10046114","t_wd_pm_supermarket":39,"t_wd_pm_gp":48,"t_wd_pm_primary_school":28,"t_wd_pm_rail_station":58,"t_wd_pm_pharmacy":57,"t_wd_pm_secondary_school":58,"t_wd_am_primary_school":28,"t_wd_am_rail_station":44,"t_wd_am_supermarket":39,"t_wd_am_hospital":97,"t_wd_am_gp":40,"t_wd_am_pharmacy":45,"t_wd_am_secondary_school":43,"t_su_am_primary_school":28,"t_su_am_rail_station":64,"t_su_am_supermarket":57,"t_su_am_gp":61,"t_su_am_pharmacy":66,"t_su_am_secondary_school":64,"t_wd_pm_hospital":null,"t_su_am_hospital":null,"c_gp":6,"c_hospital":36,"c_pharmacy":8,"c_primary_school":4,"c_rail_station":9,"c_secondary_school":8,"c_supermarket":4,"p30_wd_am":1653,"p45_wd_am":3898,"p60_wd_am":10161,"p30_wd_pm":1653,"p45_wd_pm":2616,"p60_wd_pm":6067,"p30_su_am":1653,"p45_su_am":1653,"p60_su_am":2535,"pc30":110241,"pc45":178835,"pc60":184282}},{"type":"Feature","geometry":{"type":"Polygon","coordinates":[[[7.05435,49.57936],[7.06816,49.57972],[7.06762,49.5887],[7.0538,49.58834],[7.05435,49.57936]]]},"properties":{"id":"CRS3035RES1kmN2945000E4108000","pop":23,"ags":"10046114","t_wd_pm_supermarket":28,"t_wd_pm_gp":42,"t_wd_pm_primary_school":42,"t_wd_pm_rail_station":56,"t_wd_pm_pharmacy":57,"t_wd_pm_secondary_school":56,"t_wd_am_primary_school":36,"t_wd_am_rail_station":44,"t_wd_am_supermarket":28,"t_wd_am_hospital":91,"t_wd_am_gp":19,"t_wd_am_pharmacy":45,"t_wd_am_secondary_school":43,"t_su_am_primary_school":60,"t_su_am_rail_station":64,"t_su_am_supermarket":28,"t_su_am_gp":59,"t_su_am_pharmacy":66,"t_su_am_secondary_school":64,"t_wd_pm_hospital":null,"t_su_am_hospital":null,"c_gp":5,"c_hospital":34,"c_pharmacy":8,"c_primary_school":5,"c_rail_station":9,"c_secondary_school":7,"c_supermarket":5,"p30_wd_am":3221,"p45_wd_am":6432,"p60_wd_am":19386,"p30_wd_pm":2418,"p45_wd_pm":3080,"p60_wd_pm":6753,"p30_su_am":2418,"p45_su_am":2418,"p60_su_am":2499,"pc30":126558,"pc45":180019,"pc60":184282}},{"type":"Feature","geometry":{"type":"Polygon","coordinates":[[[7.06816,49.57972],[7.08198,49.58007],[7.08144,49.58906],[7.06762,49.5887],[7.06816,49.57972]]]},"properties":{"id":"CRS3035RES1kmN2945000E4109000","pop":3,"ags":"10046114","t_wd_pm_supermarket":39,"t_wd_pm_gp":42,"t_wd_pm_primary_school":29,"t_wd_pm_rail_station":58,"t_wd_pm_pharmacy":57,"t_wd_pm_secondary_school":56,"t_wd_am_primary_school":29,"t_wd_am_rail_station":36,"t_wd_am_supermarket":39,"t_wd_am_hospital":88,"t_wd_am_gp":32,"t_wd_am_pharmacy":37,"t_wd_am_secondary_school":35,"t_su_am_primary_school":29,"t_su_am_rail_station":64,"t_su_am_supermarket":57,"t_su_am_gp":61,"t_su_am_pharmacy":66,"t_su_am_secondary_school":64,"t_wd_pm_hospital":null,"t_su_am_hospital":null,"c_gp":4,"c_hospital":35,"c_pharmacy":7,"c_primary_school":6,"c_rail_station":8,"c_secondary_school":6,"c_supermarket":6,"p30_wd_am":1653,"p45_wd_am":6028,"p60_wd_am":12508,"p30_wd_pm":1414,"p45_wd_pm":3229,"p60_wd_pm":6753,"p30_su_am":1414,"p45_su_am":1414,"p60_su_am":1414,"pc30":116160,"pc45":179418,"pc60":184282}},{"type":"Feature","geometry":{"type":"Polygon","coordinates":[[[7.08198,49.58007],[7.09579,49.58043],[7.09526,49.58941],[7.08144,49.58906],[7.08198,49.58007]]]},"properties":{"id":"CRS3035RES1kmN2945000E4110000","pop":40,"ags":"10046114","t_wd_pm_supermarket":29,"t_wd_pm_gp":12,"t_wd_pm_primary_school":27,"t_wd_pm_rail_station":25,"t_wd_pm_pharmacy":25,"t_wd_pm_secondary_school":13,"t_wd_am_primary_school":27,"t_wd_am_rail_station":17,"t_wd_am_supermarket":26,"t_wd_am_hospital":81,"t_wd_am_gp":12,"t_wd_am_pharmacy":19,"t_wd_am_secondary_school":13,"t_su_am_primary_school":27,"t_su_am_rail_station":25,"t_su_am_supermarket":29,"t_su_am_gp":12,"t_su_am_pharmacy":25,"t_su_am_secondary_school":13,"t_wd_pm_hospital":null,"t_su_am_hospital":null,"c_gp":1,"c_hospital":31,"c_pharmacy":4,"c_primary_school":4,"c_rail_station":5,"c_secondary_school":3,"c_supermarket":4,"p30_wd_am":2039,"p45_wd_am":6143,"p60_wd_am":29887,"p30_wd_pm":1150,"p45_wd_pm":3350,"p60_wd_pm":14228,"p30_su_am":1150,"p45_su_am":1150,"p60_su_am":1883,"pc30":141918,"pc45":182058,"pc60":184337}},{"type":"Feature","geometry":{"type":"Polygon","coordinates":[[[7.10961,49.58078],[7.12343,49.58114],[7.12289,49.59012],[7.10908,49.58977],[7.10961,49.58078]]]},"properties":{"id":"CRS3035RES1kmN2945000E4112000","pop":172,"ags":"10046114","t_wd_pm_supermarket":4,"t_wd_pm_gp":3,"t_wd_pm_primary_school":30,"t_wd_pm_rail_station":6,"t_wd_pm_pharmacy":3,"t_wd_pm_secondary_school":19,"t_wd_am_primary_school":29,"t_wd_am_rail_station":6,"t_wd_am_supermarket":4,"t_wd_am_hospital":78,"t_wd_am_gp":3,"t_wd_am_pharmacy":3,"t_wd_am_secondary_school":13,"t_su_am_primary_school":41,"t_su_am_rail_station":6,"t_su_am_supermarket":4,"t_su_am_gp":3,"t_su_am_pharmacy":3,"t_su_am_secondary_school":19,"t_wd_pm_hospital":null,"t_su_am_hospital":null,"c_gp":1,"c_hospital":29,"c_pharmacy":1,"c_primary_school":8,"c_rail_station":2,"c_secondary_school":5,"c_supermarket":1,"p30_wd_am":2089,"p45_wd_am":11248,"p60_wd_am":48506,"p30_wd_pm":1176,"p45_wd_pm":13923,"p60_wd_pm":37798,"p30_su_am":792,"p45_su_am":9844,"p60_su_am":27473,"pc30":132943,"pc45":182356,"pc60":184353}},{"type":"Feature","geometry":{"type":"Polygon","coordinates":[[[7.12343,49.58114],[7.13724,49.58149],[7.13671,49.59047],[7.12289,49.59012],[7.12343,49.58114]]]},"properties":{"id":"CRS3035RES1kmN2945000E4113000","pop":74,"ags":"10046114","t_wd_pm_supermarket":10,"t_wd_pm_gp":15,"t_wd_pm_primary_school":30,"t_wd_pm_rail_station":17,"t_wd_pm_pharmacy":15,"t_wd_pm_secondary_school":28,"t_wd_am_primary_school":30,"t_wd_am_rail_station":17,"t_wd_am_supermarket":10,"t_wd_am_hospital":86,"t_wd_am_gp":13,"t_wd_am_pharmacy":15,"t_wd_am_secondary_school":15,"t_su_am_primary_school":61,"t_su_am_rail_station":17,"t_su_am_supermarket":10,"t_su_am_gp":15,"t_su_am_pharmacy":15,"t_su_am_secondary_school":30,"t_wd_pm_hospital":null,"t_su_am_hospital":null,"c_gp":1,"c_hospital":28,"c_pharmacy":1,"c_primary_school":8,"c_rail_station":2,"c_secondary_school":5,"c_supermarket":1,"p30_wd_am":1170,"p45_wd_am":8545,"p60_wd_am":26993,"p30_wd_pm":1130,"p45_wd_pm":6144,"p60_wd_pm":21901,"p30_su_am":746,"p45_su_am":1789,"p60_su_am":2932,"pc30":134634,"pc45":183053,"pc60":184353}},{"type":"Feature","geometry":{"type":"Polygon","coordinates":[[[7.13724,49.58149],[7.15106,49.58184],[7.15053,49.59082],[7.13671,49.59047],[7.13724,49.58149]]]},"properties":{"id":"CRS3035RES1kmN2945000E4114000","pop":659,"ags":"10046114","t_wd_pm_supermarket":14,"t_wd_pm_gp":31,"t_wd_pm_primary_school":43,"t_wd_pm_rail_station":20,"t_wd_pm_pharmacy":13,"t_wd_pm_secondary_school":42,"t_wd_am_primary_school":37,"t_wd_am_rail_station":20,"t_wd_am_supermarket":14,"t_wd_am_hospital":91,"t_wd_am_gp":26,"t_wd_am_pharmacy":13,"t_wd_am_secondary_school":28,"t_su_am_primary_school":66,"t_su_am_rail_station":20,"t_su_am_supermarket":14,"t_su_am_gp":57,"t_su_am_pharmacy":13,"t_su_am_secondary_school":70,"t_wd_pm_hospital":null,"t_su_am_hospital":null,"c_gp":5,"c_hospital":26,"c_pharmacy":1,"c_primary_school":12,"c_rail_station":3,"c_secondary_school":8,"c_supermarket":2,"p30_wd_am":1442,"p45_wd_am":7306,"p60_wd_am":20745,"p30_wd_pm":1043,"p45_wd_pm":2876,"p60_wd_pm":13178,"p30_su_am":1043,"p45_su_am":1043,"p60_su_am":1855,"pc30":125803,"pc45":182912,"pc60":184353}},{"type":"Feature","geometry":{"type":"Polygon","coordinates":[[[6.97089,49.58615],[6.98471,49.58652],[6.98415,49.5955],[6.97033,49.59513],[6.97089,49.58615]]]},"properties":{"id":"CRS3035RES1kmN2946000E4102000","pop":28,"ags":"10046115","t_wd_pm_supermarket":47,"t_wd_pm_gp":27,"t_wd_pm_primary_school":64,"t_wd_pm_rail_station":67,"t_wd_pm_pharmacy":26,"t_wd_pm_secondary_school":67,"t_wd_am_primary_school":29,"t_wd_am_rail_station":61,"t_wd_am_supermarket":25,"t_wd_am_hospital":91,"t_wd_am_gp":27,"t_wd_am_pharmacy":26,"t_wd_am_secondary_school":61,"t_su_am_primary_school":70,"t_su_am_rail_station":73,"t_su_am_supermarket":47,"t_su_am_gp":27,"t_su_am_pharmacy":26,"t_su_am_secondary_school":73,"t_wd_pm_hospital":null,"t_su_am_hospital":null,"c_gp":3,"c_hospital":38,"c_pharmacy":3,"c_primary_school":10,"c_rail_station":17,"c_secondary_school":15,"c_supermarket":5,"p30_wd_am":2856,"p45_wd_am":7564,"p60_wd_am":13699,"p30_wd_pm":728,"p45_wd_pm":728,"p60_wd_pm":4556,"p30_su_am":1046,"p45_su_am":2112,"p60_su_am":4157,"pc30":116358,"pc45":176228,"pc60":183590}},{"type":"Feature","geometry":{"type":"Polygon","coordinates":[[[6.99853,49.58688],[7.01234,49.58725],[7.01179,49.59624],[6.99797,49.59587],[6.99853,49.58688]]]},"properties":{"id":"CRS3035RES1kmN2946000E4104000","pop":13,"ags":"10046115","t_wd_pm_supermarket":49,"t_wd_pm_gp":55,"t_wd_pm_primary_school":55,"t_wd_pm_rail_station":58,"t_wd_pm_pharmacy":57,"t_wd_pm_secondary_school":58,"t_wd_am_primary_school":39,"t_wd_am_rail_station":48,"t_wd_am_supermarket":35,"t_wd_am_hospital":91,"t_wd_am_gp":38,"t_wd_am_pharmacy":37,"t_wd_am_secondary_school":44,"t_su_am_primary_school":61,"t_su_am_rail_station":64,"t_su_am_supermarket":55,"t_su_am_gp":61,"t_su_am_pharmacy":66,"t_su_am_secondary_school":64,"t_wd_pm_hospital":null,"t_su_am_hospital":null,"c_gp":8,"c_hospital":41,"c_pharmacy":8,"c_primary_school":8,"c_rail_station":15,"c_secondary_school":13,"c_supermarket":7,"p30_wd_am":1379,"p45_wd_am":10106,"p60_wd_am":18007,"p30_wd_pm":1379,"p45_wd_pm":1379,"p60_wd_pm":5207,"p30_su_am":1379,"p45_su_am":1379,"p60_su_am":2084,"pc30":112144,"pc45":174864,"pc60":183590}},{"type":"Feature","geometry":{"type":"Polygon","coordinates":[[[7.01234,49.58725],[7.02616,49.58762],[7.02561,49.5966],[7.01179,49.59624],[7.01234,49.58725]]]},"properties":{"id":"CRS3035RES1kmN2946000E4105000","pop":345,"ags":"10046115","t_wd_pm_supermarket":49,"t_wd_pm_gp":55,"t_wd_pm_primary_school":55,"t_wd_pm_rail_station":58,"t_wd_pm_pharmacy":57,"t_wd_pm_secondary_school":58,"t_wd_am_primary_school":35,"t_wd_am_rail_station":45,"t_wd_am_supermarket":30,"t_wd_am_hospital":91,"t_wd_am_gp":38,"t_wd_am_pharmacy":37,"t_wd_am_secondary_school":44,"t_su_am_primary_school":61,"t_su_am_rail_station":64,"t_su_am_supermarket":55,"t_su_am_gp":61,"t_su_am_pharmacy":66,"t_su_am_secondary_school":64,"t_wd_pm_hospital":null,"t_su_am_hospital":null,"c_gp":7,"c_hospital":40,"c_pharmacy":7,"c_primary_school":6,"c_rail_station":13,"c_secondary_school":12,"c_supermarket":5,"p30_wd_am":2066,"p45_wd_am":10185,"p60_wd_am":19230,"p30_wd_pm":736,"p45_wd_pm":736,"p60_wd_pm":4539,"p30_su_am":736,"p45_su_am":736,"p60_su_am":1441,"pc30":113817,"pc45":175646,"pc60":183716}},{"type":"Feature","geometry":{"type":"Polygon","coordinates":[[[7.03998,49.58798],[7.0538,49.58834],[7.05325,49.59732],[7.03943,49.59696],[7.03998,49.58798]]]},"properties":{"id":"CRS3035RES1kmN2946000E4107000","pop":3,"ags":"10046114","t_wd_pm_supermarket":11,"t_wd_pm_gp":55,"t_wd_pm_primary_school":11,"t_wd_pm_rail_station":58,"t_wd_pm_pharmacy":57,"t_wd_pm_secondary_school":58,"t_wd_am_primary_school":11,"t_wd_am_rail_station":43,"t_wd_am_supermarket":11,"t_wd_am_hospital":null,"t_wd_am_gp":39,"t_wd_am_pharmacy":44,"t_wd_am_secondary_school":42,"t_su_am_primary_school":11,"t_su_am_rail_station":64,"t_su_am_supermarket":11,"t_su_am_gp":61,"t_su_am_pharmacy":66,"t_su_am_secondary_school":64,"t_wd_pm_hospital":null,"t_su_am_hospital":null,"c_gp":6,"c_hospital":37,"c_pharmacy":9,"c_primary_school":2,"c_rail_station":10,"c_secondary_school":8,"c_supermarket":4,"p30_wd_am":1593,"p45_wd_am":1851,"p60_wd_am":5885,"p30_wd_pm":1593,"p45_wd_pm":1593,"p60_wd_pm":4544,"p30_su_am":1593,"p45_su_am":1593,"p60_su_am":1636,"pc30":98962,"pc45":177781,"pc60":184282}},{"type":"Feature","geometry":{"type":"Polygon","coordinates":[[[7.0538,49.58834],[7.06762,49.5887],[7.06707,49.59768],[7.05325,49.59732],[7.0538,49.58834]]]},"properties":{"id":"CRS3035RES1kmN2946000E4108000","pop":776,"ags":"10046114","t_wd_pm_supermarket":14,"t_wd_pm_gp":55,"t_wd_pm_primary_school":12,"t_wd_pm_rail_station":58,"t_wd_pm_pharmacy":57,"t_wd_pm_secondary_school":58,"t_wd_am_primary_school":12,"t_wd_am_rail_station":36,"t_wd_am_supermarket":14,"t_wd_am_hospital":null,"t_wd_am_gp":32,"t_wd_am_pharmacy":37,"t_wd_am_secondary_school":35,"t_su_am_primary_school":12,"t_su_am_rail_station":64,"t_su_am_supermarket":14,"t_su_am_gp":61,"t_su_am_pharmacy":66,"t_su_am_secondary_school":64,"t_wd_pm_hospital":null,"t_su_am_hospital":null,"c_gp":7,"c_hospital":37,"c_pharmacy":10,"c_primary_school":5,"c_rail_station":11,"c_secondary_school":9,"c_supermarket":5,"p30_wd_am":1240,"p45_wd_am":2954,"p60_wd_am":6864,"p30_wd_pm":1240,"p45_wd_pm":1619,"p60_wd_pm":4613,"p30_su_am":1240,"p45_su_am":1240,"p60_su_am":1240,"pc30":92432,"pc45":177392,"pc60":183737}},{"type":"Feature","geometry":{"type":"Polygon","coordinates":[[[7.06762,49.5887],[7.08144,49.58906],[7.0809,49.59804],[7.06707,49.59768],[7.06762,49.5887]]]},"properties":{"id":"CRS3035RES1kmN2946000E4109000","pop":68,"ags":"10046114","t_wd_pm_supermarket":14,"t_wd_pm_gp":53,"t_wd_pm_primary_school":12,"t_wd_pm_rail_station":58,"t_wd_pm_pharmacy":57,"t_wd_pm_secondary_school":58,"t_wd_am_primary_school":12,"t_wd_am_rail_station":36,"t_wd_am_supermarket":14,"t_wd_am_hospital":99,"t_wd_am_gp":32,"t_wd_am_pharmacy":37,"t_wd_am_secondary_school":35,"t_su_am_primary_school":12,"t_su_am_rail_station":64,"t_su_am_supermarket":14,"t_su_am_gp":61,"t_su_am_pharmacy":66,"t_su_am_secondary_school":64,"t_wd_pm_hospital":null,"t_su_am_hospital":null,"c_gp":5,"c_hospital":36,"c_pharmacy":8,"c_primary_school":3,"c_rail_station":9,"c_secondary_school":7,"c_supermarket":2,"p30_wd_am":1240,"p45_wd_am":3301,"p60_wd_am":8908,"p30_wd_pm":1240,"p45_wd_pm":1665,"p60_wd_pm":6067,"p30_su_am":1240,"p45_su_am":1286,"p60_su_am":1367,"pc30":116337,"pc45":179470,"pc60":184282}},{"type":"Feature","geometry":{"type":"Polygon","coordinates":[[[6.90123,49.59326],[6.91505,49.59364],[6.91448,49.60262],[6.90066,49.60224],[6.90123,49.59326]]]},"properties":{"id":"CRS3035RES1kmN2947000E4097000","pop":42,"ags":"10046115","t_wd_pm_supermarket":null,"t_wd_pm_gp":null,"t_wd_pm_primary_school":null,"t_wd_pm_rail_station":null,"t_wd_pm_pharmacy":null,"t_wd_pm_secondary_school":null,"t_wd_am_primary_school":47,"t_wd_am_rail_station":67,"t_wd_am_supermarket":32,"t_wd_am_hospital":100,"t_wd_am_gp":37,"t_wd_am_pharmacy":36,"t_wd_am_secondary_school":67,"t_su_am_primary_school":null,"t_su_am_rail_station":null,"t_su_am_supermarket":null,"t_su_am_gp":null,"t_su_am_pharmacy":null,"t_su_am_secondary_school":null,"t_wd_pm_hospital":null,"t_su_am_hospital":null,"c_gp":8,"c_hospital":44,"c_pharmacy":8,"c_primary_school":4,"c_rail_station":19,"c_secondary_school":13,"c_supermarket":7,"p30_wd_am":1161,"p45_wd_am":3170,"p60_wd_am":9742,"p30_wd_pm":701,"p45_wd_pm":701,"p60_wd_pm":701,"p30_su_am":701,"p45_su_am":701,"p60_su_am":701,"pc30":92314,"pc45":170795,"pc60":182879}},{"type":"Feature","geometry":{"type":"Polygon","coordinates":[[[6.91505,49.59364],[6.92887,49.59401],[6.9283,49.603],[6.91448,49.60262],[6.91505,49.59364]]]},"properties":{"id":"CRS3035RES1kmN2947000E4098000","pop":250,"ags":"10046115","t_wd_pm_supermarket":null,"t_wd_pm_gp":null,"t_wd_pm_primary_school":null,"t_wd_pm_rail_station":null,"t_wd_pm_pharmacy":null,"t_wd_pm_secondary_school":null,"t_wd_am_primary_school":42,"t_wd_am_rail_station":62,"t_wd_am_supermarket":29,"t_wd_am_hospital":95,"t_wd_am_gp":32,"t_wd_am_pharmacy":32,"t_wd_am_secondary_school":62,"t_su_am_primary_school":null,"t_su_am_rail_station":null,"t_su_am_supermarket":null,"t_su_am_gp":null,"t_su_am_pharmacy":null,"t_su_am_secondary_school":null,"t_wd_pm_hospital":null,"t_su_am_hospital":null,"c_gp":7,"c_hospital":43,"c_pharmacy":6,"c_primary_school":6,"c_rail_station":18,"c_secondary_school":15,"c_supermarket":6,"p30_wd_am":1894,"p45_wd_am":5303,"p60_wd_am":14467,"p30_wd_pm":701,"p45_wd_pm":701,"p60_wd_pm":701,"p30_su_am":701,"p45_su_am":701,"p60_su_am":701,"pc30":101432,"pc45":171118,"pc60":183590}},{"type":"Feature","geometry":{"type":"Polygon","coordinates":[[[6.97033,49.59513],[6.98415,49.5955],[6.98359,49.60448],[6.96977,49.60412],[6.97033,49.59513]]]},"properties":{"id":"CRS3035RES1kmN2947000E4102000","pop":89,"ags":"10046115","t_wd_pm_supermarket":15,"t_wd_pm_gp":4,"t_wd_pm_primary_school":55,"t_wd_pm_rail_station":58,"t_wd_pm_pharmacy":3,"t_wd_pm_secondary_school":58,"t_wd_am_primary_school":31,"t_wd_am_rail_station":51,"t_wd_am_supermarket":13,"t_wd_am_hospital":91,"t_wd_am_gp":4,"t_wd_am_pharmacy":3,"t_wd_am_secondary_school":51,"t_su_am_primary_school":61,"t_su_am_rail_station":64,"t_su_am_supermarket":15,"t_su_am_gp":4,"t_su_am_pharmacy":3,"t_su_am_secondary_school":64,"t_wd_pm_hospital":null,"t_su_am_hospital":null,"c_gp":1,"c_hospital":40,"c_pharmacy":1,"c_primary_school":9,"c_rail_station":14,"c_secondary_school":13,"c_supermarket":3,"p30_wd_am":6368,"p45_wd_am":8910,"p60_wd_am":14534,"p30_wd_pm":2808,"p45_wd_pm":3183,"p60_wd_pm":5840,"p30_su_am":3174,"p45_su_am":4868,"p60_su_am":6468,"pc30":118682,"pc45":175397,"pc60":183590}},{"type":"Feature","geometry":{"type":"Polygon","coordinates":[[[6.98415,49.5955],[6.99797,49.59587],[6.99741,49.60485],[6.98359,49.60448],[6.98415,49.5955]]]},"properties":{"id":"CRS3035RES1kmN2947000E4103000","pop":607,"ags":"10046115","t_wd_pm_supermarket":5,"t_wd_pm_gp":21,"t_wd_pm_primary_school":55,"t_wd_pm_rail_station":58,"t_wd_pm_pharmacy":20,"t_wd_pm_secondary_school":58,"t_wd_am_primary_school":37,"t_wd_am_rail_station":50,"t_wd_am_supermarket":5,"t_wd_am_hospital":92,"t_wd_am_gp":21,"t_wd_am_pharmacy":20,"t_wd_am_secondary_school":50,"t_su_am_primary_school":61,"t_su_am_rail_station":64,"t_su_am_supermarket":5,"t_su_am_gp":17,"t_su_am_pharmacy":16,"t_su_am_secondary_school":64,"t_wd_pm_hospital":null,"t_su_am_hospital":null,"c_gp":3,"c_hospital":40,"c_pharmacy":3,"c_primary_school":7,"c_rail_station":14,"c_secondary_school":12,"c_supermarket":2,"p30_wd_am":3395,"p45_wd_am":8048,"p60_wd_am":14354,"p30_wd_pm":2016,"p45_wd_pm":2366,"p60_wd_pm":5352,"p30_su_am":3143,"p45_su_am":4436,"p60_su_am":6465,"pc30":115125,"pc45":175312,"pc60":183590}},{"type":"Feature","geometry":{"type":"Polygon","coordinates":[[[6.99797,49.59587],[7.01179,49.59624],[7.01124,49.60522],[6.99741,49.60485],[6.99797,49.59587]]]},"properties":{"id":"CRS3035RES1kmN2947000E4104000","pop":20,"ags":"10046115","t_wd_pm_supermarket":14,"t_wd_pm_gp":30,"t_wd_pm_primary_school":55,"t_wd_pm_rail_station":58,"t_wd_pm_pharmacy":29,"t_wd_pm_secondary_school":58,"t_wd_am_primary_school":46,"t_wd_am_rail_station":53,"t_wd_am_supermarket":14,"t_wd_am_hospital":98,"t_wd_am_gp":30,"t_wd_am_pharmacy":29,"t_wd_am_secondary_school":53,"t_su_am_primary_school":61,"t_su_am_rail_station":64,"t_su_am_supermarket":14,"t_su_am_gp":30,"t_su_am_pharmacy":29,"t_su_am_secondary_school":64,"t_wd_pm_hospital":null,"t_su_am_hospital":null,"c_gp":5,"c_hospital":42,"c_pharmacy":5,"c_primary_school":8,"c_rail_station":15,"c_secondary_school":13,"c_supermarket":5,"p30_wd_am":2829,"p45_wd_am":5679,"p60_wd_am":11320,"p30_wd_pm":1771,"p45_wd_pm":2121,"p60_wd_pm":4551,"p30_su_am":1771,"p45_su_am":1771,"p60_su_am":3429,"pc30":105125,"pc45":173201,"pc60":183590}},{"type":"Feature","geometry":{"type":"Polygon","coordinates":[[[7.01179,49.59624],[7.02561,49.5966],[7.02506,49.60558],[7.01124,49.60522],[7.01179,49.59624]]]},"properties":{"id":"CRS3035RES1kmN2947000E4105000","pop":331,"ags":"10046115","t_wd_pm_supermarket":49,"t_wd_pm_gp":55,"t_wd_pm_primary_school":55,"t_wd_pm_rail_station":58,"t_wd_pm_pharmacy":57,"t_wd_pm_secondary_school":58,"t_wd_am_primary_school":33,"t_wd_am_rail_station":44,"t_wd_am_supermarket":28,"t_wd_am_hospital":91,"t_wd_am_gp":38,"t_wd_am_pharmacy":37,"t_wd_am_secondary_school":43,"t_su_am_primary_school":61,"t_su_am_rail_station":64,"t_su_am_supermarket":55,"t_su_am_gp":61,"t_su_am_pharmacy":66,"t_su_am_secondary_school":64,"t_wd_pm_hospital":null,"t_su_am_hospital":null,"c_gp":6,"c_hospital":39,"c_pharmacy":6,"c_primary_school":6,"c_rail_station":13,"c_secondary_school":11,"c_supermarket":4,"p30_wd_am":2066,"p45_wd_am":8526,"p60_wd_am":15958,"p30_wd_pm":824,"p45_wd_pm":1223,"p60_wd_pm":4539,"p30_su_am":824,"p45_su_am":844,"p60_su_am":1461,"pc30":113920,"pc45":175646,"pc60":183716}},{"type":"Feature","geometry":{"type":"Polygon","coordinates":[[[7.02561,49.5966],[7.03943,49.59696],[7.03888,49.60595],[7.02506,49.60558],[7.02561,49.5966]]]},"properties":{"id":"CRS3035RES1kmN2947000E4106000","pop":19,"ags":"10046115","t_wd_pm_supermarket":49,"t_wd_pm_gp":55,"t_wd_pm_primary_school":55,"t_wd_pm_rail_station":58,"t_wd_pm_pharmacy":57,"t_wd_pm_secondary_school":58,"t_wd_am_primary_school":36,"t_wd_am_rail_station":45,"t_wd_am_supermarket":31,"t_wd_am_hospital":91,"t_wd_am_gp":38,"t_wd_am_pharmacy":37,"t_wd_am_secondary_school":45,"t_su_am_primary_school":61,"t_su_am_rail_station":64,"t_su_am_supermarket":55,"t_su_am_gp":61,"t_su_am_pharmacy":66,"t_su_am_secondary_school":64,"t_wd_pm_hospital":null,"t_su_am_hospital":null,"c_gp":4,"c_hospital":37,"c_pharmacy":4,"c_primary_school":4,"c_rail_station":11,"c_secondary_school":9,"c_supermarket":2,"p30_wd_am":2294,"p45_wd_am":8370,"p60_wd_am":15234,"p30_wd_pm":1052,"p45_wd_pm":1451,"p60_wd_pm":4539,"p30_su_am":1052,"p45_su_am":1072,"p60_su_am":1689,"pc30":120191,"pc45":177627,"pc60":183737}},{"type":"Feature","geometry":{"type":"Polygon","coordinates":[[[7.03943,49.59696],[7.05325,49.59732],[7.05271,49.60631],[7.03888,49.60595],[7.03943,49.59696]]]},"properties":{"id":"CRS3035RES1kmN2947000E4107000","pop":88,"ags":"10046114","t_wd_pm_supermarket":13,"t_wd_pm_gp":55,"t_wd_pm_primary_school":23,"t_wd_pm_rail_station":58,"t_wd_pm_pharmacy":57,"t_wd_pm_secondary_school":58,"t_wd_am_primary_school":23,"t_wd_am_rail_station":37,"t_wd_am_supermarket":13,"t_wd_am_hospital":null,"t_wd_am_gp":33,"t_wd_am_pharmacy":38,"t_wd_am_secondary_school":36,"t_su_am_primary_school":23,"t_su_am_rail_station":64,"t_su_am_supermarket":13,"t_su_am_gp":61,"t_su_am_pharmacy":66,"t_su_am_secondary_school":64,"t_wd_pm_hospital":null,"t_su_am_hospital":null,"c_gp":6,"c_hospital":37,"c_pharmacy":6,"c_primary_school":3,"c_rail_station":10,"c_secondary_school":8,"c_supermarket":2,"p30_wd_am":1978,"p45_wd_am":5044,"p60_wd_am":7680,"p30_wd_pm":1978,"p45_wd_pm":1978,"p60_wd_pm":4539,"p30_su_am":1978,"p45_su_am":1978,"p60_su_am":2361,"pc30":118291,"pc45":178016,"pc60":184224}},{"type":"Feature","geometry":{"type":"Polygon","coordinates":[[[7.05325,49.59732],[7.06707,49.59768],[7.06653,49.60667],[7.05271,49.60631],[7.05325,49.59732]]]},"properties":{"id":"CRS3035RES1kmN2947000E4108000","pop":195,"ags":"10046114","t_wd_pm_supermarket":2,"t_wd_pm_gp":53,"t_wd_pm_primary_school":12,"t_wd_pm_rail_station":56,"t_wd_pm_pharmacy":57,"t_wd_pm_secondary_school":56,"t_wd_am_primary_school":12,"t_wd_am_rail_station":33,"t_wd_am_supermarket":2,"t_wd_am_hospital":null,"t_wd_am_gp":29,"t_wd_am_pharmacy":34,"t_wd_am_secondary_school":32,"t_su_am_primary_school":12,"t_su_am_rail_station":64,"t_su_am_supermarket":2,"t_su_am_gp":61,"t_su_am_pharmacy":66,"t_su_am_secondary_school":64,"t_wd_pm_hospital":null,"t_su_am_hospital":null,"c_gp":5,"c_hospital":36,"c_pharmacy":7,"c_primary_school":2,"c_rail_station":9,"c_secondary_school":7,"c_supermarket":0,"p30_wd_am":1668,"p45_wd_am":3072,"p60_wd_am":6864,"p30_wd_pm":1628,"p45_wd_pm":1650,"p60_wd_pm":4567,"p30_su_am":1628,"p45_su_am":1650,"p60_su_am":1650,"pc30":124021,"pc45":179653,"pc60":184282}},{"type":"Feature","geometry":{"type":"Polygon","coordinates":[[[7.06707,49.59768],[7.0809,49.59804],[7.08036,49.60703],[7.06653,49.60667],[7.06707,49.59768]]]},"properties":{"id":"CRS3035RES1kmN2947000E4109000","pop":76,"ags":"10046114","t_wd_pm_supermarket":18,"t_wd_pm_gp":55,"t_wd_pm_primary_school":16,"t_wd_pm_rail_station":58,"t_wd_pm_pharmacy":57,"t_wd_pm_secondary_school":58,"t_wd_am_primary_school":16,"t_wd_am_rail_station":43,"t_wd_am_supermarket":18,"t_wd_am_hospital":null,"t_wd_am_gp":39,"t_wd_am_pharmacy":44,"t_wd_am_secondary_school":42,"t_su_am_primary_school":16,"t_su_am_rail_station":64,"t_su_am_supermarket":18,"t_su_am_gp":61,"t_su_am_pharmacy":66,"t_su_am_secondary_school":64,"t_wd_pm_hospital":null,"t_su_am_hospital":null,"c_gp":7,"c_hospital":37,"c_pharmacy":9,"c_primary_school":4,"c_rail_station":10,"c_secondary_school":9,"c_supermarket":4,"p30_wd_am":1209,"p45_wd_am":1781,"p60_wd_am":6186,"p30_wd_pm":1209,"p45_wd_pm":1588,"p60_wd_pm":4613,"p30_su_am":1209,"p45_su_am":1209,"p60_su_am":1209,"pc30":99266,"pc45":177781,"pc60":183737}},{"type":"Feature","geometry":{"type":"Polygon","coordinates":[[[6.90066,49.60224],[6.91448,49.60262],[6.91391,49.6116],[6.90008,49.61122],[6.90066,49.60224]]]},"properties":{"id":"CRS3035RES1kmN2948000E4097000","pop":86,"ags":"10046115","t_wd_pm_supermarket":null,"t_wd_pm_gp":null,"t_wd_pm_primary_school":null,"t_wd_pm_rail_station":null,"t_wd_pm_pharmacy":null,"t_wd_pm_secondary_school":null,"t_wd_am_primary_school":51,"t_wd_am_rail_station":71,"t_wd_am_supermarket":34,"t_wd_am_hospital":104,"t_wd_am_gp":39,"t_wd_am_pharmacy":38,"t_wd_am_secondary_school":71,"t_su_am_primary_school":null,"t_su_am_rail_station":null,"t_su_am_supermarket":null,"t_su_am_gp":null,"t_su_am_pharmacy":null,"t_su_am_secondary_school":null,"t_wd_pm_hospital":null,"t_su_am_hospital":null,"c_gp":9,"c_hospital":46,"c_pharmacy":9,"c_primary_school":6,"c_rail_station":20,"c_secondary_school":15,"c_supermarket":9,"p30_wd_am":1158,"p45_wd_am":2340,"p60_wd_am":8110,"p30_wd_pm":701,"p45_wd_pm":701,"p60_wd_pm":701,"p30_su_am":701,"p45_su_am":701,"p60_su_am":701,"pc30":84126,"pc45":165760,"pc60":182287}},{"type":"Feature","geometry":{"type":"Polygon","coordinates":[[[6.91448,49.60262],[6.9283,49.603],[6.92773,49.61198],[6.91391,49.6116],[6.91448,49.60262]]]},"properties":{"id":"CRS3035RES1kmN2948000E4098000","pop":323,"ags":"10046115","t_wd_pm_supermarket":null,"t_wd_pm_gp":null,"t_wd_pm_primary_school":null,"t_wd_pm_rail_station":null,"t_wd_pm_pharmacy":null,"t_wd_pm_secondary_school":null,"t_wd_am_primary_school":41,"t_wd_am_rail_station":61,"t_wd_am_supermarket":29,"t_wd_am_hospital":94,"t_wd_am_gp":31,"t_wd_am_pharmacy":31,"t_wd_am_secondary_school":61,"t_su_am_primary_school":null,"t_su_am_rail_station":null,"t_su_am_supermarket":null,"t_su_am_gp":null,"t_su_am_pharmacy":null,"t_su_am_secondary_school":null,"t_wd_pm_hospital":null,"t_su_am_hospital":null,"c_gp":6,"c_hospital":43,"c_pharmacy":6,"c_primary_school":4,"c_rail_station":18,"c_secondary_school":13,"c_supermarket":6,"p30_wd_am":2139,"p45_wd_am":6137,"p60_wd_am":14470,"p30_wd_pm":701,"p45_wd_pm":701,"p60_wd_pm":701,"p30_su_am":701,"p45_su_am":701,"p60_su_am":701,"pc30":101455,"pc45":171118,"pc60":183590}},{"type":"Feature","geometry":{"type":"Polygon","coordinates":[[[6.94212,49.60337],[6.95595,49.60374],[6.95538,49.61273],[6.94156,49.61235],[6.94212,49.60337]]]},"properties":{"id":"CRS3035RES1kmN2948000E4100000","pop":457,"ags":"10046115","t_wd_pm_supermarket":20,"t_wd_pm_gp":38,"t_wd_pm_primary_school":58,"t_wd_pm_rail_station":61,"t_wd_pm_pharmacy":37,"t_wd_pm_secondary_school":61,"t_wd_am_primary_school":36,"t_wd_am_rail_station":54,"t_wd_am_supermarket":18,"t_wd_am_hospital":91,"t_wd_am_gp":19,"t_wd_am_pharmacy":18,"t_wd_am_secondary_school":53,"t_su_am_primary_school":64,"t_su_am_rail_station":67,"t_su_am_supermarket":20,"t_su_am_gp":38,"t_su_am_pharmacy":37,"t_su_am_secondary_school":67,"t_wd_pm_hospital":null,"t_su_am_hospital":null,"c_gp":5,"c_hospital":41,"c_pharmacy":5,"c_primary_school":8,"c_rail_station":16,"c_secondary_school":14,"c_supermarket":5,"p30_wd_am":2474,"p45_wd_am":7944,"p60_wd_am":13946,"p30_wd_pm":1506,"p45_wd_pm":3264,"p60_wd_pm":5605,"p30_su_am":1506,"p45_su_am":2992,"p60_su_am":4662,"pc30":111466,"pc45":174495,"pc60":183590}},{"type":"Feature","geometry":{"type":"Polygon","coordinates":[[[6.95595,49.60374],[6.96977,49.60412],[6.96921,49.6131],[6.95538,49.61273],[6.95595,49.60374]]]},"properties":{"id":"CRS3035RES1kmN2948000E4101000","pop":733,"ags":"10046115","t_wd_pm_supermarket":8,"t_wd_pm_gp":17,"t_wd_pm_primary_school":55,"t_wd_pm_rail_station":58,"t_wd_pm_pharmacy":16,"t_wd_pm_secondary_school":58,"t_wd_am_primary_school":36,"t_wd_am_rail_station":54,"t_wd_am_supermarket":8,"t_wd_am_hospital":91,"t_wd_am_gp":17,"t_wd_am_pharmacy":16,"t_wd_am_secondary_school":53,"t_su_am_primary_school":61,"t_su_am_rail_station":64,"t_su_am_supermarket":8,"t_su_am_gp":17,"t_su_am_pharmacy":16,"t_su_am_secondary_school":64,"t_wd_pm_hospital":null,"t_su_am_hospital":null,"c_gp":3,"c_hospital":40,"c_pharmacy":3,"c_primary_school":10,"c_rail_station":15,"c_secondary_school":13,"c_supermarket":2,"p30_wd_am":3308,"p45_wd_am":7947,"p60_wd_am":13946,"p30_wd_pm":1595,"p45_wd_pm":3595,"p60_wd_pm":5840,"p30_su_am":1595,"p45_su_am":3232,"p60_su_am":4718,"pc30":113973,"pc45":174562,"pc60":183590}},{"type":"Feature","geometry":{"type":"Polygon","coordinates":[[[6.96977,49.60412],[6.98359,49.60448],[6.98303,49.61347],[6.96921,49.6131],[6.96977,49.60412]]]},"properties":{"id":"CRS3035RES1kmN2948000E4102000","pop":245,"ags":"10046115","t_wd_pm_supermarket":15,"t_wd_pm_gp":7,"t_wd_pm_primary_school":55,"t_wd_pm_rail_station":58,"t_wd_pm_pharmacy":6,"t_wd_pm_secondary_school":58,"t_wd_am_primary_school":30,"t_wd_am_rail_station":52,"t_wd_am_supermarket":15,"t_wd_am_hospital":91,"t_wd_am_gp":7,"t_wd_am_pharmacy":6,"t_wd_am_secondary_school":52,"t_su_am_primary_school":61,"t_su_am_rail_station":64,"t_su_am_supermarket":15,"t_su_am_gp":7,"t_su_am_pharmacy":6,"t_su_am_secondary_school":64,"t_wd_pm_hospital":null,"t_su_am_hospital":null,"c_gp":3,"c_hospital":42,"c_pharmacy":3,"c_primary_school":11,"c_rail_station":16,"c_secondary_school":15,"c_supermarket":4,"p30_wd_am":6822,"p45_wd_am":8845,"p60_wd_am":14109,"p30_wd_pm":3017,"p45_wd_pm":3620,"p60_wd_pm":5840,"p30_su_am":3383,"p45_su_am":4868,"p60_su_am":6468,"pc30":105526,"pc45":172497,"pc60":183590}},{"type":"Feature","geometry":{"type":"Polygon","coordinates":[[[6.98359,49.60448],[6.99741,49.60485],[6.99686,49.61384],[6.98303,49.61347],[6.98359,49.60448]]]},"properties":{"id":"CRS3035RES1kmN2948000E4103000","pop":790,"ags":"10046115","t_wd_pm_supermarket":10,"t_wd_pm_gp":25,"t_wd_pm_primary_school":55,"t_wd_pm_rail_station":58,"t_wd_pm_pharmacy":24,"t_wd_pm_secondary_school":58,"t_wd_am_primary_school":44,"t_wd_am_rail_station":53,"t_wd_am_supermarket":10,"t_wd_am_hospital":97,"t_wd_am_gp":25,"t_wd_am_pharmacy":24,"t_wd_am_secondary_school":52,"t_su_am_primary_school":61,"t_su_am_rail_station":64,"t_su_am_supermarket":10,"t_su_am_gp":25,"t_su_am_pharmacy":24,"t_su_am_secondary_school":64,"t_wd_pm_hospital":null,"t_su_am_hospital":null,"c_gp":4,"c_hospital":41,"c_pharmacy":4,"c_primary_school":8,"c_rail_station":15,"c_secondary_school":14,"c_supermarket":3,"p30_wd_am":3392,"p45_wd_am":6900,"p60_wd_am":11835,"p30_wd_pm":2016,"p45_wd_pm":2366,"p60_wd_pm":5352,"p30_su_am":2016,"p45_su_am":2016,"p60_su_am":4230,"pc30":112048,"pc45":174797,"pc60":183590}},{"type":"Feature","geometry":{"type":"Polygon","coordinates":[[[6.99741,49.60485],[7.01124,49.60522],[7.01068,49.6142],[6.99686,49.61384],[6.99741,49.60485]]]},"properties":{"id":"CRS3035RES1kmN2948000E4104000","pop":228,"ags":"10046115","t_wd_pm_supermarket":13,"t_wd_pm_gp":29,"t_wd_pm_primary_school":55,"t_wd_pm_rail_station":58,"t_wd_pm_pharmacy":28,"t_wd_pm_secondary_school":58,"t_wd_am_primary_school":35,"t_wd_am_rail_station":48,"t_wd_am_supermarket":13,"t_wd_am_hospital":90,"t_wd_am_gp":29,"t_wd_am_pharmacy":28,"t_wd_am_secondary_school":47,"t_su_am_primary_school":61,"t_su_am_rail_station":64,"t_su_am_supermarket":13,"t_su_am_gp":29,"t_su_am_pharmacy":28,"t_su_am_secondary_school":64,"t_wd_pm_hospital":null,"t_su_am_hospital":null,"c_gp":4,"c_hospital":40,"c_pharmacy":3,"c_primary_school":7,"c_rail_station":14,"c_secondary_school":12,"c_supermarket":3,"p30_wd_am":3150,"p45_wd_am":8384,"p60_wd_am":14735,"p30_wd_pm":2121,"p45_wd_pm":2121,"p60_wd_pm":5352,"p30_su_am":2121,"p45_su_am":2366,"p60_su_am":4230,"pc30":115978,"pc45":175609,"pc60":183716}},{"type":"Feature","geometry":{"type":"Polygon","coordinates":[[[7.01124,49.60522],[7.02506,49.60558],[7.02451,49.61457],[7.01068,49.6142],[7.01124,49.60522]]]},"properties":{"id":"CRS3035RES1kmN2948000E4105000","pop":25,"ags":"10046115","t_wd_pm_supermarket":26,"t_wd_pm_gp":54,"t_wd_pm_primary_school":55,"t_wd_pm_rail_station":58,"t_wd_pm_pharmacy":53,"t_wd_pm_secondary_school":58,"t_wd_am_primary_school":39,"t_wd_am_rail_station":50,"t_wd_am_supermarket":26,"t_wd_am_hospital":91,"t_wd_am_gp":38,"t_wd_am_pharmacy":37,"t_wd_am_secondary_school":49,"t_su_am_primary_school":61,"t_su_am_rail_station":64,"t_su_am_supermarket":26,"t_su_am_gp":52,"t_su_am_pharmacy":51,"t_su_am_secondary_school":64,"t_wd_pm_hospital":null,"t_su_am_hospital":null,"c_gp":3,"c_hospital":39,"c_pharmacy":3,"c_primary_school":5,"c_rail_station":12,"c_secondary_school":10,"c_supermarket":3,"p30_wd_am":3061,"p45_wd_am":8263,"p60_wd_am":14559,"p30_wd_pm":2377,"p45_wd_pm":2377,"p60_wd_pm":4551,"p30_su_am":2377,"p45_su_am":2377,"p60_su_am":3429,"pc30":120438,"pc45":175808,"pc60":183737}},{"type":"Feature","geometry":{"type":"Polygon","coordinates":[[[7.03888,49.60595],[7.05271,49.60631],[7.05216,49.61529],[7.03833,49.61493],[7.03888,49.60595]]]},"properties":{"id":"CRS3035RES1kmN2948000E4107000","pop":43,"ags":"10046114","t_wd_pm_supermarket":25,"t_wd_pm_gp":55,"t_wd_pm_primary_school":55,"t_wd_pm_rail_station":58,"t_wd_pm_pharmacy":57,"t_wd_pm_secondary_school":58,"t_wd_am_primary_school":32,"t_wd_am_rail_station":43,"t_wd_am_supermarket":25,"t_wd_am_hospital":null,"t_wd_am_gp":39,"t_wd_am_pharmacy":44,"t_wd_am_secondary_school":42,"t_su_am_primary_school":61,"t_su_am_rail_station":64,"t_su_am_supermarket":25,"t_su_am_gp":61,"t_su_am_pharmacy":66,"t_su_am_secondary_school":64,"t_wd_pm_hospital":null,"t_su_am_hospital":null,"c_gp":9,"c_hospital":40,"c_pharmacy":9,"c_primary_school":6,"c_rail_station":13,"c_secondary_school":12,"c_supermarket":5,"p30_wd_am":705,"p45_wd_am":1843,"p60_wd_am":5885,"p30_wd_pm":705,"p45_wd_pm":705,"p60_wd_pm":4536,"p30_su_am":705,"p45_su_am":705,"p60_su_am":705,"pc30":97494,"pc45":175501,"pc60":183716}},{"type":"Feature","geometry":{"type":"Polygon","coordinates":[[[7.05271,49.60631],[7.06653,49.60667],[7.06599,49.61565],[7.05216,49.61529],[7.05271,49.60631]]]},"properties":{"id":"CRS3035RES1kmN2948000E4108000","pop":379,"ags":"10046114","t_wd_pm_supermarket":20,"t_wd_pm_gp":55,"t_wd_pm_primary_school":30,"t_wd_pm_rail_station":58,"t_wd_pm_pharmacy":57,"t_wd_pm_secondary_school":58,"t_wd_am_primary_school":27,"t_wd_am_rail_station":38,"t_wd_am_supermarket":20,"t_wd_am_hospital":null,"t_wd_am_gp":34,"t_wd_am_pharmacy":39,"t_wd_am_secondary_school":37,"t_su_am_primary_school":30,"t_su_am_rail_station":64,"t_su_am_supermarket":20,"t_su_am_gp":61,"t_su_am_pharmacy":66,"t_su_am_secondary_school":64,"t_wd_pm_hospital":null,"t_su_am_hospital":null,"c_gp":7,"c_hospital":38,"c_pharmacy":7,"c_primary_school":5,"c_rail_station":12,"c_secondary_school":10,"c_supermarket":3,"p30_wd_am":1552,"p45_wd_am":2794,"p60_wd_am":6965,"p30_wd_pm":708,"p45_wd_pm":809,"p60_wd_pm":4637,"p30_su_am":708,"p45_su_am":809,"p60_su_am":809,"pc30":112291,"pc45":175808,"pc60":183737}},{"type":"Feature","geometry":{"type":"Polygon","coordinates":[[[6.94156,49.61235],[6.95538,49.61273],[6.95482,49.62171],[6.94099,49.62134],[6.94156,49.61235]]]},"properties":{"id":"CRS3035RES1kmN2949000E4100000","pop":3,"ags":"10046115","t_wd_pm_supermarket":29,"t_wd_pm_gp":46,"t_wd_pm_primary_school":66,"t_wd_pm_rail_station":69,"t_wd_pm_pharmacy":45,"t_wd_pm_secondary_school":69,"t_wd_am_primary_school":43,"t_wd_am_rail_station":59,"t_wd_am_supermarket":27,"t_wd_am_hospital":96,"t_wd_am_gp":28,"t_wd_am_pharmacy":28,"t_wd_am_secondary_school":58,"t_su_am_primary_school":72,"t_su_am_rail_station":75,"t_su_am_supermarket":29,"t_su_am_gp":46,"t_su_am_pharmacy":45,"t_su_am_secondary_school":75,"t_wd_pm_hospital":null,"t_su_am_hospital":null,"c_gp":6,"c_hospital":43,"c_pharmacy":6,"c_primary_school":8,"c_rail_station":17,"c_secondary_school":15,"c_supermarket":6,"p30_wd_am":1527,"p45_wd_am":6117,"p60_wd_am":12461,"p30_wd_pm":1193,"p45_wd_pm":1193,"p60_wd_pm":4622,"p30_su_am":1193,"p45_su_am":1193,"p60_su_am":3296,"pc30":101861,"pc45":171887,"pc60":183590}},{"type":"Feature","geometry":{"type":"Polygon","coordinates":[[[6.95538,49.61273],[6.96921,49.6131],[6.96864,49.62208],[6.95482,49.62171],[6.95538,49.61273]]]},"properties":{"id":"CRS3035RES1kmN2949000E4101000","pop":68,"ags":"10046115","t_wd_pm_supermarket":6,"t_wd_pm_gp":22,"t_wd_pm_primary_school":55,"t_wd_pm_rail_station":58,"t_wd_pm_pharmacy":21,"t_wd_pm_secondary_school":58,"t_wd_am_primary_school":41,"t_wd_am_rail_station":56,"t_wd_am_supermarket":6,"t_wd_am_hospital":94,"t_wd_am_gp":22,"t_wd_am_pharmacy":21,"t_wd_am_secondary_school":55,"t_su_am_primary_school":61,"t_su_am_rail_station":64,"t_su_am_supermarket":6,"t_su_am_gp":22,"t_su_am_pharmacy":21,"t_su_am_secondary_school":64,"t_wd_pm_hospital":null,"t_su_am_hospital":null,"c_gp":3,"c_hospital":41,"c_pharmacy":3,"c_primary_school":10,"c_rail_station":15,"c_secondary_school":13,"c_supermarket":2,"p30_wd_am":2427,"p45_wd_am":7487,"p60_wd_am":13054,"p30_wd_pm":1592,"p45_wd_pm":3592,"p60_wd_pm":5840,"p30_su_am":1592,"p45_su_am":3229,"p60_su_am":4718,"pc30":113973,"pc45":174562,"pc60":183590}},{"type":"Feature","geometry":{"type":"Polygon","coordinates":[[[6.99686,49.61384],[7.01068,49.6142],[7.01013,49.62319],[6.9963,49.62282],[6.99686,49.61384]]]},"properties":{"id":"CRS3035RES1kmN2949000E4104000","pop":12,"ags":"10046115","t_wd_pm_supermarket":23,"t_wd_pm_gp":49,"t_wd_pm_primary_school":55,"t_wd_pm_rail_station":58,"t_wd_pm_pharmacy":48,"t_wd_pm_secondary_school":58,"t_wd_am_primary_school":50,"t_wd_am_rail_station":56,"t_wd_am_supermarket":23,"t_wd_am_hospital":104,"t_wd_am_gp":39,"t_wd_am_pharmacy":38,"t_wd_am_secondary_school":56,"t_su_am_primary_school":61,"t_su_am_rail_station":64,"t_su_am_supermarket":23,"t_su_am_gp":46,"t_su_am_pharmacy":45,"t_su_am_secondary_school":64,"t_wd_pm_hospital":null,"t_su_am_hospital":null,"c_gp":5,"c_hospital":42,"c_pharmacy":4,"c_primary_school":9,"c_rail_station":16,"c_secondary_school":14,"c_supermarket":4,"p30_wd_am":1701,"p45_wd_am":4793,"p60_wd_am":9200,"p30_wd_pm":1682,"p45_wd_pm":2035,"p60_wd_pm":4554,"p30_su_am":1682,"p45_su_am":1774,"p60_su_am":3432,"pc30":106264,"pc45":172838,"pc60":183590}}]}
